ISO-10303-21;
HEADER;
FILE_DESCRIPTION(('FreeCAD Model'),'2;1');
FILE_NAME('Open CASCADE Shape Model','2025-12-30T07:33:11',(''),(''),
  'Open CASCADE STEP processor 7.8','FreeCAD','Unknown');
FILE_SCHEMA((
'AP242_MANAGED_MODEL_BASED_3D_ENGINEERING_MIM_LF. {1 0 10303 442 1 1 4 
}'));
ENDSEC;
DATA;
#1 = APPLICATION_PROTOCOL_DEFINITION('international standard',
  'ap242_managed_model_based_3d_engineering',2013,#2);
#2 = APPLICATION_CONTEXT('Managed model based 3d engineering');
#3 = SHAPE_DEFINITION_REPRESENTATION(#4,#10);
#4 = PRODUCT_DEFINITION_SHAPE('','',#5);
#5 = PRODUCT_DEFINITION('design','',#6,#9);
#6 = PRODUCT_DEFINITION_FORMATION('','',#7);
#7 = PRODUCT('container001','container001','',(#8));
#8 = PRODUCT_CONTEXT('',#2,'mechanical');
#9 = PRODUCT_DEFINITION_CONTEXT('part definition',#2,'design');
#10 = SHAPE_REPRESENTATION('',(#11,#15,#19,#23),#27);
#11 = AXIS2_PLACEMENT_3D('',#12,#13,#14);
#12 = CARTESIAN_POINT('',(0.,0.,0.));
#13 = DIRECTION('',(0.,0.,1.));
#14 = DIRECTION('',(1.,0.,-0.));
#15 = AXIS2_PLACEMENT_3D('',#16,#17,#18);
#16 = CARTESIAN_POINT('',(0.,0.,0.));
#17 = DIRECTION('',(0.,0.,1.));
#18 = DIRECTION('',(1.,0.,0.));
#19 = AXIS2_PLACEMENT_3D('',#20,#21,#22);
#20 = CARTESIAN_POINT('',(0.,0.,52.));
#21 = DIRECTION('',(0.,0.,1.));
#22 = DIRECTION('',(1.,0.,0.));
#23 = AXIS2_PLACEMENT_3D('',#24,#25,#26);
#24 = CARTESIAN_POINT('',(0.,0.,-46.));
#25 = DIRECTION('',(0.,0.,1.));
#26 = DIRECTION('',(1.,0.,0.));
#27 = ( GEOMETRIC_REPRESENTATION_CONTEXT(3) 
GLOBAL_UNCERTAINTY_ASSIGNED_CONTEXT((#31)) GLOBAL_UNIT_ASSIGNED_CONTEXT(
(#28,#29,#30)) REPRESENTATION_CONTEXT('Context #1',
  '3D Context with UNIT and UNCERTAINTY') );
#28 = ( LENGTH_UNIT() NAMED_UNIT(*) SI_UNIT(.MILLI.,.METRE.) );
#29 = ( NAMED_UNIT(*) PLANE_ANGLE_UNIT() SI_UNIT($,.RADIAN.) );
#30 = ( NAMED_UNIT(*) SI_UNIT($,.STERADIAN.) SOLID_ANGLE_UNIT() );
#31 = UNCERTAINTY_MEASURE_WITH_UNIT(LENGTH_MEASURE(1.E-07),#28,
  'distance_accuracy_value','confusion accuracy');
#32 = PRODUCT_RELATED_PRODUCT_CATEGORY('part',$,(#7));
#33 = SHAPE_DEFINITION_REPRESENTATION(#34,#40);
#34 = PRODUCT_DEFINITION_SHAPE('','',#35);
#35 = PRODUCT_DEFINITION('design','',#36,#39);
#36 = PRODUCT_DEFINITION_FORMATION('','',#37);
#37 = PRODUCT('shoulder','shoulder','',(#38));
#38 = PRODUCT_CONTEXT('',#2,'mechanical');
#39 = PRODUCT_DEFINITION_CONTEXT('part definition',#2,'design');
#40 = ADVANCED_BREP_SHAPE_REPRESENTATION('',(#11,#41),#2471);
#41 = MANIFOLD_SOLID_BREP('',#42);
#42 = CLOSED_SHELL('',(#43,#235,#290,#345,#395,#445,#495,#545,#600,#647,
    #702,#1522,#1557,#1801,#1831,#2003,#2175,#2410));
#43 = ADVANCED_FACE('',(#44,#80,#111,#142,#173,#204),#57,.T.);
#44 = FACE_BOUND('',#45,.F.);
#45 = EDGE_LOOP('',(#46));
#46 = ORIENTED_EDGE('',*,*,#47,.F.);
#47 = EDGE_CURVE('',#48,#48,#50,.T.);
#48 = VERTEX_POINT('',#49);
#49 = CARTESIAN_POINT('',(67.,-8.881784197001E-15,-40.));
#50 = SURFACE_CURVE('',#51,(#56,#68),.PCURVE_S1.);
#51 = CIRCLE('',#52,67.);
#52 = AXIS2_PLACEMENT_3D('',#53,#54,#55);
#53 = CARTESIAN_POINT('',(0.,-8.881784197001E-15,-40.));
#54 = DIRECTION('',(0.,-2.22044604925E-16,-1.));
#55 = DIRECTION('',(1.,0.,0.));
#56 = PCURVE('',#57,#62);
#57 = PLANE('',#58);
#58 = AXIS2_PLACEMENT_3D('',#59,#60,#61);
#59 = CARTESIAN_POINT('',(0.,-8.881784197001E-15,-40.));
#60 = DIRECTION('',(0.,-2.22044604925E-16,-1.));
#61 = DIRECTION('',(1.,0.,0.));
#62 = DEFINITIONAL_REPRESENTATION('',(#63),#67);
#63 = CIRCLE('',#64,67.);
#64 = AXIS2_PLACEMENT_2D('',#65,#66);
#65 = CARTESIAN_POINT('',(0.,0.));
#66 = DIRECTION('',(1.,-0.));
#67 = ( GEOMETRIC_REPRESENTATION_CONTEXT(2) 
PARAMETRIC_REPRESENTATION_CONTEXT() REPRESENTATION_CONTEXT('2D SPACE',''
  ) );
#68 = PCURVE('',#69,#74);
#69 = CONICAL_SURFACE('',#70,67.,0.785398163397);
#70 = AXIS2_PLACEMENT_3D('',#71,#72,#73);
#71 = CARTESIAN_POINT('',(0.,-8.881784197001E-15,-40.));
#72 = DIRECTION('',(0.,2.22044604925E-16,1.));
#73 = DIRECTION('',(1.,0.,0.));
#74 = DEFINITIONAL_REPRESENTATION('',(#75),#79);
#75 = LINE('',#76,#77);
#76 = CARTESIAN_POINT('',(-0.,0.));
#77 = VECTOR('',#78,1.);
#78 = DIRECTION('',(-1.,0.));
#79 = ( GEOMETRIC_REPRESENTATION_CONTEXT(2) 
PARAMETRIC_REPRESENTATION_CONTEXT() REPRESENTATION_CONTEXT('2D SPACE',''
  ) );
#80 = FACE_BOUND('',#81,.F.);
#81 = EDGE_LOOP('',(#82));
#82 = ORIENTED_EDGE('',*,*,#83,.T.);
#83 = EDGE_CURVE('',#84,#84,#86,.T.);
#84 = VERTEX_POINT('',#85);
#85 = CARTESIAN_POINT('',(1.5,60.,-40.));
#86 = SURFACE_CURVE('',#87,(#92,#99),.PCURVE_S1.);
#87 = CIRCLE('',#88,1.5);
#88 = AXIS2_PLACEMENT_3D('',#89,#90,#91);
#89 = CARTESIAN_POINT('',(0.,60.,-40.));
#90 = DIRECTION('',(0.,-4.930380657631E-32,-1.));
#91 = DIRECTION('',(1.,0.,0.));
#92 = PCURVE('',#57,#93);
#93 = DEFINITIONAL_REPRESENTATION('',(#94),#98);
#94 = CIRCLE('',#95,1.5);
#95 = AXIS2_PLACEMENT_2D('',#96,#97);
#96 = CARTESIAN_POINT('',(0.,-60.));
#97 = DIRECTION('',(1.,-0.));
#98 = ( GEOMETRIC_REPRESENTATION_CONTEXT(2) 
PARAMETRIC_REPRESENTATION_CONTEXT() REPRESENTATION_CONTEXT('2D SPACE',''
  ) );
#99 = PCURVE('',#100,#105);
#100 = CYLINDRICAL_SURFACE('',#101,1.5);
#101 = AXIS2_PLACEMENT_3D('',#102,#103,#104);
#102 = CARTESIAN_POINT('',(0.,60.,-40.));
#103 = DIRECTION('',(0.,-4.930380657631E-32,-1.));
#104 = DIRECTION('',(1.,0.,0.));
#105 = DEFINITIONAL_REPRESENTATION('',(#106),#110);
#106 = LINE('',#107,#108);
#107 = CARTESIAN_POINT('',(0.,0.));
#108 = VECTOR('',#109,1.);
#109 = DIRECTION('',(1.,0.));
#110 = ( GEOMETRIC_REPRESENTATION_CONTEXT(2) 
PARAMETRIC_REPRESENTATION_CONTEXT() REPRESENTATION_CONTEXT('2D SPACE',''
  ) );
#111 = FACE_BOUND('',#112,.F.);
#112 = EDGE_LOOP('',(#113));
#113 = ORIENTED_EDGE('',*,*,#114,.T.);
#114 = EDGE_CURVE('',#115,#115,#117,.T.);
#115 = VERTEX_POINT('',#116);
#116 = CARTESIAN_POINT('',(61.500001,-8.881784197001E-15,-40.));
#117 = SURFACE_CURVE('',#118,(#123,#130),.PCURVE_S1.);
#118 = CIRCLE('',#119,1.5);
#119 = AXIS2_PLACEMENT_3D('',#120,#121,#122);
#120 = CARTESIAN_POINT('',(60.000001,-7.105427357601E-15,-40.));
#121 = DIRECTION('',(0.,-4.930380657631E-32,-1.));
#122 = DIRECTION('',(1.,0.,0.));
#123 = PCURVE('',#57,#124);
#124 = DEFINITIONAL_REPRESENTATION('',(#125),#129);
#125 = CIRCLE('',#126,1.5);
#126 = AXIS2_PLACEMENT_2D('',#127,#128);
#127 = CARTESIAN_POINT('',(60.000001,-1.7763568394E-15));
#128 = DIRECTION('',(1.,-0.));
#129 = ( GEOMETRIC_REPRESENTATION_CONTEXT(2) 
PARAMETRIC_REPRESENTATION_CONTEXT() REPRESENTATION_CONTEXT('2D SPACE',''
  ) );
#130 = PCURVE('',#131,#136);
#131 = CYLINDRICAL_SURFACE('',#132,1.5);
#132 = AXIS2_PLACEMENT_3D('',#133,#134,#135);
#133 = CARTESIAN_POINT('',(60.000001,-8.881784197001E-15,-40.));
#134 = DIRECTION('',(0.,-4.930380657631E-32,-1.));
#135 = DIRECTION('',(1.,0.,0.));
#136 = DEFINITIONAL_REPRESENTATION('',(#137),#141);
#137 = LINE('',#138,#139);
#138 = CARTESIAN_POINT('',(0.,0.));
#139 = VECTOR('',#140,1.);
#140 = DIRECTION('',(1.,0.));
#141 = ( GEOMETRIC_REPRESENTATION_CONTEXT(2) 
PARAMETRIC_REPRESENTATION_CONTEXT() REPRESENTATION_CONTEXT('2D SPACE',''
  ) );
#142 = FACE_BOUND('',#143,.F.);
#143 = EDGE_LOOP('',(#144));
#144 = ORIENTED_EDGE('',*,*,#145,.T.);
#145 = EDGE_CURVE('',#146,#146,#148,.T.);
#146 = VERTEX_POINT('',#147);
#147 = CARTESIAN_POINT('',(53.,-8.881784197001E-15,-40.));
#148 = SURFACE_CURVE('',#149,(#154,#161),.PCURVE_S1.);
#149 = CIRCLE('',#150,53.);
#150 = AXIS2_PLACEMENT_3D('',#151,#152,#153);
#151 = CARTESIAN_POINT('',(0.,-8.881784197001E-15,-40.));
#152 = DIRECTION('',(0.,-2.22044604925E-16,-1.));
#153 = DIRECTION('',(1.,0.,0.));
#154 = PCURVE('',#57,#155);
#155 = DEFINITIONAL_REPRESENTATION('',(#156),#160);
#156 = CIRCLE('',#157,53.);
#157 = AXIS2_PLACEMENT_2D('',#158,#159);
#158 = CARTESIAN_POINT('',(0.,0.));
#159 = DIRECTION('',(1.,-0.));
#160 = ( GEOMETRIC_REPRESENTATION_CONTEXT(2) 
PARAMETRIC_REPRESENTATION_CONTEXT() REPRESENTATION_CONTEXT('2D SPACE',''
  ) );
#161 = PCURVE('',#162,#167);
#162 = CYLINDRICAL_SURFACE('',#163,53.);
#163 = AXIS2_PLACEMENT_3D('',#164,#165,#166);
#164 = CARTESIAN_POINT('',(0.,-8.881784197001E-15,-40.));
#165 = DIRECTION('',(0.,2.22044604925E-16,1.));
#166 = DIRECTION('',(1.,0.,0.));
#167 = DEFINITIONAL_REPRESENTATION('',(#168),#172);
#168 = LINE('',#169,#170);
#169 = CARTESIAN_POINT('',(-0.,0.));
#170 = VECTOR('',#171,1.);
#171 = DIRECTION('',(-1.,0.));
#172 = ( GEOMETRIC_REPRESENTATION_CONTEXT(2) 
PARAMETRIC_REPRESENTATION_CONTEXT() REPRESENTATION_CONTEXT('2D SPACE',''
  ) );
#173 = FACE_BOUND('',#174,.F.);
#174 = EDGE_LOOP('',(#175));
#175 = ORIENTED_EDGE('',*,*,#176,.T.);
#176 = EDGE_CURVE('',#177,#177,#179,.T.);
#177 = VERTEX_POINT('',#178);
#178 = CARTESIAN_POINT('',(-58.5,-8.881784197001E-15,-40.));
#179 = SURFACE_CURVE('',#180,(#185,#192),.PCURVE_S1.);
#180 = CIRCLE('',#181,1.5);
#181 = AXIS2_PLACEMENT_3D('',#182,#183,#184);
#182 = CARTESIAN_POINT('',(-60.,-7.105427357601E-15,-40.));
#183 = DIRECTION('',(0.,-4.930380657631E-32,-1.));
#184 = DIRECTION('',(1.,0.,0.));
#185 = PCURVE('',#57,#186);
#186 = DEFINITIONAL_REPRESENTATION('',(#187),#191);
#187 = CIRCLE('',#188,1.5);
#188 = AXIS2_PLACEMENT_2D('',#189,#190);
#189 = CARTESIAN_POINT('',(-60.,-1.7763568394E-15));
#190 = DIRECTION('',(1.,-0.));
#191 = ( GEOMETRIC_REPRESENTATION_CONTEXT(2) 
PARAMETRIC_REPRESENTATION_CONTEXT() REPRESENTATION_CONTEXT('2D SPACE',''
  ) );
#192 = PCURVE('',#193,#198);
#193 = CYLINDRICAL_SURFACE('',#194,1.5);
#194 = AXIS2_PLACEMENT_3D('',#195,#196,#197);
#195 = CARTESIAN_POINT('',(-60.,-8.881784197001E-15,-40.));
#196 = DIRECTION('',(0.,-4.930380657631E-32,-1.));
#197 = DIRECTION('',(1.,0.,0.));
#198 = DEFINITIONAL_REPRESENTATION('',(#199),#203);
#199 = LINE('',#200,#201);
#200 = CARTESIAN_POINT('',(0.,0.));
#201 = VECTOR('',#202,1.);
#202 = DIRECTION('',(1.,0.));
#203 = ( GEOMETRIC_REPRESENTATION_CONTEXT(2) 
PARAMETRIC_REPRESENTATION_CONTEXT() REPRESENTATION_CONTEXT('2D SPACE',''
  ) );
#204 = FACE_BOUND('',#205,.F.);
#205 = EDGE_LOOP('',(#206));
#206 = ORIENTED_EDGE('',*,*,#207,.T.);
#207 = EDGE_CURVE('',#208,#208,#210,.T.);
#208 = VERTEX_POINT('',#209);
#209 = CARTESIAN_POINT('',(1.5,-60.,-40.));
#210 = SURFACE_CURVE('',#211,(#216,#223),.PCURVE_S1.);
#211 = CIRCLE('',#212,1.5);
#212 = AXIS2_PLACEMENT_3D('',#213,#214,#215);
#213 = CARTESIAN_POINT('',(0.,-60.,-40.));
#214 = DIRECTION('',(0.,-4.930380657631E-32,-1.));
#215 = DIRECTION('',(1.,0.,0.));
#216 = PCURVE('',#57,#217);
#217 = DEFINITIONAL_REPRESENTATION('',(#218),#222);
#218 = CIRCLE('',#219,1.5);
#219 = AXIS2_PLACEMENT_2D('',#220,#221);
#220 = CARTESIAN_POINT('',(0.,60.));
#221 = DIRECTION('',(1.,-0.));
#222 = ( GEOMETRIC_REPRESENTATION_CONTEXT(2) 
PARAMETRIC_REPRESENTATION_CONTEXT() REPRESENTATION_CONTEXT('2D SPACE',''
  ) );
#223 = PCURVE('',#224,#229);
#224 = CYLINDRICAL_SURFACE('',#225,1.5);
#225 = AXIS2_PLACEMENT_3D('',#226,#227,#228);
#226 = CARTESIAN_POINT('',(0.,-60.,-40.));
#227 = DIRECTION('',(0.,-4.930380657631E-32,-1.));
#228 = DIRECTION('',(1.,0.,0.));
#229 = DEFINITIONAL_REPRESENTATION('',(#230),#234);
#230 = LINE('',#231,#232);
#231 = CARTESIAN_POINT('',(0.,0.));
#232 = VECTOR('',#233,1.);
#233 = DIRECTION('',(1.,0.));
#234 = ( GEOMETRIC_REPRESENTATION_CONTEXT(2) 
PARAMETRIC_REPRESENTATION_CONTEXT() REPRESENTATION_CONTEXT('2D SPACE',''
  ) );
#235 = ADVANCED_FACE('',(#236),#69,.T.);
#236 = FACE_BOUND('',#237,.F.);
#237 = EDGE_LOOP('',(#238,#239,#262,#289));
#238 = ORIENTED_EDGE('',*,*,#47,.T.);
#239 = ORIENTED_EDGE('',*,*,#240,.T.);
#240 = EDGE_CURVE('',#48,#241,#243,.T.);
#241 = VERTEX_POINT('',#242);
#242 = CARTESIAN_POINT('',(68.,-8.659739592076E-15,-39.));
#243 = SEAM_CURVE('',#244,(#248,#255),.PCURVE_S1.);
#244 = LINE('',#245,#246);
#245 = CARTESIAN_POINT('',(67.,-8.881784197001E-15,-40.));
#246 = VECTOR('',#247,1.);
#247 = DIRECTION('',(0.707106781187,1.570092458684E-16,0.707106781187));
#248 = PCURVE('',#69,#249);
#249 = DEFINITIONAL_REPRESENTATION('',(#250),#254);
#250 = LINE('',#251,#252);
#251 = CARTESIAN_POINT('',(-0.,0.));
#252 = VECTOR('',#253,1.);
#253 = DIRECTION('',(-0.,1.));
#254 = ( GEOMETRIC_REPRESENTATION_CONTEXT(2) 
PARAMETRIC_REPRESENTATION_CONTEXT() REPRESENTATION_CONTEXT('2D SPACE',''
  ) );
#255 = PCURVE('',#69,#256);
#256 = DEFINITIONAL_REPRESENTATION('',(#257),#261);
#257 = LINE('',#258,#259);
#258 = CARTESIAN_POINT('',(-6.28318530718,0.));
#259 = VECTOR('',#260,1.);
#260 = DIRECTION('',(-0.,1.));
#261 = ( GEOMETRIC_REPRESENTATION_CONTEXT(2) 
PARAMETRIC_REPRESENTATION_CONTEXT() REPRESENTATION_CONTEXT('2D SPACE',''
  ) );
#262 = ORIENTED_EDGE('',*,*,#263,.F.);
#263 = EDGE_CURVE('',#241,#241,#264,.T.);
#264 = SURFACE_CURVE('',#265,(#270,#277),.PCURVE_S1.);
#265 = CIRCLE('',#266,68.);
#266 = AXIS2_PLACEMENT_3D('',#267,#268,#269);
#267 = CARTESIAN_POINT('',(0.,-8.659739592076E-15,-39.));
#268 = DIRECTION('',(0.,-2.22044604925E-16,-1.));
#269 = DIRECTION('',(1.,0.,0.));
#270 = PCURVE('',#69,#271);
#271 = DEFINITIONAL_REPRESENTATION('',(#272),#276);
#272 = LINE('',#273,#274);
#273 = CARTESIAN_POINT('',(-0.,1.));
#274 = VECTOR('',#275,1.);
#275 = DIRECTION('',(-1.,0.));
#276 = ( GEOMETRIC_REPRESENTATION_CONTEXT(2) 
PARAMETRIC_REPRESENTATION_CONTEXT() REPRESENTATION_CONTEXT('2D SPACE',''
  ) );
#277 = PCURVE('',#278,#283);
#278 = CYLINDRICAL_SURFACE('',#279,68.);
#279 = AXIS2_PLACEMENT_3D('',#280,#281,#282);
#280 = CARTESIAN_POINT('',(0.,1.110223024625E-14,50.));
#281 = DIRECTION('',(0.,-2.22044604925E-16,-1.));
#282 = DIRECTION('',(1.,0.,0.));
#283 = DEFINITIONAL_REPRESENTATION('',(#284),#288);
#284 = LINE('',#285,#286);
#285 = CARTESIAN_POINT('',(0.,89.));
#286 = VECTOR('',#287,1.);
#287 = DIRECTION('',(1.,0.));
#288 = ( GEOMETRIC_REPRESENTATION_CONTEXT(2) 
PARAMETRIC_REPRESENTATION_CONTEXT() REPRESENTATION_CONTEXT('2D SPACE',''
  ) );
#289 = ORIENTED_EDGE('',*,*,#240,.F.);
#290 = ADVANCED_FACE('',(#291),#100,.F.);
#291 = FACE_BOUND('',#292,.F.);
#292 = EDGE_LOOP('',(#293,#294,#317,#344));
#293 = ORIENTED_EDGE('',*,*,#83,.F.);
#294 = ORIENTED_EDGE('',*,*,#295,.T.);
#295 = EDGE_CURVE('',#84,#296,#298,.T.);
#296 = VERTEX_POINT('',#297);
#297 = CARTESIAN_POINT('',(1.5,60.,-37.));
#298 = SEAM_CURVE('',#299,(#303,#310),.PCURVE_S1.);
#299 = LINE('',#300,#301);
#300 = CARTESIAN_POINT('',(1.5,60.,-40.));
#301 = VECTOR('',#302,1.);
#302 = DIRECTION('',(0.,4.930380657631E-32,1.));
#303 = PCURVE('',#100,#304);
#304 = DEFINITIONAL_REPRESENTATION('',(#305),#309);
#305 = LINE('',#306,#307);
#306 = CARTESIAN_POINT('',(6.28318530718,0.));
#307 = VECTOR('',#308,1.);
#308 = DIRECTION('',(0.,-1.));
#309 = ( GEOMETRIC_REPRESENTATION_CONTEXT(2) 
PARAMETRIC_REPRESENTATION_CONTEXT() REPRESENTATION_CONTEXT('2D SPACE',''
  ) );
#310 = PCURVE('',#100,#311);
#311 = DEFINITIONAL_REPRESENTATION('',(#312),#316);
#312 = LINE('',#313,#314);
#313 = CARTESIAN_POINT('',(0.,0.));
#314 = VECTOR('',#315,1.);
#315 = DIRECTION('',(0.,-1.));
#316 = ( GEOMETRIC_REPRESENTATION_CONTEXT(2) 
PARAMETRIC_REPRESENTATION_CONTEXT() REPRESENTATION_CONTEXT('2D SPACE',''
  ) );
#317 = ORIENTED_EDGE('',*,*,#318,.T.);
#318 = EDGE_CURVE('',#296,#296,#319,.T.);
#319 = SURFACE_CURVE('',#320,(#325,#332),.PCURVE_S1.);
#320 = CIRCLE('',#321,1.5);
#321 = AXIS2_PLACEMENT_3D('',#322,#323,#324);
#322 = CARTESIAN_POINT('',(0.,60.,-37.));
#323 = DIRECTION('',(0.,-4.930380657631E-32,-1.));
#324 = DIRECTION('',(1.,0.,0.));
#325 = PCURVE('',#100,#326);
#326 = DEFINITIONAL_REPRESENTATION('',(#327),#331);
#327 = LINE('',#328,#329);
#328 = CARTESIAN_POINT('',(0.,-3.));
#329 = VECTOR('',#330,1.);
#330 = DIRECTION('',(1.,0.));
#331 = ( GEOMETRIC_REPRESENTATION_CONTEXT(2) 
PARAMETRIC_REPRESENTATION_CONTEXT() REPRESENTATION_CONTEXT('2D SPACE',''
  ) );
#332 = PCURVE('',#333,#338);
#333 = PLANE('',#334);
#334 = AXIS2_PLACEMENT_3D('',#335,#336,#337);
#335 = CARTESIAN_POINT('',(0.,-8.215650382226E-15,-37.));
#336 = DIRECTION('',(0.,-2.22044604925E-16,-1.));
#337 = DIRECTION('',(1.,0.,0.));
#338 = DEFINITIONAL_REPRESENTATION('',(#339),#343);
#339 = CIRCLE('',#340,1.5);
#340 = AXIS2_PLACEMENT_2D('',#341,#342);
#341 = CARTESIAN_POINT('',(0.,-60.));
#342 = DIRECTION('',(1.,-0.));
#343 = ( GEOMETRIC_REPRESENTATION_CONTEXT(2) 
PARAMETRIC_REPRESENTATION_CONTEXT() REPRESENTATION_CONTEXT('2D SPACE',''
  ) );
#344 = ORIENTED_EDGE('',*,*,#295,.F.);
#345 = ADVANCED_FACE('',(#346),#131,.F.);
#346 = FACE_BOUND('',#347,.F.);
#347 = EDGE_LOOP('',(#348,#349,#372,#394));
#348 = ORIENTED_EDGE('',*,*,#114,.F.);
#349 = ORIENTED_EDGE('',*,*,#350,.T.);
#350 = EDGE_CURVE('',#115,#351,#353,.T.);
#351 = VERTEX_POINT('',#352);
#352 = CARTESIAN_POINT('',(61.500001,-8.881784197001E-15,-37.));
#353 = SEAM_CURVE('',#354,(#358,#365),.PCURVE_S1.);
#354 = LINE('',#355,#356);
#355 = CARTESIAN_POINT('',(61.500001,-8.881784197001E-15,-40.));
#356 = VECTOR('',#357,1.);
#357 = DIRECTION('',(0.,4.930380657631E-32,1.));
#358 = PCURVE('',#131,#359);
#359 = DEFINITIONAL_REPRESENTATION('',(#360),#364);
#360 = LINE('',#361,#362);
#361 = CARTESIAN_POINT('',(6.28318530718,0.));
#362 = VECTOR('',#363,1.);
#363 = DIRECTION('',(0.,-1.));
#364 = ( GEOMETRIC_REPRESENTATION_CONTEXT(2) 
PARAMETRIC_REPRESENTATION_CONTEXT() REPRESENTATION_CONTEXT('2D SPACE',''
  ) );
#365 = PCURVE('',#131,#366);
#366 = DEFINITIONAL_REPRESENTATION('',(#367),#371);
#367 = LINE('',#368,#369);
#368 = CARTESIAN_POINT('',(0.,0.));
#369 = VECTOR('',#370,1.);
#370 = DIRECTION('',(0.,-1.));
#371 = ( GEOMETRIC_REPRESENTATION_CONTEXT(2) 
PARAMETRIC_REPRESENTATION_CONTEXT() REPRESENTATION_CONTEXT('2D SPACE',''
  ) );
#372 = ORIENTED_EDGE('',*,*,#373,.T.);
#373 = EDGE_CURVE('',#351,#351,#374,.T.);
#374 = SURFACE_CURVE('',#375,(#380,#387),.PCURVE_S1.);
#375 = CIRCLE('',#376,1.5);
#376 = AXIS2_PLACEMENT_3D('',#377,#378,#379);
#377 = CARTESIAN_POINT('',(60.000001,-8.881784197001E-15,-37.));
#378 = DIRECTION('',(0.,-4.930380657631E-32,-1.));
#379 = DIRECTION('',(1.,0.,0.));
#380 = PCURVE('',#131,#381);
#381 = DEFINITIONAL_REPRESENTATION('',(#382),#386);
#382 = LINE('',#383,#384);
#383 = CARTESIAN_POINT('',(0.,-3.));
#384 = VECTOR('',#385,1.);
#385 = DIRECTION('',(1.,0.));
#386 = ( GEOMETRIC_REPRESENTATION_CONTEXT(2) 
PARAMETRIC_REPRESENTATION_CONTEXT() REPRESENTATION_CONTEXT('2D SPACE',''
  ) );
#387 = PCURVE('',#333,#388);
#388 = DEFINITIONAL_REPRESENTATION('',(#389),#393);
#389 = CIRCLE('',#390,1.5);
#390 = AXIS2_PLACEMENT_2D('',#391,#392);
#391 = CARTESIAN_POINT('',(60.000001,6.661338147751E-16));
#392 = DIRECTION('',(1.,-0.));
#393 = ( GEOMETRIC_REPRESENTATION_CONTEXT(2) 
PARAMETRIC_REPRESENTATION_CONTEXT() REPRESENTATION_CONTEXT('2D SPACE',''
  ) );
#394 = ORIENTED_EDGE('',*,*,#350,.F.);
#395 = ADVANCED_FACE('',(#396),#162,.F.);
#396 = FACE_BOUND('',#397,.T.);
#397 = EDGE_LOOP('',(#398,#399,#422,#444));
#398 = ORIENTED_EDGE('',*,*,#145,.T.);
#399 = ORIENTED_EDGE('',*,*,#400,.T.);
#400 = EDGE_CURVE('',#146,#401,#403,.T.);
#401 = VERTEX_POINT('',#402);
#402 = CARTESIAN_POINT('',(53.,-8.215650382226E-15,-37.));
#403 = SEAM_CURVE('',#404,(#408,#415),.PCURVE_S1.);
#404 = LINE('',#405,#406);
#405 = CARTESIAN_POINT('',(53.,-8.881784197001E-15,-40.));
#406 = VECTOR('',#407,1.);
#407 = DIRECTION('',(0.,2.22044604925E-16,1.));
#408 = PCURVE('',#162,#409);
#409 = DEFINITIONAL_REPRESENTATION('',(#410),#414);
#410 = LINE('',#411,#412);
#411 = CARTESIAN_POINT('',(-0.,0.));
#412 = VECTOR('',#413,1.);
#413 = DIRECTION('',(-0.,1.));
#414 = ( GEOMETRIC_REPRESENTATION_CONTEXT(2) 
PARAMETRIC_REPRESENTATION_CONTEXT() REPRESENTATION_CONTEXT('2D SPACE',''
  ) );
#415 = PCURVE('',#162,#416);
#416 = DEFINITIONAL_REPRESENTATION('',(#417),#421);
#417 = LINE('',#418,#419);
#418 = CARTESIAN_POINT('',(-6.28318530718,0.));
#419 = VECTOR('',#420,1.);
#420 = DIRECTION('',(-0.,1.));
#421 = ( GEOMETRIC_REPRESENTATION_CONTEXT(2) 
PARAMETRIC_REPRESENTATION_CONTEXT() REPRESENTATION_CONTEXT('2D SPACE',''
  ) );
#422 = ORIENTED_EDGE('',*,*,#423,.F.);
#423 = EDGE_CURVE('',#401,#401,#424,.T.);
#424 = SURFACE_CURVE('',#425,(#430,#437),.PCURVE_S1.);
#425 = CIRCLE('',#426,53.);
#426 = AXIS2_PLACEMENT_3D('',#427,#428,#429);
#427 = CARTESIAN_POINT('',(0.,-8.215650382226E-15,-37.));
#428 = DIRECTION('',(0.,-2.22044604925E-16,-1.));
#429 = DIRECTION('',(1.,0.,0.));
#430 = PCURVE('',#162,#431);
#431 = DEFINITIONAL_REPRESENTATION('',(#432),#436);
#432 = LINE('',#433,#434);
#433 = CARTESIAN_POINT('',(-0.,3.));
#434 = VECTOR('',#435,1.);
#435 = DIRECTION('',(-1.,0.));
#436 = ( GEOMETRIC_REPRESENTATION_CONTEXT(2) 
PARAMETRIC_REPRESENTATION_CONTEXT() REPRESENTATION_CONTEXT('2D SPACE',''
  ) );
#437 = PCURVE('',#333,#438);
#438 = DEFINITIONAL_REPRESENTATION('',(#439),#443);
#439 = CIRCLE('',#440,53.);
#440 = AXIS2_PLACEMENT_2D('',#441,#442);
#441 = CARTESIAN_POINT('',(0.,0.));
#442 = DIRECTION('',(1.,-0.));
#443 = ( GEOMETRIC_REPRESENTATION_CONTEXT(2) 
PARAMETRIC_REPRESENTATION_CONTEXT() REPRESENTATION_CONTEXT('2D SPACE',''
  ) );
#444 = ORIENTED_EDGE('',*,*,#400,.F.);
#445 = ADVANCED_FACE('',(#446),#193,.F.);
#446 = FACE_BOUND('',#447,.F.);
#447 = EDGE_LOOP('',(#448,#449,#472,#494));
#448 = ORIENTED_EDGE('',*,*,#176,.F.);
#449 = ORIENTED_EDGE('',*,*,#450,.T.);
#450 = EDGE_CURVE('',#177,#451,#453,.T.);
#451 = VERTEX_POINT('',#452);
#452 = CARTESIAN_POINT('',(-58.5,-8.881784197001E-15,-37.));
#453 = SEAM_CURVE('',#454,(#458,#465),.PCURVE_S1.);
#454 = LINE('',#455,#456);
#455 = CARTESIAN_POINT('',(-58.5,-8.881784197001E-15,-40.));
#456 = VECTOR('',#457,1.);
#457 = DIRECTION('',(0.,4.930380657631E-32,1.));
#458 = PCURVE('',#193,#459);
#459 = DEFINITIONAL_REPRESENTATION('',(#460),#464);
#460 = LINE('',#461,#462);
#461 = CARTESIAN_POINT('',(6.28318530718,0.));
#462 = VECTOR('',#463,1.);
#463 = DIRECTION('',(0.,-1.));
#464 = ( GEOMETRIC_REPRESENTATION_CONTEXT(2) 
PARAMETRIC_REPRESENTATION_CONTEXT() REPRESENTATION_CONTEXT('2D SPACE',''
  ) );
#465 = PCURVE('',#193,#466);
#466 = DEFINITIONAL_REPRESENTATION('',(#467),#471);
#467 = LINE('',#468,#469);
#468 = CARTESIAN_POINT('',(0.,0.));
#469 = VECTOR('',#470,1.);
#470 = DIRECTION('',(0.,-1.));
#471 = ( GEOMETRIC_REPRESENTATION_CONTEXT(2) 
PARAMETRIC_REPRESENTATION_CONTEXT() REPRESENTATION_CONTEXT('2D SPACE',''
  ) );
#472 = ORIENTED_EDGE('',*,*,#473,.T.);
#473 = EDGE_CURVE('',#451,#451,#474,.T.);
#474 = SURFACE_CURVE('',#475,(#480,#487),.PCURVE_S1.);
#475 = CIRCLE('',#476,1.5);
#476 = AXIS2_PLACEMENT_3D('',#477,#478,#479);
#477 = CARTESIAN_POINT('',(-60.,-8.881784197001E-15,-37.));
#478 = DIRECTION('',(0.,-4.930380657631E-32,-1.));
#479 = DIRECTION('',(1.,0.,0.));
#480 = PCURVE('',#193,#481);
#481 = DEFINITIONAL_REPRESENTATION('',(#482),#486);
#482 = LINE('',#483,#484);
#483 = CARTESIAN_POINT('',(0.,-3.));
#484 = VECTOR('',#485,1.);
#485 = DIRECTION('',(1.,0.));
#486 = ( GEOMETRIC_REPRESENTATION_CONTEXT(2) 
PARAMETRIC_REPRESENTATION_CONTEXT() REPRESENTATION_CONTEXT('2D SPACE',''
  ) );
#487 = PCURVE('',#333,#488);
#488 = DEFINITIONAL_REPRESENTATION('',(#489),#493);
#489 = CIRCLE('',#490,1.5);
#490 = AXIS2_PLACEMENT_2D('',#491,#492);
#491 = CARTESIAN_POINT('',(-60.,6.661338147751E-16));
#492 = DIRECTION('',(1.,-0.));
#493 = ( GEOMETRIC_REPRESENTATION_CONTEXT(2) 
PARAMETRIC_REPRESENTATION_CONTEXT() REPRESENTATION_CONTEXT('2D SPACE',''
  ) );
#494 = ORIENTED_EDGE('',*,*,#450,.F.);
#495 = ADVANCED_FACE('',(#496),#224,.F.);
#496 = FACE_BOUND('',#497,.F.);
#497 = EDGE_LOOP('',(#498,#499,#522,#544));
#498 = ORIENTED_EDGE('',*,*,#207,.F.);
#499 = ORIENTED_EDGE('',*,*,#500,.T.);
#500 = EDGE_CURVE('',#208,#501,#503,.T.);
#501 = VERTEX_POINT('',#502);
#502 = CARTESIAN_POINT('',(1.5,-60.,-37.));
#503 = SEAM_CURVE('',#504,(#508,#515),.PCURVE_S1.);
#504 = LINE('',#505,#506);
#505 = CARTESIAN_POINT('',(1.5,-60.,-40.));
#506 = VECTOR('',#507,1.);
#507 = DIRECTION('',(0.,4.930380657631E-32,1.));
#508 = PCURVE('',#224,#509);
#509 = DEFINITIONAL_REPRESENTATION('',(#510),#514);
#510 = LINE('',#511,#512);
#511 = CARTESIAN_POINT('',(6.28318530718,0.));
#512 = VECTOR('',#513,1.);
#513 = DIRECTION('',(0.,-1.));
#514 = ( GEOMETRIC_REPRESENTATION_CONTEXT(2) 
PARAMETRIC_REPRESENTATION_CONTEXT() REPRESENTATION_CONTEXT('2D SPACE',''
  ) );
#515 = PCURVE('',#224,#516);
#516 = DEFINITIONAL_REPRESENTATION('',(#517),#521);
#517 = LINE('',#518,#519);
#518 = CARTESIAN_POINT('',(0.,0.));
#519 = VECTOR('',#520,1.);
#520 = DIRECTION('',(0.,-1.));
#521 = ( GEOMETRIC_REPRESENTATION_CONTEXT(2) 
PARAMETRIC_REPRESENTATION_CONTEXT() REPRESENTATION_CONTEXT('2D SPACE',''
  ) );
#522 = ORIENTED_EDGE('',*,*,#523,.T.);
#523 = EDGE_CURVE('',#501,#501,#524,.T.);
#524 = SURFACE_CURVE('',#525,(#530,#537),.PCURVE_S1.);
#525 = CIRCLE('',#526,1.5);
#526 = AXIS2_PLACEMENT_3D('',#527,#528,#529);
#527 = CARTESIAN_POINT('',(0.,-60.,-37.));
#528 = DIRECTION('',(0.,-4.930380657631E-32,-1.));
#529 = DIRECTION('',(1.,0.,0.));
#530 = PCURVE('',#224,#531);
#531 = DEFINITIONAL_REPRESENTATION('',(#532),#536);
#532 = LINE('',#533,#534);
#533 = CARTESIAN_POINT('',(0.,-3.));
#534 = VECTOR('',#535,1.);
#535 = DIRECTION('',(1.,0.));
#536 = ( GEOMETRIC_REPRESENTATION_CONTEXT(2) 
PARAMETRIC_REPRESENTATION_CONTEXT() REPRESENTATION_CONTEXT('2D SPACE',''
  ) );
#537 = PCURVE('',#333,#538);
#538 = DEFINITIONAL_REPRESENTATION('',(#539),#543);
#539 = CIRCLE('',#540,1.5);
#540 = AXIS2_PLACEMENT_2D('',#541,#542);
#541 = CARTESIAN_POINT('',(0.,60.));
#542 = DIRECTION('',(1.,-0.));
#543 = ( GEOMETRIC_REPRESENTATION_CONTEXT(2) 
PARAMETRIC_REPRESENTATION_CONTEXT() REPRESENTATION_CONTEXT('2D SPACE',''
  ) );
#544 = ORIENTED_EDGE('',*,*,#500,.F.);
#545 = ADVANCED_FACE('',(#546),#278,.T.);
#546 = FACE_BOUND('',#547,.T.);
#547 = EDGE_LOOP('',(#548,#577,#598,#599));
#548 = ORIENTED_EDGE('',*,*,#549,.T.);
#549 = EDGE_CURVE('',#550,#550,#552,.T.);
#550 = VERTEX_POINT('',#551);
#551 = CARTESIAN_POINT('',(68.,1.110223024625E-14,50.));
#552 = SURFACE_CURVE('',#553,(#558,#565),.PCURVE_S1.);
#553 = CIRCLE('',#554,68.);
#554 = AXIS2_PLACEMENT_3D('',#555,#556,#557);
#555 = CARTESIAN_POINT('',(0.,1.110223024625E-14,50.));
#556 = DIRECTION('',(0.,-2.22044604925E-16,-1.));
#557 = DIRECTION('',(1.,0.,0.));
#558 = PCURVE('',#278,#559);
#559 = DEFINITIONAL_REPRESENTATION('',(#560),#564);
#560 = LINE('',#561,#562);
#561 = CARTESIAN_POINT('',(0.,0.));
#562 = VECTOR('',#563,1.);
#563 = DIRECTION('',(1.,0.));
#564 = ( GEOMETRIC_REPRESENTATION_CONTEXT(2) 
PARAMETRIC_REPRESENTATION_CONTEXT() REPRESENTATION_CONTEXT('2D SPACE',''
  ) );
#565 = PCURVE('',#566,#571);
#566 = CONICAL_SURFACE('',#567,68.,0.785398163397);
#567 = AXIS2_PLACEMENT_3D('',#568,#569,#570);
#568 = CARTESIAN_POINT('',(0.,1.110223024625E-14,50.));
#569 = DIRECTION('',(0.,2.22044604925E-16,1.));
#570 = DIRECTION('',(1.,0.,0.));
#571 = DEFINITIONAL_REPRESENTATION('',(#572),#576);
#572 = LINE('',#573,#574);
#573 = CARTESIAN_POINT('',(-0.,0.));
#574 = VECTOR('',#575,1.);
#575 = DIRECTION('',(-1.,0.));
#576 = ( GEOMETRIC_REPRESENTATION_CONTEXT(2) 
PARAMETRIC_REPRESENTATION_CONTEXT() REPRESENTATION_CONTEXT('2D SPACE',''
  ) );
#577 = ORIENTED_EDGE('',*,*,#578,.T.);
#578 = EDGE_CURVE('',#550,#241,#579,.T.);
#579 = SEAM_CURVE('',#580,(#584,#591),.PCURVE_S1.);
#580 = LINE('',#581,#582);
#581 = CARTESIAN_POINT('',(68.,1.110223024625E-14,50.));
#582 = VECTOR('',#583,1.);
#583 = DIRECTION('',(0.,-2.22044604925E-16,-1.));
#584 = PCURVE('',#278,#585);
#585 = DEFINITIONAL_REPRESENTATION('',(#586),#590);
#586 = LINE('',#587,#588);
#587 = CARTESIAN_POINT('',(0.,0.));
#588 = VECTOR('',#589,1.);
#589 = DIRECTION('',(0.,1.));
#590 = ( GEOMETRIC_REPRESENTATION_CONTEXT(2) 
PARAMETRIC_REPRESENTATION_CONTEXT() REPRESENTATION_CONTEXT('2D SPACE',''
  ) );
#591 = PCURVE('',#278,#592);
#592 = DEFINITIONAL_REPRESENTATION('',(#593),#597);
#593 = LINE('',#594,#595);
#594 = CARTESIAN_POINT('',(6.28318530718,0.));
#595 = VECTOR('',#596,1.);
#596 = DIRECTION('',(0.,1.));
#597 = ( GEOMETRIC_REPRESENTATION_CONTEXT(2) 
PARAMETRIC_REPRESENTATION_CONTEXT() REPRESENTATION_CONTEXT('2D SPACE',''
  ) );
#598 = ORIENTED_EDGE('',*,*,#263,.F.);
#599 = ORIENTED_EDGE('',*,*,#578,.F.);
#600 = ADVANCED_FACE('',(#601,#632,#635,#638,#641,#644),#333,.F.);
#601 = FACE_BOUND('',#602,.T.);
#602 = EDGE_LOOP('',(#603));
#603 = ORIENTED_EDGE('',*,*,#604,.F.);
#604 = EDGE_CURVE('',#605,#605,#607,.T.);
#605 = VERTEX_POINT('',#606);
#606 = CARTESIAN_POINT('',(65.7,-8.215650382226E-15,-37.));
#607 = SURFACE_CURVE('',#608,(#613,#620),.PCURVE_S1.);
#608 = CIRCLE('',#609,65.7);
#609 = AXIS2_PLACEMENT_3D('',#610,#611,#612);
#610 = CARTESIAN_POINT('',(0.,-8.215650382226E-15,-37.));
#611 = DIRECTION('',(0.,-2.22044604925E-16,-1.));
#612 = DIRECTION('',(1.,0.,0.));
#613 = PCURVE('',#333,#614);
#614 = DEFINITIONAL_REPRESENTATION('',(#615),#619);
#615 = CIRCLE('',#616,65.7);
#616 = AXIS2_PLACEMENT_2D('',#617,#618);
#617 = CARTESIAN_POINT('',(0.,0.));
#618 = DIRECTION('',(1.,-0.));
#619 = ( GEOMETRIC_REPRESENTATION_CONTEXT(2) 
PARAMETRIC_REPRESENTATION_CONTEXT() REPRESENTATION_CONTEXT('2D SPACE',''
  ) );
#620 = PCURVE('',#621,#626);
#621 = CYLINDRICAL_SURFACE('',#622,65.7);
#622 = AXIS2_PLACEMENT_3D('',#623,#624,#625);
#623 = CARTESIAN_POINT('',(0.,-8.215650382226E-15,-37.));
#624 = DIRECTION('',(0.,2.22044604925E-16,1.));
#625 = DIRECTION('',(1.,0.,0.));
#626 = DEFINITIONAL_REPRESENTATION('',(#627),#631);
#627 = LINE('',#628,#629);
#628 = CARTESIAN_POINT('',(-0.,0.));
#629 = VECTOR('',#630,1.);
#630 = DIRECTION('',(-1.,0.));
#631 = ( GEOMETRIC_REPRESENTATION_CONTEXT(2) 
PARAMETRIC_REPRESENTATION_CONTEXT() REPRESENTATION_CONTEXT('2D SPACE',''
  ) );
#632 = FACE_BOUND('',#633,.T.);
#633 = EDGE_LOOP('',(#634));
#634 = ORIENTED_EDGE('',*,*,#318,.T.);
#635 = FACE_BOUND('',#636,.T.);
#636 = EDGE_LOOP('',(#637));
#637 = ORIENTED_EDGE('',*,*,#373,.T.);
#638 = FACE_BOUND('',#639,.T.);
#639 = EDGE_LOOP('',(#640));
#640 = ORIENTED_EDGE('',*,*,#423,.T.);
#641 = FACE_BOUND('',#642,.T.);
#642 = EDGE_LOOP('',(#643));
#643 = ORIENTED_EDGE('',*,*,#473,.T.);
#644 = FACE_BOUND('',#645,.T.);
#645 = EDGE_LOOP('',(#646));
#646 = ORIENTED_EDGE('',*,*,#523,.T.);
#647 = ADVANCED_FACE('',(#648),#566,.T.);
#648 = FACE_BOUND('',#649,.F.);
#649 = EDGE_LOOP('',(#650,#651,#674,#701));
#650 = ORIENTED_EDGE('',*,*,#549,.T.);
#651 = ORIENTED_EDGE('',*,*,#652,.T.);
#652 = EDGE_CURVE('',#550,#653,#655,.T.);
#653 = VERTEX_POINT('',#654);
#654 = CARTESIAN_POINT('',(70.,1.15463194561E-14,52.));
#655 = SEAM_CURVE('',#656,(#660,#667),.PCURVE_S1.);
#656 = LINE('',#657,#658);
#657 = CARTESIAN_POINT('',(68.,1.110223024625E-14,50.));
#658 = VECTOR('',#659,1.);
#659 = DIRECTION('',(0.707106781187,1.570092458684E-16,0.707106781187));
#660 = PCURVE('',#566,#661);
#661 = DEFINITIONAL_REPRESENTATION('',(#662),#666);
#662 = LINE('',#663,#664);
#663 = CARTESIAN_POINT('',(-0.,0.));
#664 = VECTOR('',#665,1.);
#665 = DIRECTION('',(-0.,1.));
#666 = ( GEOMETRIC_REPRESENTATION_CONTEXT(2) 
PARAMETRIC_REPRESENTATION_CONTEXT() REPRESENTATION_CONTEXT('2D SPACE',''
  ) );
#667 = PCURVE('',#566,#668);
#668 = DEFINITIONAL_REPRESENTATION('',(#669),#673);
#669 = LINE('',#670,#671);
#670 = CARTESIAN_POINT('',(-6.28318530718,0.));
#671 = VECTOR('',#672,1.);
#672 = DIRECTION('',(-0.,1.));
#673 = ( GEOMETRIC_REPRESENTATION_CONTEXT(2) 
PARAMETRIC_REPRESENTATION_CONTEXT() REPRESENTATION_CONTEXT('2D SPACE',''
  ) );
#674 = ORIENTED_EDGE('',*,*,#675,.F.);
#675 = EDGE_CURVE('',#653,#653,#676,.T.);
#676 = SURFACE_CURVE('',#677,(#682,#689),.PCURVE_S1.);
#677 = CIRCLE('',#678,70.);
#678 = AXIS2_PLACEMENT_3D('',#679,#680,#681);
#679 = CARTESIAN_POINT('',(0.,1.15463194561E-14,52.));
#680 = DIRECTION('',(0.,-2.22044604925E-16,-1.));
#681 = DIRECTION('',(1.,0.,0.));
#682 = PCURVE('',#566,#683);
#683 = DEFINITIONAL_REPRESENTATION('',(#684),#688);
#684 = LINE('',#685,#686);
#685 = CARTESIAN_POINT('',(-0.,2.));
#686 = VECTOR('',#687,1.);
#687 = DIRECTION('',(-1.,0.));
#688 = ( GEOMETRIC_REPRESENTATION_CONTEXT(2) 
PARAMETRIC_REPRESENTATION_CONTEXT() REPRESENTATION_CONTEXT('2D SPACE',''
  ) );
#689 = PCURVE('',#690,#695);
#690 = PLANE('',#691);
#691 = AXIS2_PLACEMENT_3D('',#692,#693,#694);
#692 = CARTESIAN_POINT('',(0.,1.15463194561E-14,52.));
#693 = DIRECTION('',(0.,-2.22044604925E-16,-1.));
#694 = DIRECTION('',(1.,0.,0.));
#695 = DEFINITIONAL_REPRESENTATION('',(#696),#700);
#696 = CIRCLE('',#697,70.);
#697 = AXIS2_PLACEMENT_2D('',#698,#699);
#698 = CARTESIAN_POINT('',(0.,0.));
#699 = DIRECTION('',(1.,0.));
#700 = ( GEOMETRIC_REPRESENTATION_CONTEXT(2) 
PARAMETRIC_REPRESENTATION_CONTEXT() REPRESENTATION_CONTEXT('2D SPACE',''
  ) );
#701 = ORIENTED_EDGE('',*,*,#652,.F.);
#702 = ADVANCED_FACE('',(#703,#1000,#1153,#1306),#621,.F.);
#703 = FACE_BOUND('',#704,.T.);
#704 = EDGE_LOOP('',(#705,#706,#729,#790,#855,#878,#905,#906,#999));
#705 = ORIENTED_EDGE('',*,*,#604,.T.);
#706 = ORIENTED_EDGE('',*,*,#707,.T.);
#707 = EDGE_CURVE('',#605,#708,#710,.T.);
#708 = VERTEX_POINT('',#709);
#709 = CARTESIAN_POINT('',(65.7,1.237925184583E-14,55.751194));
#710 = SEAM_CURVE('',#711,(#715,#722),.PCURVE_S1.);
#711 = LINE('',#712,#713);
#712 = CARTESIAN_POINT('',(65.7,-8.215650382226E-15,-37.));
#713 = VECTOR('',#714,1.);
#714 = DIRECTION('',(0.,2.22044604925E-16,1.));
#715 = PCURVE('',#621,#716);
#716 = DEFINITIONAL_REPRESENTATION('',(#717),#721);
#717 = LINE('',#718,#719);
#718 = CARTESIAN_POINT('',(-0.,0.));
#719 = VECTOR('',#720,1.);
#720 = DIRECTION('',(-0.,1.));
#721 = ( GEOMETRIC_REPRESENTATION_CONTEXT(2) 
PARAMETRIC_REPRESENTATION_CONTEXT() REPRESENTATION_CONTEXT('2D SPACE',''
  ) );
#722 = PCURVE('',#621,#723);
#723 = DEFINITIONAL_REPRESENTATION('',(#724),#728);
#724 = LINE('',#725,#726);
#725 = CARTESIAN_POINT('',(-6.28318530718,0.));
#726 = VECTOR('',#727,1.);
#727 = DIRECTION('',(-0.,1.));
#728 = ( GEOMETRIC_REPRESENTATION_CONTEXT(2) 
PARAMETRIC_REPRESENTATION_CONTEXT() REPRESENTATION_CONTEXT('2D SPACE',''
  ) );
#729 = ORIENTED_EDGE('',*,*,#730,.T.);
#730 = EDGE_CURVE('',#708,#731,#733,.T.);
#731 = VERTEX_POINT('',#732);
#732 = CARTESIAN_POINT('',(65.688107751708,1.25,57.001194));
#733 = SURFACE_CURVE('',#734,(#749,#767),.PCURVE_S1.);
#734 = B_SPLINE_CURVE_WITH_KNOTS('',7,(#735,#736,#737,#738,#739,#740,
    #741,#742,#743,#744,#745,#746,#747,#748),.UNSPECIFIED.,.F.,.F.,(8,6,
    8),(0.,0.460145861893,1.),.UNSPECIFIED.);
#735 = CARTESIAN_POINT('',(65.7,1.848494823875E-14,55.751194));
#736 = CARTESIAN_POINT('',(65.7,0.148890323732,55.751194));
#737 = CARTESIAN_POINT('',(65.69960655562,0.295639743742,55.771884882702
    ));
#738 = CARTESIAN_POINT('',(65.698838901685,0.43652131588,55.812193162722
    ));
#739 = CARTESIAN_POINT('',(65.697778706471,0.568155534022,
    55.870127139215));
#740 = CARTESIAN_POINT('',(65.696547195375,0.687729193772,
    55.942837289428));
#741 = CARTESIAN_POINT('',(65.695273487471,0.793256651181,
    56.026683698215));
#742 = CARTESIAN_POINT('',(65.692623583127,0.990209036951,
    56.223636083985));
#743 = CARTESIAN_POINT('',(65.691243026284,1.077892749009,
    56.341163340508));
#744 = CARTESIAN_POINT('',(65.690035031793,1.147248685363,
    56.466450993417));
#745 = CARTESIAN_POINT('',(65.68908249375,1.198778121569,56.596964501396
    ));
#746 = CARTESIAN_POINT('',(65.688432562438,1.232930725485,
    56.730694952851));
#747 = CARTESIAN_POINT('',(65.688107751708,1.25,56.865958020133));
#748 = CARTESIAN_POINT('',(65.688107751708,1.25,57.001194));
#749 = PCURVE('',#621,#750);
#750 = DEFINITIONAL_REPRESENTATION('',(#751),#766);
#751 = B_SPLINE_CURVE_WITH_KNOTS('',7,(#752,#753,#754,#755,#756,#757,
    #758,#759,#760,#761,#762,#763,#764,#765),.UNSPECIFIED.,.F.,.F.,(8,6,
    8),(0.,0.460145861893,1.),.UNSPECIFIED.);
#752 = CARTESIAN_POINT('',(-6.28318530718,92.751194));
#753 = CARTESIAN_POINT('',(-6.280919092206,92.751194));
#754 = CARTESIAN_POINT('',(-6.2786854633,92.771884882702));
#755 = CARTESIAN_POINT('',(-6.276541128121,92.812193162722));
#756 = CARTESIAN_POINT('',(-6.274537508416,92.870127139215));
#757 = CARTESIAN_POINT('',(-6.27271742177,92.942837289428));
#758 = CARTESIAN_POINT('',(-6.271111104539,93.026683698215));
#759 = CARTESIAN_POINT('',(-6.268113080009,93.223636083985));
#760 = CARTESIAN_POINT('',(-6.266778310608,93.341163340508));
#761 = CARTESIAN_POINT('',(-6.265722505938,93.466450993417));
#762 = CARTESIAN_POINT('',(-6.264938057962,93.596964501396));
#763 = CARTESIAN_POINT('',(-6.264418137303,93.730694952851));
#764 = CARTESIAN_POINT('',(-6.264158283959,93.865958020133));
#765 = CARTESIAN_POINT('',(-6.264158283959,94.001194));
#766 = ( GEOMETRIC_REPRESENTATION_CONTEXT(2) 
PARAMETRIC_REPRESENTATION_CONTEXT() REPRESENTATION_CONTEXT('2D SPACE',''
  ) );
#767 = PCURVE('',#768,#773);
#768 = CYLINDRICAL_SURFACE('',#769,1.25);
#769 = AXIS2_PLACEMENT_3D('',#770,#771,#772);
#770 = CARTESIAN_POINT('',(100.,5.965819464479E-30,57.001194));
#771 = DIRECTION('',(1.,0.,0.));
#772 = DIRECTION('',(0.,1.,-9.860761315263E-32));
#773 = DEFINITIONAL_REPRESENTATION('',(#774),#789);
#774 = B_SPLINE_CURVE_WITH_KNOTS('',7,(#775,#776,#777,#778,#779,#780,
    #781,#782,#783,#784,#785,#786,#787,#788),.UNSPECIFIED.,.F.,.F.,(8,6,
    8),(0.,0.460145861893,1.),.UNSPECIFIED.);
#775 = CARTESIAN_POINT('',(4.712388980385,-34.3));
#776 = CARTESIAN_POINT('',(4.83150123937,-34.3));
#777 = CARTESIAN_POINT('',(4.948900187018,-34.30039344438));
#778 = CARTESIAN_POINT('',(5.06436797808,-34.30116109831));
#779 = CARTESIAN_POINT('',(5.177594639187,-34.30222129352));
#780 = CARTESIAN_POINT('',(5.288129161669,-34.30345280462));
#781 = CARTESIAN_POINT('',(5.395254595417,-34.30472651252));
#782 = CARTESIAN_POINT('',(5.618080783494,-34.30737641687));
#783 = CARTESIAN_POINT('',(5.734165816298,-34.30875697371));
#784 = CARTESIAN_POINT('',(5.847114856855,-34.3099649682));
#785 = CARTESIAN_POINT('',(5.957732663872,-34.31091750625));
#786 = CARTESIAN_POINT('',(6.066786267792,-34.31156743756));
#787 = CARTESIAN_POINT('',(6.174996523286,-34.31189224829));
#788 = CARTESIAN_POINT('',(6.28318530718,-34.31189224829));
#789 = ( GEOMETRIC_REPRESENTATION_CONTEXT(2) 
PARAMETRIC_REPRESENTATION_CONTEXT() REPRESENTATION_CONTEXT('2D SPACE',''
  ) );
#790 = ORIENTED_EDGE('',*,*,#791,.T.);
#791 = EDGE_CURVE('',#731,#792,#794,.T.);
#792 = VERTEX_POINT('',#793);
#793 = CARTESIAN_POINT('',(65.7,1.293436335814E-14,58.251194));
#794 = SURFACE_CURVE('',#795,(#813,#834),.PCURVE_S1.);
#795 = B_SPLINE_CURVE_WITH_KNOTS('',6,(#796,#797,#798,#799,#800,#801,
    #802,#803,#804,#805,#806,#807,#808,#809,#810,#811,#812),
  .UNSPECIFIED.,.F.,.F.,(7,5,5,7),(0.,0.456758134947,0.768579340078,1.),
  .UNSPECIFIED.);
#796 = CARTESIAN_POINT('',(65.688107751708,1.25,57.001194));
#797 = CARTESIAN_POINT('',(65.688107751708,1.25,57.135086974742));
#798 = CARTESIAN_POINT('',(65.688435281499,1.232789573615,
    57.268986212788));
#799 = CARTESIAN_POINT('',(65.689090196771,1.198366582801,
    57.401210693315));
#800 = CARTESIAN_POINT('',(65.690045766536,1.146391248807,
    57.529975994149));
#801 = CARTESIAN_POINT('',(65.691242653919,1.07633530186,57.653051836939
    ));
#802 = CARTESIAN_POINT('',(65.693485222403,0.927179658359,
    57.845342133867));
#803 = CARTESIAN_POINT('',(65.694460573052,0.857858038219,
    57.919442288238));
#804 = CARTESIAN_POINT('',(65.695464448516,0.779759894189,
    57.988251955873));
#805 = CARTESIAN_POINT('',(65.696448046228,0.693131644106,58.05034621082
    ));
#806 = CARTESIAN_POINT('',(65.697353618681,0.598442729924,
    58.104244536401));
#807 = CARTESIAN_POINT('',(65.698696478109,0.420728890049,
    58.181148182177));
#808 = CARTESIAN_POINT('',(65.699194205271,0.341014916274,
    58.208525615557));
#809 = CARTESIAN_POINT('',(65.69959040805,0.258094631048,58.229674122545
    ));
#810 = CARTESIAN_POINT('',(65.699863301978,0.172922447183,
    58.244004668566));
#811 = CARTESIAN_POINT('',(65.7,8.653822564907E-02,58.251194));
#812 = CARTESIAN_POINT('',(65.7,1.659756909689E-14,58.251194));
#813 = PCURVE('',#621,#814);
#814 = DEFINITIONAL_REPRESENTATION('',(#815),#833);
#815 = B_SPLINE_CURVE_WITH_KNOTS('',6,(#816,#817,#818,#819,#820,#821,
    #822,#823,#824,#825,#826,#827,#828,#829,#830,#831,#832),
  .UNSPECIFIED.,.F.,.F.,(7,5,5,7),(0.,0.456758134947,0.768579340078,1.),
  .UNSPECIFIED.);
#816 = CARTESIAN_POINT('',(-6.264158283959,94.001194));
#817 = CARTESIAN_POINT('',(-6.264158283959,94.135086974742));
#818 = CARTESIAN_POINT('',(-6.264420286139,94.268986212788));
#819 = CARTESIAN_POINT('',(-6.264944322938,94.401210693315));
#820 = CARTESIAN_POINT('',(-6.265735557536,94.529975994149));
#821 = CARTESIAN_POINT('',(-6.266802011479,94.653051836939));
#822 = CARTESIAN_POINT('',(-6.26907252139,94.845342133867));
#823 = CARTESIAN_POINT('',(-6.270127748919,94.919442288238));
#824 = CARTESIAN_POINT('',(-6.271316554161,94.988251955873));
#825 = CARTESIAN_POINT('',(-6.272635179031,95.05034621082));
#826 = CARTESIAN_POINT('',(-6.2740764736,95.104244536401));
#827 = CARTESIAN_POINT('',(-6.276781479891,95.181148182177));
#828 = CARTESIAN_POINT('',(-6.277994805013,95.208525615557));
#829 = CARTESIAN_POINT('',(-6.279256922034,95.229674122545));
#830 = CARTESIAN_POINT('',(-6.280553306489,95.244004668566));
#831 = CARTESIAN_POINT('',(-6.281868134795,95.251194));
#832 = CARTESIAN_POINT('',(-6.28318530718,95.251194));
#833 = ( GEOMETRIC_REPRESENTATION_CONTEXT(2) 
PARAMETRIC_REPRESENTATION_CONTEXT() REPRESENTATION_CONTEXT('2D SPACE',''
  ) );
#834 = PCURVE('',#768,#835);
#835 = DEFINITIONAL_REPRESENTATION('',(#836),#854);
#836 = B_SPLINE_CURVE_WITH_KNOTS('',6,(#837,#838,#839,#840,#841,#842,
    #843,#844,#845,#846,#847,#848,#849,#850,#851,#852,#853),
  .UNSPECIFIED.,.F.,.F.,(7,5,5,7),(0.,0.456758134947,0.768579340078,1.),
  .UNSPECIFIED.);
#837 = CARTESIAN_POINT('',(0.,-34.31189224829));
#838 = CARTESIAN_POINT('',(0.107114379794,-34.31189224829));
#839 = CARTESIAN_POINT('',(0.214234863739,-34.3115647185));
#840 = CARTESIAN_POINT('',(0.322221485476,-34.31090980322));
#841 = CARTESIAN_POINT('',(0.431884140139,-34.30995423346));
#842 = CARTESIAN_POINT('',(0.54403464814,-34.30875734608));
#843 = CARTESIAN_POINT('',(0.738720798494,-34.30651477759));
#844 = CARTESIAN_POINT('',(0.819551536853,-34.30553942694));
#845 = CARTESIAN_POINT('',(0.9022279376,-34.30453555148));
#846 = CARTESIAN_POINT('',(0.986824249225,-34.30355195377));
#847 = CARTESIAN_POINT('',(1.073469769989,-34.30264638131));
#848 = CARTESIAN_POINT('',(1.228381625425,-34.30130352189));
#849 = CARTESIAN_POINT('',(1.295606134578,-34.30080579472));
#850 = CARTESIAN_POINT('',(1.363723405099,-34.30040959195));
#851 = CARTESIAN_POINT('',(1.432458313659,-34.30013669802));
#852 = CARTESIAN_POINT('',(1.501565746276,-34.3));
#853 = CARTESIAN_POINT('',(1.570796326795,-34.3));
#854 = ( GEOMETRIC_REPRESENTATION_CONTEXT(2) 
PARAMETRIC_REPRESENTATION_CONTEXT() REPRESENTATION_CONTEXT('2D SPACE',''
  ) );
#855 = ORIENTED_EDGE('',*,*,#856,.T.);
#856 = EDGE_CURVE('',#792,#857,#859,.T.);
#857 = VERTEX_POINT('',#858);
#858 = CARTESIAN_POINT('',(65.7,1.554312234475E-14,70.));
#859 = SEAM_CURVE('',#860,(#864,#871),.PCURVE_S1.);
#860 = LINE('',#861,#862);
#861 = CARTESIAN_POINT('',(65.7,-8.215650382226E-15,-37.));
#862 = VECTOR('',#863,1.);
#863 = DIRECTION('',(0.,2.22044604925E-16,1.));
#864 = PCURVE('',#621,#865);
#865 = DEFINITIONAL_REPRESENTATION('',(#866),#870);
#866 = LINE('',#867,#868);
#867 = CARTESIAN_POINT('',(-0.,0.));
#868 = VECTOR('',#869,1.);
#869 = DIRECTION('',(-0.,1.));
#870 = ( GEOMETRIC_REPRESENTATION_CONTEXT(2) 
PARAMETRIC_REPRESENTATION_CONTEXT() REPRESENTATION_CONTEXT('2D SPACE',''
  ) );
#871 = PCURVE('',#621,#872);
#872 = DEFINITIONAL_REPRESENTATION('',(#873),#877);
#873 = LINE('',#874,#875);
#874 = CARTESIAN_POINT('',(-6.28318530718,0.));
#875 = VECTOR('',#876,1.);
#876 = DIRECTION('',(-0.,1.));
#877 = ( GEOMETRIC_REPRESENTATION_CONTEXT(2) 
PARAMETRIC_REPRESENTATION_CONTEXT() REPRESENTATION_CONTEXT('2D SPACE',''
  ) );
#878 = ORIENTED_EDGE('',*,*,#879,.F.);
#879 = EDGE_CURVE('',#857,#857,#880,.T.);
#880 = SURFACE_CURVE('',#881,(#886,#893),.PCURVE_S1.);
#881 = CIRCLE('',#882,65.7);
#882 = AXIS2_PLACEMENT_3D('',#883,#884,#885);
#883 = CARTESIAN_POINT('',(0.,1.554312234475E-14,70.));
#884 = DIRECTION('',(0.,-2.22044604925E-16,-1.));
#885 = DIRECTION('',(1.,0.,0.));
#886 = PCURVE('',#621,#887);
#887 = DEFINITIONAL_REPRESENTATION('',(#888),#892);
#888 = LINE('',#889,#890);
#889 = CARTESIAN_POINT('',(-0.,107.));
#890 = VECTOR('',#891,1.);
#891 = DIRECTION('',(-1.,0.));
#892 = ( GEOMETRIC_REPRESENTATION_CONTEXT(2) 
PARAMETRIC_REPRESENTATION_CONTEXT() REPRESENTATION_CONTEXT('2D SPACE',''
  ) );
#893 = PCURVE('',#894,#899);
#894 = PLANE('',#895);
#895 = AXIS2_PLACEMENT_3D('',#896,#897,#898);
#896 = CARTESIAN_POINT('',(0.,1.554312234475E-14,70.));
#897 = DIRECTION('',(0.,-2.22044604925E-16,-1.));
#898 = DIRECTION('',(1.,0.,0.));
#899 = DEFINITIONAL_REPRESENTATION('',(#900),#904);
#900 = CIRCLE('',#901,65.7);
#901 = AXIS2_PLACEMENT_2D('',#902,#903);
#902 = CARTESIAN_POINT('',(0.,0.));
#903 = DIRECTION('',(1.,-0.));
#904 = ( GEOMETRIC_REPRESENTATION_CONTEXT(2) 
PARAMETRIC_REPRESENTATION_CONTEXT() REPRESENTATION_CONTEXT('2D SPACE',''
  ) );
#905 = ORIENTED_EDGE('',*,*,#856,.F.);
#906 = ORIENTED_EDGE('',*,*,#907,.T.);
#907 = EDGE_CURVE('',#792,#708,#908,.T.);
#908 = SURFACE_CURVE('',#909,(#937,#968),.PCURVE_S1.);
#909 = B_SPLINE_CURVE_WITH_KNOTS('',6,(#910,#911,#912,#913,#914,#915,
    #916,#917,#918,#919,#920,#921,#922,#923,#924,#925,#926,#927,#928,
    #929,#930,#931,#932,#933,#934,#935,#936),.UNSPECIFIED.,.F.,.F.,(7,5,
    5,5,5,7),(0.,0.269683233753,0.498673146147,0.727662591225,
    0.883989888406,1.),.UNSPECIFIED.);
#910 = CARTESIAN_POINT('',(65.7,8.587120062716E-15,58.251194));
#911 = CARTESIAN_POINT('',(65.7,-0.205195461262,58.251194));
#912 = CARTESIAN_POINT('',(65.699231605535,-0.404807043414,
    58.21077294875));
#913 = CARTESIAN_POINT('',(65.697768823312,-0.589102860178,
    58.134055706229));
#914 = CARTESIAN_POINT('',(65.695945097805,-0.750281399375,
    58.027960294278));
#915 = CARTESIAN_POINT('',(65.694144941349,-0.883301041186,
    57.901910106267));
#916 = CARTESIAN_POINT('',(65.691242668158,-1.076334354858,
    57.653053057805));
#917 = CARTESIAN_POINT('',(65.690045760674,-1.14639178404,
    57.529975995587));
#918 = CARTESIAN_POINT('',(65.689090182712,-1.198367256396,
    57.401209033199));
#919 = CARTESIAN_POINT('',(65.688435282538,-1.232789517341,
    57.268984843831));
#920 = CARTESIAN_POINT('',(65.688107751708,-1.25,57.135087247987));
#921 = CARTESIAN_POINT('',(65.688107751708,-1.25,56.867301025258));
#922 = CARTESIAN_POINT('',(65.688435281499,-1.232789573615,
    56.733401787212));
#923 = CARTESIAN_POINT('',(65.689090196771,-1.198366582801,
    56.601177306685));
#924 = CARTESIAN_POINT('',(65.690045766536,-1.146391248807,
    56.472412005851));
#925 = CARTESIAN_POINT('',(65.691242653919,-1.07633530186,
    56.349336163061));
#926 = CARTESIAN_POINT('',(65.693485222403,-0.92717965838,
    56.157045866161));
#927 = CARTESIAN_POINT('',(65.694460573052,-0.857858038216,
    56.082945711748));
#928 = CARTESIAN_POINT('',(65.695464448516,-0.779759894162,
    56.014136044106));
#929 = CARTESIAN_POINT('',(65.696448046228,-0.693131644096,
    55.952041789184));
#930 = CARTESIAN_POINT('',(65.697353618681,-0.598442729954,
    55.898143463612));
#931 = CARTESIAN_POINT('',(65.698696431407,-0.420735070563,
    55.82124249237));
#932 = CARTESIAN_POINT('',(65.699194202566,-0.341017915458,
    55.793862519572));
#933 = CARTESIAN_POINT('',(65.699590448806,-0.258089440788,
    55.772711559338));
#934 = CARTESIAN_POINT('',(65.699863340344,-0.172909808561,55.7583811753
    ));
#935 = CARTESIAN_POINT('',(65.7,-8.652524740883E-02,55.751194));
#936 = CARTESIAN_POINT('',(65.7,1.051570738399E-14,55.751194));
#937 = PCURVE('',#621,#938);
#938 = DEFINITIONAL_REPRESENTATION('',(#939),#967);
#939 = B_SPLINE_CURVE_WITH_KNOTS('',6,(#940,#941,#942,#943,#944,#945,
    #946,#947,#948,#949,#950,#951,#952,#953,#954,#955,#956,#957,#958,
    #959,#960,#961,#962,#963,#964,#965,#966),.UNSPECIFIED.,.F.,.F.,(7,5,
    5,5,5,7),(0.,0.269683233753,0.498673146147,0.727662591225,
    0.883989888406,1.),.UNSPECIFIED.);
#940 = CARTESIAN_POINT('',(0.,95.251194));
#941 = CARTESIAN_POINT('',(-3.123218588465E-03,95.251194));
#942 = CARTESIAN_POINT('',(-6.161446419839E-03,95.21077294875));
#943 = CARTESIAN_POINT('',(-8.966613465468E-03,95.134055706229));
#944 = CARTESIAN_POINT('',(-1.142001203478E-02,95.027960294278));
#945 = CARTESIAN_POINT('',(-1.344484703262E-02,94.901910106267));
#946 = CARTESIAN_POINT('',(-1.638328128541E-02,94.653053057805));
#947 = CARTESIAN_POINT('',(-1.744975779079E-02,94.529975995587));
#948 = CARTESIAN_POINT('',(-1.824099449559E-02,94.401209033199));
#949 = CARTESIAN_POINT('',(-1.876502018412E-02,94.268984843831));
#950 = CARTESIAN_POINT('',(-1.902702322078E-02,94.135087247987));
#951 = CARTESIAN_POINT('',(-1.902702322078E-02,93.867301025258));
#952 = CARTESIAN_POINT('',(-1.876502104058E-02,93.733401787212));
#953 = CARTESIAN_POINT('',(-1.824098424115E-02,93.601177306685));
#954 = CARTESIAN_POINT('',(-1.744974964366E-02,93.472412005851));
#955 = CARTESIAN_POINT('',(-1.638329570106E-02,93.349336163061));
#956 = CARTESIAN_POINT('',(-1.411278579031E-02,93.157045866161));
#957 = CARTESIAN_POINT('',(-1.30575582607E-02,93.082945711748));
#958 = CARTESIAN_POINT('',(-1.186875301849E-02,93.014136044106));
#959 = CARTESIAN_POINT('',(-1.055012814832E-02,92.952041789184));
#960 = CARTESIAN_POINT('',(-9.108833579703E-03,92.898143463612));
#961 = CARTESIAN_POINT('',(-6.403921362524E-03,92.82124249237));
#962 = CARTESIAN_POINT('',(-5.190547814314E-03,92.793862519572));
#963 = CARTESIAN_POINT('',(-3.928306145489E-03,92.772711559338));
#964 = CARTESIAN_POINT('',(-2.631808323051E-03,92.7583811753));
#965 = CARTESIAN_POINT('',(-1.316974846405E-03,92.751194));
#966 = CARTESIAN_POINT('',(0.,92.751194));
#967 = ( GEOMETRIC_REPRESENTATION_CONTEXT(2) 
PARAMETRIC_REPRESENTATION_CONTEXT() REPRESENTATION_CONTEXT('2D SPACE',''
  ) );
#968 = PCURVE('',#768,#969);
#969 = DEFINITIONAL_REPRESENTATION('',(#970),#998);
#970 = B_SPLINE_CURVE_WITH_KNOTS('',6,(#971,#972,#973,#974,#975,#976,
    #977,#978,#979,#980,#981,#982,#983,#984,#985,#986,#987,#988,#989,
    #990,#991,#992,#993,#994,#995,#996,#997),.UNSPECIFIED.,.F.,.F.,(7,5,
    5,5,5,7),(0.,0.269683233753,0.498673146147,0.727662591225,
    0.883989888406,1.),.UNSPECIFIED.);
#971 = CARTESIAN_POINT('',(1.570796326795,-34.3));
#972 = CARTESIAN_POINT('',(1.734952695805,-34.3));
#973 = CARTESIAN_POINT('',(1.894641075992,-34.30076839446));
#974 = CARTESIAN_POINT('',(2.050044429555,-34.30223117668));
#975 = CARTESIAN_POINT('',(2.200697746492,-34.30405490219));
#976 = CARTESIAN_POINT('',(2.345599070374,-34.30585505865));
#977 = CARTESIAN_POINT('',(2.597556769371,-34.30875733184));
#978 = CARTESIAN_POINT('',(2.709708785657,-34.30995423932));
#979 = CARTESIAN_POINT('',(2.819372443338,-34.31090981728));
#980 = CARTESIAN_POINT('',(2.927358910478,-34.31156471746));
#981 = CARTESIAN_POINT('',(3.0344780552,-34.31189224829));
#982 = CARTESIAN_POINT('',(3.248707033383,-34.31189224829));
#983 = CARTESIAN_POINT('',(3.355827517329,-34.3115647185));
#984 = CARTESIAN_POINT('',(3.463814139066,-34.31090980322));
#985 = CARTESIAN_POINT('',(3.573476793729,-34.30995423346));
#986 = CARTESIAN_POINT('',(3.68562730173,-34.30875734608));
#987 = CARTESIAN_POINT('',(3.880313452056,-34.30651477759));
#988 = CARTESIAN_POINT('',(3.961144190453,-34.30553942694));
#989 = CARTESIAN_POINT('',(4.043820591215,-34.30453555148));
#990 = CARTESIAN_POINT('',(4.128416902821,-34.30355195377));
#991 = CARTESIAN_POINT('',(4.215062423552,-34.30264638131));
#992 = CARTESIAN_POINT('',(4.369968891506,-34.30130356859));
#993 = CARTESIAN_POINT('',(4.43719654827,-34.30080579743));
#994 = CARTESIAN_POINT('',(4.505320469474,-34.30040955119));
#995 = CARTESIAN_POINT('',(4.574061086228,-34.30013665965));
#996 = CARTESIAN_POINT('',(4.643168782458,-34.3));
#997 = CARTESIAN_POINT('',(4.712388980385,-34.3));
#998 = ( GEOMETRIC_REPRESENTATION_CONTEXT(2) 
PARAMETRIC_REPRESENTATION_CONTEXT() REPRESENTATION_CONTEXT('2D SPACE',''
  ) );
#999 = ORIENTED_EDGE('',*,*,#707,.F.);
#1000 = FACE_BOUND('',#1001,.T.);
#1001 = EDGE_LOOP('',(#1002));
#1002 = ORIENTED_EDGE('',*,*,#1003,.T.);
#1003 = EDGE_CURVE('',#1004,#1004,#1006,.T.);
#1004 = VERTEX_POINT('',#1005);
#1005 = CARTESIAN_POINT('',(1.25,-65.6881077517,56.978436));
#1006 = SURFACE_CURVE('',#1007,(#1052,#1100),.PCURVE_S1.);
#1007 = B_SPLINE_CURVE_WITH_KNOTS('',7,(#1008,#1009,#1010,#1011,#1012,
    #1013,#1014,#1015,#1016,#1017,#1018,#1019,#1020,#1021,#1022,#1023,
    #1024,#1025,#1026,#1027,#1028,#1029,#1030,#1031,#1032,#1033,#1034,
    #1035,#1036,#1037,#1038,#1039,#1040,#1041,#1042,#1043,#1044,#1045,
    #1046,#1047,#1048,#1049,#1050,#1051),.UNSPECIFIED.,.T.,.F.,(8,6,6,6,
    6,6,6,8),(0.,0.151261031158,0.287061584639,0.424364028997,
    0.587322907161,0.713814776177,0.839613917653,1.),.UNSPECIFIED.);
#1008 = CARTESIAN_POINT('',(1.25,-65.6881077517,56.978436));
#1009 = CARTESIAN_POINT('',(1.25,-65.6881077517,57.128604155621));
#1010 = CARTESIAN_POINT('',(1.228953379388,-65.68850823749,
    57.278853130912));
#1011 = CARTESIAN_POINT('',(1.186815867356,-65.68931017411,
    57.427046465263));
#1012 = CARTESIAN_POINT('',(1.12312277798,-65.69047948331,
    57.570821651984));
#1013 = CARTESIAN_POINT('',(1.037228771283,-65.69194391081,
    57.707266426675));
#1014 = CARTESIAN_POINT('',(0.928492229292,-65.69357086387,
    57.832615710634));
#1015 = CARTESIAN_POINT('',(0.678530129696,-65.6966025145,
    58.039402343187));
#1016 = CARTESIAN_POINT('',(0.538726775486,-65.69804963915,
    58.126529646638));
#1017 = CARTESIAN_POINT('',(0.380221360904,-65.69931299568,
    58.194036371338));
#1018 = CARTESIAN_POINT('',(0.208653216827,-65.70014980033,
    58.235772242908));
#1019 = CARTESIAN_POINT('',(3.125854169588E-02,-65.70039006682,
    58.248483516699));
#1020 = CARTESIAN_POINT('',(-0.144218648621,-65.70005305727,
    58.231951783955));
#1021 = CARTESIAN_POINT('',(-0.47934907112,-65.6984673556,
    58.145904916425));
#1022 = CARTESIAN_POINT('',(-0.634021975952,-65.69723138579,
    58.077034038032));
#1023 = CARTESIAN_POINT('',(-0.771814373134,-65.69571998974,
    57.987567259862));
#1024 = CARTESIAN_POINT('',(-0.890956867274,-65.69412686114,
    57.882038501577));
#1025 = CARTESIAN_POINT('',(-0.990516439015,-65.69261774575,
    57.764720086899));
#1026 = CARTESIAN_POINT('',(-1.070331445558,-65.69130898731,
    57.639659217126));
#1027 = CARTESIAN_POINT('',(-1.203079074262,-65.68902338137,
    57.3575561464));
#1028 = CARTESIAN_POINT('',(-1.250336685184,-65.68811750657,
    57.194367340717));
#1029 = CARTESIAN_POINT('',(-1.271653947235,-65.68768023762,
    57.025449310678));
#1030 = CARTESIAN_POINT('',(-1.266575926715,-65.68778364487,
    56.855069478574));
#1031 = CARTESIAN_POINT('',(-1.235176298675,-65.68841601425,
    56.687354754052));
#1032 = CARTESIAN_POINT('',(-1.177892933757,-65.68949214266,
    56.526328282963));
#1033 = CARTESIAN_POINT('',(-1.031337797141,-65.69193592307,
    56.259745479104));
#1034 = CARTESIAN_POINT('',(-0.950789471561,-65.69320617961,
    56.147468993386));
#1035 = CARTESIAN_POINT('',(-0.85336488776,-65.69461740971,
    56.042676751508));
#1036 = CARTESIAN_POINT('',(-0.739364880047,-65.69606824649,
    55.948752083027));
#1037 = CARTESIAN_POINT('',(-0.609725508737,-65.6974228051,
    55.869177777318));
#1038 = CARTESIAN_POINT('',(-0.46604772715,-65.69853029218,
    55.807551878909));
#1039 = CARTESIAN_POINT('',(-0.156526857075,-65.69999481981,
    55.728080426851));
#1040 = CARTESIAN_POINT('',(5.857931042007E-03,-65.70034008231,
    55.710852476934));
#1041 = CARTESIAN_POINT('',(0.170603057298,-65.70019470906,
    55.718716534307));
#1042 = CARTESIAN_POINT('',(0.331308877132,-65.69953381164,
    55.751794042387));
#1043 = CARTESIAN_POINT('',(0.481873962268,-65.69847461216,
    55.807746538182));
#1044 = CARTESIAN_POINT('',(0.617330386211,-65.69720456728,
    55.881867807538));
#1045 = CARTESIAN_POINT('',(0.884410767993,-65.69421758617,
    56.075913063298));
#1046 = CARTESIAN_POINT('',(1.008196991606,-65.69243523156,
    56.205337474065));
#1047 = CARTESIAN_POINT('',(1.105929237074,-65.69079437526,
    56.348575374784));
#1048 = CARTESIAN_POINT('',(1.178313764788,-65.68947202652,
    56.500837250258));
#1049 = CARTESIAN_POINT('',(1.226133707083,-65.6885618788,
    56.658459361736));
#1050 = CARTESIAN_POINT('',(1.25,-65.6881077517,56.818524072695));
#1051 = CARTESIAN_POINT('',(1.25,-65.6881077517,56.978436));
#1052 = PCURVE('',#621,#1053);
#1053 = DEFINITIONAL_REPRESENTATION('',(#1054),#1099);
#1054 = B_SPLINE_CURVE_WITH_KNOTS('',7,(#1055,#1056,#1057,#1058,#1059,
    #1060,#1061,#1062,#1063,#1064,#1065,#1066,#1067,#1068,#1069,#1070,
    #1071,#1072,#1073,#1074,#1075,#1076,#1077,#1078,#1079,#1080,#1081,
    #1082,#1083,#1084,#1085,#1086,#1087,#1088,#1089,#1090,#1091,#1092,
    #1093,#1094,#1095,#1096,#1097,#1098),.UNSPECIFIED.,.T.,.F.,(8,6,6,6,
    6,6,6,8),(0.,0.151261031158,0.287061584639,0.424364028997,
    0.587322907161,0.713814776177,0.839613917653,1.),.UNSPECIFIED.);
#1055 = CARTESIAN_POINT('',(-1.551769303574,93.978436));
#1056 = CARTESIAN_POINT('',(-1.551769303574,94.128604155621));
#1057 = CARTESIAN_POINT('',(-1.552089705872,94.278853130912));
#1058 = CARTESIAN_POINT('',(-1.552731184418,94.427046465263));
#1059 = CARTESIAN_POINT('',(-1.55370080103,94.570821651983));
#1060 = CARTESIAN_POINT('',(-1.555008355337,94.707266426675));
#1061 = CARTESIAN_POINT('',(-1.556663580235,94.832615710634));
#1062 = CARTESIAN_POINT('',(-1.560468458218,95.039402343187));
#1063 = CARTESIAN_POINT('',(-1.562596473674,95.126529646638));
#1064 = CARTESIAN_POINT('',(-1.565009103005,95.194036371338));
#1065 = CARTESIAN_POINT('',(-1.567620494998,95.235772242908));
#1066 = CARTESIAN_POINT('',(-1.570320544675,95.248483516699));
#1067 = CARTESIAN_POINT('',(-1.572991424864,95.231951783955));
#1068 = CARTESIAN_POINT('',(-1.578092401636,95.145904916425));
#1069 = CARTESIAN_POINT('',(-1.580446694185,95.077034038032));
#1070 = CARTESIAN_POINT('',(-1.58254410395,94.987567259862));
#1071 = CARTESIAN_POINT('',(-1.584357692637,94.882038501576));
#1072 = CARTESIAN_POINT('',(-1.585873231079,94.764720086899));
#1073 = CARTESIAN_POINT('',(-1.58708823428,94.639659217126));
#1074 = CARTESIAN_POINT('',(-1.589109045599,94.3575561464));
#1075 = CARTESIAN_POINT('',(-1.589828470279,94.194367340717));
#1076 = CARTESIAN_POINT('',(-1.590153002669,94.025449310678));
#1077 = CARTESIAN_POINT('',(-1.590075695526,93.855069478574));
#1078 = CARTESIAN_POINT('',(-1.58959767385,93.687354754052));
#1079 = CARTESIAN_POINT('',(-1.588725629046,93.526328282963));
#1080 = CARTESIAN_POINT('',(-1.586494647159,93.259745479104));
#1081 = CARTESIAN_POINT('',(-1.585268493299,93.147468993386));
#1082 = CARTESIAN_POINT('',(-1.583785469442,93.042676751508));
#1083 = CARTESIAN_POINT('',(-1.582050174329,92.948752083027));
#1084 = CARTESIAN_POINT('',(-1.580076875306,92.869177777318));
#1085 = CARTESIAN_POINT('',(-1.577889943602,92.807551878909));
#1086 = CARTESIAN_POINT('',(-1.573178766511,92.728080426851));
#1087 = CARTESIAN_POINT('',(-1.570707159079,92.710852476933));
#1088 = CARTESIAN_POINT('',(-1.568199640607,92.718716534307));
#1089 = CARTESIAN_POINT('',(-1.565753586212,92.751794042387));
#1090 = CARTESIAN_POINT('',(-1.563461833532,92.807746538182));
#1091 = CARTESIAN_POINT('',(-1.56140000473,92.881867807538));
#1092 = CARTESIAN_POINT('',(-1.557334600099,93.075913063298));
#1093 = CARTESIAN_POINT('',(-1.555450301562,93.205337474065));
#1094 = CARTESIAN_POINT('',(-1.553962542649,93.348575374784));
#1095 = CARTESIAN_POINT('',(-1.552860615783,93.500837250258));
#1096 = CARTESIAN_POINT('',(-1.552132631033,93.658459361736));
#1097 = CARTESIAN_POINT('',(-1.551769303574,93.818524072695));
#1098 = CARTESIAN_POINT('',(-1.551769303574,93.978436));
#1099 = ( GEOMETRIC_REPRESENTATION_CONTEXT(2) 
PARAMETRIC_REPRESENTATION_CONTEXT() REPRESENTATION_CONTEXT('2D SPACE',''
  ) );
#1100 = PCURVE('',#1101,#1106);
#1101 = CYLINDRICAL_SURFACE('',#1102,1.25);
#1102 = AXIS2_PLACEMENT_3D('',#1103,#1104,#1105);
#1103 = CARTESIAN_POINT('',(0.,-100.,56.978436));
#1104 = DIRECTION('',(0.,-1.,2.22044604925E-16));
#1105 = DIRECTION('',(1.,0.,0.));
#1106 = DEFINITIONAL_REPRESENTATION('',(#1107),#1152);
#1107 = B_SPLINE_CURVE_WITH_KNOTS('',7,(#1108,#1109,#1110,#1111,#1112,
    #1113,#1114,#1115,#1116,#1117,#1118,#1119,#1120,#1121,#1122,#1123,
    #1124,#1125,#1126,#1127,#1128,#1129,#1130,#1131,#1132,#1133,#1134,
    #1135,#1136,#1137,#1138,#1139,#1140,#1141,#1142,#1143,#1144,#1145,
    #1146,#1147,#1148,#1149,#1150,#1151),.UNSPECIFIED.,.F.,.F.,(8,6,6,6,
    6,6,6,8),(0.,0.151261031158,0.287061584639,0.424364028997,
    0.587322907161,0.713814776177,0.839613917653,1.),.UNSPECIFIED.);
#1108 = CARTESIAN_POINT('',(0.,-34.31189224829));
#1109 = CARTESIAN_POINT('',(0.120134524497,-34.31189224829));
#1110 = CARTESIAN_POINT('',(0.240333216875,-34.3114917625));
#1111 = CARTESIAN_POINT('',(0.361722023926,-34.31068982588));
#1112 = CARTESIAN_POINT('',(0.485247279965,-34.30952051669));
#1113 = CARTESIAN_POINT('',(0.611945864639,-34.30805608918));
#1114 = CARTESIAN_POINT('',(0.74289320751,-34.30642913612));
#1115 = CARTESIAN_POINT('',(1.002421102133,-34.30339748549));
#1116 = CARTESIAN_POINT('',(1.133027683424,-34.30195036084));
#1117 = CARTESIAN_POINT('',(1.26817483476,-34.30068700431));
#1118 = CARTESIAN_POINT('',(1.406034182914,-34.29985019966));
#1119 = CARTESIAN_POINT('',(1.545224891275,-34.29960993317));
#1120 = CARTESIAN_POINT('',(1.684484583645,-34.29994694272));
#1121 = CARTESIAN_POINT('',(1.961285119478,-34.30153264439));
#1122 = CARTESIAN_POINT('',(2.094838511056,-34.3027686142));
#1123 = CARTESIAN_POINT('',(2.223807368656,-34.30428001025));
#1124 = CARTESIAN_POINT('',(2.348742048529,-34.30587313886));
#1125 = CARTESIAN_POINT('',(2.470002382201,-34.30738225424));
#1126 = CARTESIAN_POINT('',(2.587715530131,-34.30869101268));
#1127 = CARTESIAN_POINT('',(2.837136075158,-34.31097661862));
#1128 = CARTESIAN_POINT('',(2.971358959732,-34.31188249342));
#1129 = CARTESIAN_POINT('',(3.104946205984,-34.31231976237));
#1130 = CARTESIAN_POINT('',(3.238391030099,-34.31221635512));
#1131 = CARTESIAN_POINT('',(3.372267781088,-34.31158398574));
#1132 = CARTESIAN_POINT('',(3.507232089367,-34.31050785733));
#1133 = CARTESIAN_POINT('',(3.750601503231,-34.30806407692));
#1134 = CARTESIAN_POINT('',(3.860355721336,-34.30679382038));
#1135 = CARTESIAN_POINT('',(3.973333699151,-34.30538259028));
#1136 = CARTESIAN_POINT('',(4.0895720095,-34.3039317535));
#1137 = CARTESIAN_POINT('',(4.209294441894,-34.30257719489));
#1138 = CARTESIAN_POINT('',(4.332886415423,-34.30146970781));
#1139 = CARTESIAN_POINT('',(4.588534774798,-34.30000518018));
#1140 = CARTESIAN_POINT('',(4.717788419224,-34.29965991768));
#1141 = CARTESIAN_POINT('',(4.847264586558,-34.29980529093));
#1142 = CARTESIAN_POINT('',(4.975780054845,-34.30046618835));
#1143 = CARTESIAN_POINT('',(5.10209129187,-34.30152538783));
#1144 = CARTESIAN_POINT('',(5.224614840644,-34.30279543272));
#1145 = CARTESIAN_POINT('',(5.488718446515,-34.30578241382));
#1146 = CARTESIAN_POINT('',(5.62969443248,-34.30756476843));
#1147 = CARTESIAN_POINT('',(5.765593085007,-34.30920562473));
#1148 = CARTESIAN_POINT('',(5.897683581889,-34.31052797347));
#1149 = CARTESIAN_POINT('',(6.027204843467,-34.31143812119));
#1150 = CARTESIAN_POINT('',(6.155255765335,-34.31189224829));
#1151 = CARTESIAN_POINT('',(6.28318530718,-34.31189224829));
#1152 = ( GEOMETRIC_REPRESENTATION_CONTEXT(2) 
PARAMETRIC_REPRESENTATION_CONTEXT() REPRESENTATION_CONTEXT('2D SPACE',''
  ) );
#1153 = FACE_BOUND('',#1154,.T.);
#1154 = EDGE_LOOP('',(#1155));
#1155 = ORIENTED_EDGE('',*,*,#1156,.F.);
#1156 = EDGE_CURVE('',#1157,#1157,#1159,.T.);
#1157 = VERTEX_POINT('',#1158);
#1158 = CARTESIAN_POINT('',(1.25,65.688107751708,56.978436));
#1159 = SURFACE_CURVE('',#1160,(#1205,#1253),.PCURVE_S1.);
#1160 = B_SPLINE_CURVE_WITH_KNOTS('',7,(#1161,#1162,#1163,#1164,#1165,
    #1166,#1167,#1168,#1169,#1170,#1171,#1172,#1173,#1174,#1175,#1176,
    #1177,#1178,#1179,#1180,#1181,#1182,#1183,#1184,#1185,#1186,#1187,
    #1188,#1189,#1190,#1191,#1192,#1193,#1194,#1195,#1196,#1197,#1198,
    #1199,#1200,#1201,#1202,#1203,#1204),.UNSPECIFIED.,.T.,.F.,(8,6,6,6,
    6,6,6,8),(0.,0.151261031234,0.287061584895,0.424364029272,
    0.587322907353,0.71381477631,0.839613917728,1.),.UNSPECIFIED.);
#1161 = CARTESIAN_POINT('',(1.25,65.688107751708,56.978436));
#1162 = CARTESIAN_POINT('',(1.25,65.688107751708,57.128604155621));
#1163 = CARTESIAN_POINT('',(1.228953379388,65.688508237498,
    57.278853130912));
#1164 = CARTESIAN_POINT('',(1.186815867355,65.689310174112,
    57.427046465263));
#1165 = CARTESIAN_POINT('',(1.123122777981,65.69047948331,
    57.570821651984));
#1166 = CARTESIAN_POINT('',(1.037228771283,65.691943910818,
    57.707266426675));
#1167 = CARTESIAN_POINT('',(0.928492229292,65.693570863873,
    57.832615710634));
#1168 = CARTESIAN_POINT('',(0.678530129599,65.696602514506,
    58.039402343267));
#1169 = CARTESIAN_POINT('',(0.538726775576,65.698049639158,
    58.126529646517));
#1170 = CARTESIAN_POINT('',(0.380221361017,65.699312995683,
    58.194036371362));
#1171 = CARTESIAN_POINT('',(0.208653216722,65.700149800336,
    58.235772242977));
#1172 = CARTESIAN_POINT('',(3.12585415795E-02,65.700390066819,
    58.248483516629));
#1173 = CARTESIAN_POINT('',(-0.144218648501,65.70005305728,
    58.231951783985));
#1174 = CARTESIAN_POINT('',(-0.47934907104,65.698467355607,
    58.145904916446));
#1175 = CARTESIAN_POINT('',(-0.634021975945,65.697231385797,
    58.077034038062));
#1176 = CARTESIAN_POINT('',(-0.771814373196,65.69571998974,
    57.987567259836));
#1177 = CARTESIAN_POINT('',(-0.890956867319,65.69412686114,
    57.882038501514));
#1178 = CARTESIAN_POINT('',(-0.990516438995,65.692617745753,
    57.764720086887));
#1179 = CARTESIAN_POINT('',(-1.07033144552,65.691308987314,
    57.639659217206));
#1180 = CARTESIAN_POINT('',(-1.20307907426,65.689023381377,
    57.357556146403));
#1181 = CARTESIAN_POINT('',(-1.250336685183,65.688117506579,
    57.194367340722));
#1182 = CARTESIAN_POINT('',(-1.271653947235,65.687680237622,
    57.025449310681));
#1183 = CARTESIAN_POINT('',(-1.266575926716,65.687783644874,
    56.855069478573));
#1184 = CARTESIAN_POINT('',(-1.235176298675,65.688416014255,
    56.687354754047));
#1185 = CARTESIAN_POINT('',(-1.177892933753,65.689492142663,
    56.526328282957));
#1186 = CARTESIAN_POINT('',(-1.031337797141,65.691935923076,
    56.259745479104));
#1187 = CARTESIAN_POINT('',(-0.950789471561,65.693206179615,
    56.147468993386));
#1188 = CARTESIAN_POINT('',(-0.85336488776,65.694617409718,
    56.042676751509));
#1189 = CARTESIAN_POINT('',(-0.739364880047,65.696068246495,
    55.948752083026));
#1190 = CARTESIAN_POINT('',(-0.609725508737,65.697422805105,
    55.869177777318));
#1191 = CARTESIAN_POINT('',(-0.46604772715,65.698530292189,
    55.807551878909));
#1192 = CARTESIAN_POINT('',(-0.156526857075,65.699994819813,
    55.728080426851));
#1193 = CARTESIAN_POINT('',(5.857931042565E-03,65.700340082318,
    55.710852476933));
#1194 = CARTESIAN_POINT('',(0.170603057297,65.700194709061,
    55.718716534307));
#1195 = CARTESIAN_POINT('',(0.331308877133,65.699533811641,
    55.751794042387));
#1196 = CARTESIAN_POINT('',(0.481873962268,65.698474612163,
    55.807746538182));
#1197 = CARTESIAN_POINT('',(0.617330386211,65.69720456728,
    55.881867807538));
#1198 = CARTESIAN_POINT('',(0.884410767993,65.694217586173,
    56.075913063298));
#1199 = CARTESIAN_POINT('',(1.008196991606,65.692435231561,
    56.205337474065));
#1200 = CARTESIAN_POINT('',(1.105929237074,65.690794375263,
    56.348575374784));
#1201 = CARTESIAN_POINT('',(1.178313764788,65.689472026528,
    56.500837250258));
#1202 = CARTESIAN_POINT('',(1.226133707083,65.688561878805,
    56.658459361736));
#1203 = CARTESIAN_POINT('',(1.25,65.688107751708,56.818524072695));
#1204 = CARTESIAN_POINT('',(1.25,65.688107751708,56.978436));
#1205 = PCURVE('',#621,#1206);
#1206 = DEFINITIONAL_REPRESENTATION('',(#1207),#1252);
#1207 = B_SPLINE_CURVE_WITH_KNOTS('',7,(#1208,#1209,#1210,#1211,#1212,
    #1213,#1214,#1215,#1216,#1217,#1218,#1219,#1220,#1221,#1222,#1223,
    #1224,#1225,#1226,#1227,#1228,#1229,#1230,#1231,#1232,#1233,#1234,
    #1235,#1236,#1237,#1238,#1239,#1240,#1241,#1242,#1243,#1244,#1245,
    #1246,#1247,#1248,#1249,#1250,#1251),.UNSPECIFIED.,.T.,.F.,(8,6,6,6,
    6,6,6,8),(0.,0.151261031234,0.287061584895,0.424364029272,
    0.587322907353,0.71381477631,0.839613917728,1.),.UNSPECIFIED.);
#1208 = CARTESIAN_POINT('',(-4.731416003605,93.978436));
#1209 = CARTESIAN_POINT('',(-4.731416003605,94.128604155621));
#1210 = CARTESIAN_POINT('',(-4.731095601307,94.278853130912));
#1211 = CARTESIAN_POINT('',(-4.730454122761,94.427046465262));
#1212 = CARTESIAN_POINT('',(-4.729484506149,94.570821651984));
#1213 = CARTESIAN_POINT('',(-4.728176951842,94.707266426675));
#1214 = CARTESIAN_POINT('',(-4.726521726945,94.832615710634));
#1215 = CARTESIAN_POINT('',(-4.72271684896,95.039402343267));
#1216 = CARTESIAN_POINT('',(-4.720588833507,95.126529646517));
#1217 = CARTESIAN_POINT('',(-4.718176204177,95.194036371362));
#1218 = CARTESIAN_POINT('',(-4.71556481218,95.235772242977));
#1219 = CARTESIAN_POINT('',(-4.712864762502,95.248483516629));
#1220 = CARTESIAN_POINT('',(-4.710193882317,95.231951783985));
#1221 = CARTESIAN_POINT('',(-4.705092905545,95.145904916446));
#1222 = CARTESIAN_POINT('',(-4.702738612995,95.077034038062));
#1223 = CARTESIAN_POINT('',(-4.700641203228,94.987567259836));
#1224 = CARTESIAN_POINT('',(-4.698827614542,94.882038501514));
#1225 = CARTESIAN_POINT('',(-4.697312076101,94.764720086887));
#1226 = CARTESIAN_POINT('',(-4.6960970729,94.639659217206));
#1227 = CARTESIAN_POINT('',(-4.694076261581,94.357556146403));
#1228 = CARTESIAN_POINT('',(-4.693356836901,94.194367340722));
#1229 = CARTESIAN_POINT('',(-4.69303230451,94.025449310681));
#1230 = CARTESIAN_POINT('',(-4.693109611654,93.855069478573));
#1231 = CARTESIAN_POINT('',(-4.693587633329,93.687354754047));
#1232 = CARTESIAN_POINT('',(-4.694459678134,93.526328282957));
#1233 = CARTESIAN_POINT('',(-4.696690660021,93.259745479104));
#1234 = CARTESIAN_POINT('',(-4.697916813881,93.147468993386));
#1235 = CARTESIAN_POINT('',(-4.699399837738,93.042676751509));
#1236 = CARTESIAN_POINT('',(-4.70113513285,92.948752083026));
#1237 = CARTESIAN_POINT('',(-4.703108431874,92.869177777318));
#1238 = CARTESIAN_POINT('',(-4.705295363578,92.807551878909));
#1239 = CARTESIAN_POINT('',(-4.710006540668,92.728080426851));
#1240 = CARTESIAN_POINT('',(-4.712478148101,92.710852476933));
#1241 = CARTESIAN_POINT('',(-4.714985666572,92.718716534307));
#1242 = CARTESIAN_POINT('',(-4.717431720967,92.751794042387));
#1243 = CARTESIAN_POINT('',(-4.719723473648,92.807746538182));
#1244 = CARTESIAN_POINT('',(-4.72178530245,92.881867807538));
#1245 = CARTESIAN_POINT('',(-4.72585070708,93.075913063298));
#1246 = CARTESIAN_POINT('',(-4.727735005618,93.205337474065));
#1247 = CARTESIAN_POINT('',(-4.72922276453,93.348575374784));
#1248 = CARTESIAN_POINT('',(-4.730324691396,93.500837250258));
#1249 = CARTESIAN_POINT('',(-4.731052676146,93.658459361736));
#1250 = CARTESIAN_POINT('',(-4.731416003605,93.818524072695));
#1251 = CARTESIAN_POINT('',(-4.731416003605,93.978436));
#1252 = ( GEOMETRIC_REPRESENTATION_CONTEXT(2) 
PARAMETRIC_REPRESENTATION_CONTEXT() REPRESENTATION_CONTEXT('2D SPACE',''
  ) );
#1253 = PCURVE('',#1254,#1259);
#1254 = CYLINDRICAL_SURFACE('',#1255,1.25);
#1255 = AXIS2_PLACEMENT_3D('',#1256,#1257,#1258);
#1256 = CARTESIAN_POINT('',(0.,-100.,56.978436));
#1257 = DIRECTION('',(0.,-1.,2.22044604925E-16));
#1258 = DIRECTION('',(1.,0.,0.));
#1259 = DEFINITIONAL_REPRESENTATION('',(#1260),#1305);
#1260 = B_SPLINE_CURVE_WITH_KNOTS('',7,(#1261,#1262,#1263,#1264,#1265,
    #1266,#1267,#1268,#1269,#1270,#1271,#1272,#1273,#1274,#1275,#1276,
    #1277,#1278,#1279,#1280,#1281,#1282,#1283,#1284,#1285,#1286,#1287,
    #1288,#1289,#1290,#1291,#1292,#1293,#1294,#1295,#1296,#1297,#1298,
    #1299,#1300,#1301,#1302,#1303,#1304),.UNSPECIFIED.,.F.,.F.,(8,6,6,6,
    6,6,6,8),(0.,0.151261031234,0.287061584895,0.424364029272,
    0.587322907353,0.71381477631,0.839613917728,1.),.UNSPECIFIED.);
#1261 = CARTESIAN_POINT('',(0.,-165.6881077517));
#1262 = CARTESIAN_POINT('',(0.120134524497,-165.6881077517));
#1263 = CARTESIAN_POINT('',(0.240333216875,-165.6885082374));
#1264 = CARTESIAN_POINT('',(0.361722023926,-165.6893101741));
#1265 = CARTESIAN_POINT('',(0.485247279965,-165.6904794833));
#1266 = CARTESIAN_POINT('',(0.611945864639,-165.6919439108));
#1267 = CARTESIAN_POINT('',(0.74289320751,-165.6935708638));
#1268 = CARTESIAN_POINT('',(1.002421102234,-165.6966025145));
#1269 = CARTESIAN_POINT('',(1.133027683307,-165.6980496391));
#1270 = CARTESIAN_POINT('',(1.268174834711,-165.6993129956));
#1271 = CARTESIAN_POINT('',(1.406034182973,-165.7001498003));
#1272 = CARTESIAN_POINT('',(1.545224891379,-165.7003900668));
#1273 = CARTESIAN_POINT('',(1.684484583546,-165.7000530572));
#1274 = CARTESIAN_POINT('',(1.961285119412,-165.6984673556));
#1275 = CARTESIAN_POINT('',(2.094838511045,-165.6972313857));
#1276 = CARTESIAN_POINT('',(2.223807368703,-165.6957199897));
#1277 = CARTESIAN_POINT('',(2.348742048585,-165.6941268611));
#1278 = CARTESIAN_POINT('',(2.470002382203,-165.6926177457));
#1279 = CARTESIAN_POINT('',(2.587715530061,-165.6913089873));
#1280 = CARTESIAN_POINT('',(2.837136075155,-165.6890233813));
#1281 = CARTESIAN_POINT('',(2.971358959728,-165.6881175065));
#1282 = CARTESIAN_POINT('',(3.104946205981,-165.6876802376));
#1283 = CARTESIAN_POINT('',(3.2383910301,-165.6877836448));
#1284 = CARTESIAN_POINT('',(3.372267781092,-165.6884160142));
#1285 = CARTESIAN_POINT('',(3.507232089372,-165.6894921426));
#1286 = CARTESIAN_POINT('',(3.75060150323,-165.691935923));
#1287 = CARTESIAN_POINT('',(3.860355721336,-165.6932061796));
#1288 = CARTESIAN_POINT('',(3.97333369915,-165.6946174097));
#1289 = CARTESIAN_POINT('',(4.0895720095,-165.6960682464));
#1290 = CARTESIAN_POINT('',(4.209294441893,-165.6974228051));
#1291 = CARTESIAN_POINT('',(4.332886415423,-165.6985302921));
#1292 = CARTESIAN_POINT('',(4.588534774798,-165.6999948198));
#1293 = CARTESIAN_POINT('',(4.717788419224,-165.7003400823));
#1294 = CARTESIAN_POINT('',(4.847264586557,-165.700194709));
#1295 = CARTESIAN_POINT('',(4.975780054846,-165.6995338116));
#1296 = CARTESIAN_POINT('',(5.10209129187,-165.6984746121));
#1297 = CARTESIAN_POINT('',(5.224614840644,-165.6972045672));
#1298 = CARTESIAN_POINT('',(5.488718446515,-165.6942175861));
#1299 = CARTESIAN_POINT('',(5.62969443248,-165.6924352315));
#1300 = CARTESIAN_POINT('',(5.765593085008,-165.6907943752));
#1301 = CARTESIAN_POINT('',(5.897683581889,-165.6894720265));
#1302 = CARTESIAN_POINT('',(6.027204843467,-165.6885618788));
#1303 = CARTESIAN_POINT('',(6.155255765335,-165.6881077517));
#1304 = CARTESIAN_POINT('',(6.28318530718,-165.6881077517));
#1305 = ( GEOMETRIC_REPRESENTATION_CONTEXT(2) 
PARAMETRIC_REPRESENTATION_CONTEXT() REPRESENTATION_CONTEXT('2D SPACE',''
  ) );
#1306 = FACE_BOUND('',#1307,.T.);
#1307 = EDGE_LOOP('',(#1308));
#1308 = ORIENTED_EDGE('',*,*,#1309,.F.);
#1309 = EDGE_CURVE('',#1310,#1310,#1312,.T.);
#1310 = VERTEX_POINT('',#1311);
#1311 = CARTESIAN_POINT('',(-65.6881077517,1.25,57.001194));
#1312 = SURFACE_CURVE('',#1313,(#1379,#1448),.PCURVE_S1.);
#1313 = B_SPLINE_CURVE_WITH_KNOTS('',8,(#1314,#1315,#1316,#1317,#1318,
    #1319,#1320,#1321,#1322,#1323,#1324,#1325,#1326,#1327,#1328,#1329,
    #1330,#1331,#1332,#1333,#1334,#1335,#1336,#1337,#1338,#1339,#1340,
    #1341,#1342,#1343,#1344,#1345,#1346,#1347,#1348,#1349,#1350,#1351,
    #1352,#1353,#1354,#1355,#1356,#1357,#1358,#1359,#1360,#1361,#1362,
    #1363,#1364,#1365,#1366,#1367,#1368,#1369,#1370,#1371,#1372,#1373,
    #1374,#1375,#1376,#1377,#1378),.UNSPECIFIED.,.T.,.F.,(9,7,7,7,7,7,7,
    7,7,9),(0.,0.114042133179,0.209874968032,0.307070045827,
    0.416544432447,0.499175951243,0.613427742125,0.709436758284,
    0.806819916224,1.),.UNSPECIFIED.);
#1314 = CARTESIAN_POINT('',(-65.6881077517,1.25,57.001194));
#1315 = CARTESIAN_POINT('',(-65.6881077517,1.25,57.101613731056));
#1316 = CARTESIAN_POINT('',(-65.68828321409,1.240780128722,
    57.202036817454));
#1317 = CARTESIAN_POINT('',(-65.68863408733,1.222339622579,
    57.301862894614));
#1318 = CARTESIAN_POINT('',(-65.68915462273,1.194605366405,
    57.400469440524));
#1319 = CARTESIAN_POINT('',(-65.68983272955,1.157447873775,
    57.49717508415));
#1320 = CARTESIAN_POINT('',(-65.69064906187,1.110699504282,
    57.591199634735));
#1321 = CARTESIAN_POINT('',(-65.69157583728,1.054174917762,
    57.681620831971));
#1322 = CARTESIAN_POINT('',(-65.69341533762,0.931827770062,
    57.839349824367));
#1323 = CARTESIAN_POINT('',(-65.69431044346,0.868680877752,
    57.908364700175));
#1324 = CARTESIAN_POINT('',(-65.6952353725,0.798291893897,
    57.973330042515));
#1325 = CARTESIAN_POINT('',(-65.69615830309,0.720841226073,
    58.033211413627));
#1326 = CARTESIAN_POINT('',(-65.69704245753,0.636643726919,
    58.086984560602));
#1327 = CARTESIAN_POINT('',(-65.69784842415,0.546147027661,
    58.133635835067));
#1328 = CARTESIAN_POINT('',(-65.69853726823,0.449935362311,
    58.172160811919));
#1329 = CARTESIAN_POINT('',(-65.69961923097,0.246103916797,
    58.231379321087));
#1330 = CARTESIAN_POINT('',(-65.70000519161,0.138872915632,
    58.251656919627));
#1331 = CARTESIAN_POINT('',(-65.70019428364,2.87944761653E-02,
    58.261262410541));
#1332 = CARTESIAN_POINT('',(-65.70016314679,-8.219173267756E-02,
    58.259621480604));
#1333 = CARTESIAN_POINT('',(-65.69991043763,-0.192074733401,
    58.24671300176));
#1334 = CARTESIAN_POINT('',(-65.69945812083,-0.298891815746,
    58.223065122437));
#1335 = CARTESIAN_POINT('',(-65.69884670468,-0.400847925072,
    58.189751443968));
#1336 = CARTESIAN_POINT('',(-65.69731088618,-0.604097943236,
    58.10179730707));
#1337 = CARTESIAN_POINT('',(-65.69635607575,-0.703767974762,
    58.044956835972));
#1338 = CARTESIAN_POINT('',(-65.69531691264,-0.794859348232,
    57.979451873715));
#1339 = CARTESIAN_POINT('',(-65.69424913517,-0.876996482001,
    57.906725423263));
#1340 = CARTESIAN_POINT('',(-65.69320275856,-0.949971480532,
    57.828101789129));
#1341 = CARTESIAN_POINT('',(-65.69221924995,-1.013712054434,
    57.744805930805));
#1342 = CARTESIAN_POINT('',(-65.69133041667,-1.068259702426,
    57.657977866142));
#1343 = CARTESIAN_POINT('',(-65.6899767468,-1.148100492056,
    57.501281493647));
#1344 = CARTESIAN_POINT('',(-65.68945976659,-1.177382791797,
    57.432287874409));
#1345 = CARTESIAN_POINT('',(-65.68901739668,-1.201676372592,
    57.362028929124));
#1346 = CARTESIAN_POINT('',(-65.68865678913,-1.221042694422,
    57.290796796008));
#1347 = CARTESIAN_POINT('',(-65.6883830782,-1.235531224179,
    57.218856271273));
#1348 = CARTESIAN_POINT('',(-65.68819953994,-1.245177300734,
    57.146452991057));
#1349 = CARTESIAN_POINT('',(-65.6881077517,-1.25,57.073821613364));
#1350 = CARTESIAN_POINT('',(-65.6881077517,-1.25,56.900774268944));
#1351 = CARTESIAN_POINT('',(-65.68828321409,-1.240780128722,
    56.800351182546));
#1352 = CARTESIAN_POINT('',(-65.68863408733,-1.222339622579,
    56.700525105386));
#1353 = CARTESIAN_POINT('',(-65.68915462273,-1.194605366405,
    56.601918559476));
#1354 = CARTESIAN_POINT('',(-65.68983272955,-1.157447873775,
    56.50521291585));
#1355 = CARTESIAN_POINT('',(-65.69064906187,-1.110699504282,
    56.411188365265));
#1356 = CARTESIAN_POINT('',(-65.69157583728,-1.054174917762,
    56.320767168029));
#1357 = CARTESIAN_POINT('',(-65.69341533762,-0.931827770062,
    56.163038175633));
#1358 = CARTESIAN_POINT('',(-65.69431044346,-0.868680877752,
    56.094023299825));
#1359 = CARTESIAN_POINT('',(-65.6952353725,-0.798291893897,
    56.029057957485));
#1360 = CARTESIAN_POINT('',(-65.69615830309,-0.720841226073,
    55.969176586373));
#1361 = CARTESIAN_POINT('',(-65.69704245753,-0.636643726919,
    55.915403439398));
#1362 = CARTESIAN_POINT('',(-65.69784842415,-0.546147027661,
    55.868752164933));
#1363 = CARTESIAN_POINT('',(-65.69853726823,-0.449935362311,
    55.830227188082));
#1364 = CARTESIAN_POINT('',(-65.69961928353,-0.246094014745,
    55.771005802101));
#1365 = CARTESIAN_POINT('',(-65.70000523288,-0.138859041781,
    55.750729171252));
#1366 = CARTESIAN_POINT('',(-65.70019427657,-2.878235269894E-02,
    55.741126009891));
#1367 = CARTESIAN_POINT('',(-65.70016310791,8.219786253559E-02,
    55.742768411939));
#1368 = CARTESIAN_POINT('',(-65.69991041542,0.192073195658,
    55.755676200007));
#1369 = CARTESIAN_POINT('',(-65.69945815087,0.298884284266,
    55.779321467945));
#1370 = CARTESIAN_POINT('',(-65.69884676639,0.400839757506,
    55.812633021611));
#1371 = CARTESIAN_POINT('',(-65.69669149593,0.686067967571,
    55.936062289965));
#1372 = CARTESIAN_POINT('',(-65.69482956907,0.849680733168,
    56.049396651294));
#1373 = CARTESIAN_POINT('',(-65.69285509552,0.985174434848,
    56.184844780764));
#1374 = CARTESIAN_POINT('',(-65.69104999725,1.092379467822,
    56.335712905889));
#1375 = CARTESIAN_POINT('',(-65.6895967655,1.171744996555,
    56.496676876948));
#1376 = CARTESIAN_POINT('',(-65.68860185575,1.224035949659,
    56.663486628693));
#1377 = CARTESIAN_POINT('',(-65.6881077517,1.25,56.832676320321));
#1378 = CARTESIAN_POINT('',(-65.6881077517,1.25,57.001194));
#1379 = PCURVE('',#621,#1380);
#1380 = DEFINITIONAL_REPRESENTATION('',(#1381),#1447);
#1381 = B_SPLINE_CURVE_WITH_KNOTS('',8,(#1382,#1383,#1384,#1385,#1386,
    #1387,#1388,#1389,#1390,#1391,#1392,#1393,#1394,#1395,#1396,#1397,
    #1398,#1399,#1400,#1401,#1402,#1403,#1404,#1405,#1406,#1407,#1408,
    #1409,#1410,#1411,#1412,#1413,#1414,#1415,#1416,#1417,#1418,#1419,
    #1420,#1421,#1422,#1423,#1424,#1425,#1426,#1427,#1428,#1429,#1430,
    #1431,#1432,#1433,#1434,#1435,#1436,#1437,#1438,#1439,#1440,#1441,
    #1442,#1443,#1444,#1445,#1446),.UNSPECIFIED.,.F.,.F.,(9,7,7,7,7,7,7,
    7,7,9),(0.,0.114042133179,0.209874968032,0.307070045827,
    0.416544432447,0.499175951243,0.613427742125,0.709436758284,
    0.806819916224,1.),.UNSPECIFIED.);
#1382 = CARTESIAN_POINT('',(-3.160619676811,94.001194));
#1383 = CARTESIAN_POINT('',(-3.160619676811,94.101613731056));
#1384 = CARTESIAN_POINT('',(-3.1604793185,94.202036817454));
#1385 = CARTESIAN_POINT('',(-3.160198590293,94.301862894614));
#1386 = CARTESIAN_POINT('',(-3.15977638116,94.400469440524));
#1387 = CARTESIAN_POINT('',(-3.159210724096,94.49717508415));
#1388 = CARTESIAN_POINT('',(-3.158499073234,94.591199634735));
#1389 = CARTESIAN_POINT('',(-3.157638614608,94.681620831971));
#1390 = CARTESIAN_POINT('',(-3.15577619489,94.839349824367));
#1391 = CARTESIAN_POINT('',(-3.154814958792,94.908364700175));
#1392 = CARTESIAN_POINT('',(-3.153743497629,94.973330042515));
#1393 = CARTESIAN_POINT('',(-3.152564562459,95.033211413627));
#1394 = CARTESIAN_POINT('',(-3.151282949816,95.086984560602));
#1395 = CARTESIAN_POINT('',(-3.149905475369,95.133635835067));
#1396 = CARTESIAN_POINT('',(-3.148441031453,95.172160811919));
#1397 = CARTESIAN_POINT('',(-3.145338530432,95.231379321087));
#1398 = CARTESIAN_POINT('',(-3.143706391249,95.251656919627));
#1399 = CARTESIAN_POINT('',(-3.142030923062,95.261262410541));
#1400 = CARTESIAN_POINT('',(-3.140341641813,95.259621480604));
#1401 = CARTESIAN_POINT('',(-3.138669147485,95.24671300176));
#1402 = CARTESIAN_POINT('',(-3.137043306621,95.223065122437));
#1403 = CARTESIAN_POINT('',(-3.135491437147,95.189751443968));
#1404 = CARTESIAN_POINT('',(-3.132397741247,95.10179730707));
#1405 = CARTESIAN_POINT('',(-3.130880627105,95.044956835972));
#1406 = CARTESIAN_POINT('',(-3.129494065913,94.979451873715));
#1407 = CARTESIAN_POINT('',(-3.128243778236,94.906725423263));
#1408 = CARTESIAN_POINT('',(-3.127132934944,94.828101789129));
#1409 = CARTESIAN_POINT('',(-3.126162643858,94.744805930805));
#1410 = CARTESIAN_POINT('',(-3.125332280455,94.657977866142));
#1411 = CARTESIAN_POINT('',(-3.124116873084,94.501281493647));
#1412 = CARTESIAN_POINT('',(-3.123671106618,94.432287874409));
#1413 = CARTESIAN_POINT('',(-3.123301280102,94.362028929124));
#1414 = CARTESIAN_POINT('',(-3.123006460065,94.290796796008));
#1415 = CARTESIAN_POINT('',(-3.122785895138,94.218856271273));
#1416 = CARTESIAN_POINT('',(-3.122639048509,94.146452991057));
#1417 = CARTESIAN_POINT('',(-3.122565630369,94.073821613364));
#1418 = CARTESIAN_POINT('',(-3.122565630369,93.900774268944));
#1419 = CARTESIAN_POINT('',(-3.12270598868,93.800351182546));
#1420 = CARTESIAN_POINT('',(-3.122986716887,93.700525105386));
#1421 = CARTESIAN_POINT('',(-3.12340892602,93.601918559476));
#1422 = CARTESIAN_POINT('',(-3.123974583084,93.50521291585));
#1423 = CARTESIAN_POINT('',(-3.124686233946,93.411188365265));
#1424 = CARTESIAN_POINT('',(-3.125546692572,93.320767168029));
#1425 = CARTESIAN_POINT('',(-3.127409112289,93.163038175633));
#1426 = CARTESIAN_POINT('',(-3.128370348387,93.094023299825));
#1427 = CARTESIAN_POINT('',(-3.129441809551,93.029057957485));
#1428 = CARTESIAN_POINT('',(-3.130620744721,92.969176586373));
#1429 = CARTESIAN_POINT('',(-3.131902357363,92.915403439398));
#1430 = CARTESIAN_POINT('',(-3.13327983181,92.868752164933));
#1431 = CARTESIAN_POINT('',(-3.134744275726,92.830227188082));
#1432 = CARTESIAN_POINT('',(-3.137846927466,92.771005802101));
#1433 = CARTESIAN_POINT('',(-3.139479127108,92.750729171252));
#1434 = CARTESIAN_POINT('',(-3.141154568648,92.741126009891));
#1435 = CARTESIAN_POINT('',(-3.142843758664,92.742768411939));
#1436 = CARTESIAN_POINT('',(-3.144516136288,92.755676200007));
#1437 = CARTESIAN_POINT('',(-3.146141885926,92.779321467945));
#1438 = CARTESIAN_POINT('',(-3.147693745713,92.812633021611));
#1439 = CARTESIAN_POINT('',(-3.152035242713,92.936062289965));
#1440 = CARTESIAN_POINT('',(-3.15452568658,93.049396651294));
#1441 = CARTESIAN_POINT('',(-3.156588200593,93.184844780764));
#1442 = CARTESIAN_POINT('',(-3.158220164465,93.335712905889));
#1443 = CARTESIAN_POINT('',(-3.15942836515,93.496676876948));
#1444 = CARTESIAN_POINT('',(-3.160224414257,93.663486628693));
#1445 = CARTESIAN_POINT('',(-3.160619676811,93.832676320321));
#1446 = CARTESIAN_POINT('',(-3.160619676811,94.001194));
#1447 = ( GEOMETRIC_REPRESENTATION_CONTEXT(2) 
PARAMETRIC_REPRESENTATION_CONTEXT() REPRESENTATION_CONTEXT('2D SPACE',''
  ) );
#1448 = PCURVE('',#1449,#1454);
#1449 = CYLINDRICAL_SURFACE('',#1450,1.25);
#1450 = AXIS2_PLACEMENT_3D('',#1451,#1452,#1453);
#1451 = CARTESIAN_POINT('',(100.,5.965819464479E-30,57.001194));
#1452 = DIRECTION('',(1.,0.,0.));
#1453 = DIRECTION('',(0.,1.,-9.860761315263E-32));
#1454 = DEFINITIONAL_REPRESENTATION('',(#1455),#1521);
#1455 = B_SPLINE_CURVE_WITH_KNOTS('',8,(#1456,#1457,#1458,#1459,#1460,
    #1461,#1462,#1463,#1464,#1465,#1466,#1467,#1468,#1469,#1470,#1471,
    #1472,#1473,#1474,#1475,#1476,#1477,#1478,#1479,#1480,#1481,#1482,
    #1483,#1484,#1485,#1486,#1487,#1488,#1489,#1490,#1491,#1492,#1493,
    #1494,#1495,#1496,#1497,#1498,#1499,#1500,#1501,#1502,#1503,#1504,
    #1505,#1506,#1507,#1508,#1509,#1510,#1511,#1512,#1513,#1514,#1515,
    #1516,#1517,#1518,#1519,#1520),.UNSPECIFIED.,.F.,.F.,(9,7,7,7,7,7,7,
    7,7,9),(0.,0.114042133179,0.209874968032,0.307070045827,
    0.416544432447,0.499175951243,0.613427742125,0.709436758284,
    0.806819916224,1.),.UNSPECIFIED.);
#1456 = CARTESIAN_POINT('',(0.,-165.6881077517));
#1457 = CARTESIAN_POINT('',(8.033578484514E-02,-165.6881077517));
#1458 = CARTESIAN_POINT('',(0.160674839772,-165.688283214));
#1459 = CARTESIAN_POINT('',(0.241324319651,-165.6886340873));
#1460 = CARTESIAN_POINT('',(0.322580635389,-165.6891546227));
#1461 = CARTESIAN_POINT('',(0.404735032188,-165.6898327295));
#1462 = CARTESIAN_POINT('',(0.488086154894,-165.6906490618));
#1463 = CARTESIAN_POINT('',(0.572959600419,-165.6915758372));
#1464 = CARTESIAN_POINT('',(0.732653827426,-165.6934153376));
#1465 = CARTESIAN_POINT('',(0.807242460597,-165.6943104434));
#1466 = CARTESIAN_POINT('',(0.883412666175,-165.6952353725));
#1467 = CARTESIAN_POINT('',(0.961127301796,-165.696158303));
#1468 = CARTESIAN_POINT('',(1.040389011114,-165.6970424575));
#1469 = CARTESIAN_POINT('',(1.121236575383,-165.6978484241));
#1470 = CARTESIAN_POINT('',(1.203748378853,-165.6985372682));
#1471 = CARTESIAN_POINT('',(1.373555968806,-165.6996192309));
#1472 = CARTESIAN_POINT('',(1.460459877482,-165.7000051916));
#1473 = CARTESIAN_POINT('',(1.548123813054,-165.7001942836));
#1474 = CARTESIAN_POINT('',(1.636008790556,-165.7001631467));
#1475 = CARTESIAN_POINT('',(1.723618862234,-165.6999104376));
#1476 = CARTESIAN_POINT('',(1.810440599598,-165.6994581208));
#1477 = CARTESIAN_POINT('',(1.89588093629,-165.6988467046));
#1478 = CARTESIAN_POINT('',(2.073052491716,-165.6973108861));
#1479 = CARTESIAN_POINT('',(2.16429040714,-165.6963560757));
#1480 = CARTESIAN_POINT('',(2.25324005788,-165.6953169126));
#1481 = CARTESIAN_POINT('',(2.340138093737,-165.6942491351));
#1482 = CARTESIAN_POINT('',(2.425167335561,-165.6932027585));
#1483 = CARTESIAN_POINT('',(2.508475272116,-165.6922192499));
#1484 = CARTESIAN_POINT('',(2.590178592705,-165.6913304166));
#1485 = CARTESIAN_POINT('',(2.730870152859,-165.6899767468));
#1486 = CARTESIAN_POINT('',(2.79068459924,-165.6894597665));
#1487 = CARTESIAN_POINT('',(2.849926027294,-165.6890173966));
#1488 = CARTESIAN_POINT('',(2.908714462156,-165.6886567891));
#1489 = CARTESIAN_POINT('',(2.967163979398,-165.6883830782));
#1490 = CARTESIAN_POINT('',(3.02538566293,-165.6881995399));
#1491 = CARTESIAN_POINT('',(3.083490562899,-165.6881077517));
#1492 = CARTESIAN_POINT('',(3.221928438435,-165.6881077517));
#1493 = CARTESIAN_POINT('',(3.302267493361,-165.688283214));
#1494 = CARTESIAN_POINT('',(3.382916973241,-165.6886340873));
#1495 = CARTESIAN_POINT('',(3.464173288979,-165.6891546227));
#1496 = CARTESIAN_POINT('',(3.546327685778,-165.6898327295));
#1497 = CARTESIAN_POINT('',(3.629678808484,-165.6906490618));
#1498 = CARTESIAN_POINT('',(3.714552254009,-165.6915758372));
#1499 = CARTESIAN_POINT('',(3.874246481016,-165.6934153376));
#1500 = CARTESIAN_POINT('',(3.948835114187,-165.6943104434));
#1501 = CARTESIAN_POINT('',(4.025005319764,-165.6952353725));
#1502 = CARTESIAN_POINT('',(4.102719955386,-165.696158303));
#1503 = CARTESIAN_POINT('',(4.181981664704,-165.6970424575));
#1504 = CARTESIAN_POINT('',(4.262829228973,-165.6978484241));
#1505 = CARTESIAN_POINT('',(4.345341032443,-165.6985372682));
#1506 = CARTESIAN_POINT('',(4.515156871582,-165.6996192835));
#1507 = CARTESIAN_POINT('',(4.602063559685,-165.7000052328));
#1508 = CARTESIAN_POINT('',(4.689725940411,-165.7001942765));
#1509 = CARTESIAN_POINT('',(4.777606370039,-165.7001631079));
#1510 = CARTESIAN_POINT('',(4.865210557119,-165.6999104154));
#1511 = CARTESIAN_POINT('',(4.952027262703,-165.6994581508));
#1512 = CARTESIAN_POINT('',(5.037466470273,-165.6988467663));
#1513 = CARTESIAN_POINT('',(5.286097816458,-165.6966914959));
#1514 = CARTESIAN_POINT('',(5.442232253358,-165.694829569));
#1515 = CARTESIAN_POINT('',(5.591623129712,-165.6928550955));
#1516 = CARTESIAN_POINT('',(5.735731859406,-165.6910499972));
#1517 = CARTESIAN_POINT('',(5.875841599579,-165.6895967655));
#1518 = CARTESIAN_POINT('',(6.013018614263,-165.6886018557));
#1519 = CARTESIAN_POINT('',(6.148371163436,-165.6881077517));
#1520 = CARTESIAN_POINT('',(6.28318530718,-165.6881077517));
#1521 = ( GEOMETRIC_REPRESENTATION_CONTEXT(2) 
PARAMETRIC_REPRESENTATION_CONTEXT() REPRESENTATION_CONTEXT('2D SPACE',''
  ) );
#1522 = ADVANCED_FACE('',(#1523,#1526),#690,.F.);
#1523 = FACE_BOUND('',#1524,.F.);
#1524 = EDGE_LOOP('',(#1525));
#1525 = ORIENTED_EDGE('',*,*,#675,.T.);
#1526 = FACE_BOUND('',#1527,.F.);
#1527 = EDGE_LOOP('',(#1528));
#1528 = ORIENTED_EDGE('',*,*,#1529,.F.);
#1529 = EDGE_CURVE('',#1530,#1530,#1532,.T.);
#1530 = VERTEX_POINT('',#1531);
#1531 = CARTESIAN_POINT('',(67.7,1.15463194561E-14,52.));
#1532 = SURFACE_CURVE('',#1533,(#1538,#1545),.PCURVE_S1.);
#1533 = CIRCLE('',#1534,67.7);
#1534 = AXIS2_PLACEMENT_3D('',#1535,#1536,#1537);
#1535 = CARTESIAN_POINT('',(0.,1.15463194561E-14,52.));
#1536 = DIRECTION('',(0.,-2.22044604925E-16,-1.));
#1537 = DIRECTION('',(1.,0.,0.));
#1538 = PCURVE('',#690,#1539);
#1539 = DEFINITIONAL_REPRESENTATION('',(#1540),#1544);
#1540 = CIRCLE('',#1541,67.7);
#1541 = AXIS2_PLACEMENT_2D('',#1542,#1543);
#1542 = CARTESIAN_POINT('',(0.,0.));
#1543 = DIRECTION('',(1.,0.));
#1544 = ( GEOMETRIC_REPRESENTATION_CONTEXT(2) 
PARAMETRIC_REPRESENTATION_CONTEXT() REPRESENTATION_CONTEXT('2D SPACE',''
  ) );
#1545 = PCURVE('',#1546,#1551);
#1546 = CYLINDRICAL_SURFACE('',#1547,67.7);
#1547 = AXIS2_PLACEMENT_3D('',#1548,#1549,#1550);
#1548 = CARTESIAN_POINT('',(0.,1.15463194561E-14,52.));
#1549 = DIRECTION('',(0.,2.22044604925E-16,1.));
#1550 = DIRECTION('',(1.,0.,0.));
#1551 = DEFINITIONAL_REPRESENTATION('',(#1552),#1556);
#1552 = LINE('',#1553,#1554);
#1553 = CARTESIAN_POINT('',(-0.,0.));
#1554 = VECTOR('',#1555,1.);
#1555 = DIRECTION('',(-1.,0.));
#1556 = ( GEOMETRIC_REPRESENTATION_CONTEXT(2) 
PARAMETRIC_REPRESENTATION_CONTEXT() REPRESENTATION_CONTEXT('2D SPACE',''
  ) );
#1557 = ADVANCED_FACE('',(#1558),#768,.F.);
#1558 = FACE_BOUND('',#1559,.F.);
#1559 = EDGE_LOOP('',(#1560,#1627,#1648,#1649,#1650,#1651,#1652,#1708));
#1560 = ORIENTED_EDGE('',*,*,#1561,.F.);
#1561 = EDGE_CURVE('',#1562,#1564,#1566,.T.);
#1562 = VERTEX_POINT('',#1563);
#1563 = CARTESIAN_POINT('',(67.688459134479,1.25,57.001194));
#1564 = VERTEX_POINT('',#1565);
#1565 = CARTESIAN_POINT('',(67.7,1.293436335814E-14,58.251194));
#1566 = SURFACE_CURVE('',#1567,(#1585,#1606),.PCURVE_S1.);
#1567 = B_SPLINE_CURVE_WITH_KNOTS('',6,(#1568,#1569,#1570,#1571,#1572,
    #1573,#1574,#1575,#1576,#1577,#1578,#1579,#1580,#1581,#1582,#1583,
    #1584),.UNSPECIFIED.,.F.,.F.,(7,5,5,7),(0.,0.456758934762,
    0.768579683461,1.),.UNSPECIFIED.);
#1568 = CARTESIAN_POINT('',(67.688459134479,1.25,57.001194));
#1569 = CARTESIAN_POINT('',(67.688459134479,1.25,57.135086806923));
#1570 = CARTESIAN_POINT('',(67.68877698421,1.232789616815,
    57.268985878137));
#1571 = CARTESIAN_POINT('',(67.689412543611,1.198366711511,
    57.401210263766));
#1572 = CARTESIAN_POINT('',(67.690339873589,1.146391452747,
    57.529975592859));
#1573 = CARTESIAN_POINT('',(67.691501393773,1.076335488961,
    57.653051595729));
#1574 = CARTESIAN_POINT('',(67.693677699516,0.927179725171,
    57.845342047734));
#1575 = CARTESIAN_POINT('',(67.694624230459,0.857858144199,
    57.919442185317));
#1576 = CARTESIAN_POINT('',(67.695598445013,0.779760004725,
    57.988251874421));
#1577 = CARTESIAN_POINT('',(67.696552982453,0.693131728632,
    58.050346163769));
#1578 = CARTESIAN_POINT('',(67.697431800788,0.598442771268,
    58.10424451851));
#1579 = CARTESIAN_POINT('',(67.698734987684,0.420728860882,
    58.181148194799));
#1580 = CARTESIAN_POINT('',(67.699218010539,0.341014865031,
    58.208525630951));
#1581 = CARTESIAN_POINT('',(67.699602508448,0.258094580769,
    58.22967413326));
#1582 = CARTESIAN_POINT('',(67.6998673404,0.172922407264,58.244004672508
    ));
#1583 = CARTESIAN_POINT('',(67.7,8.653819450829E-02,58.251194));
#1584 = CARTESIAN_POINT('',(67.7,1.681961370181E-14,58.251194));
#1585 = PCURVE('',#768,#1586);
#1586 = DEFINITIONAL_REPRESENTATION('',(#1587),#1605);
#1587 = B_SPLINE_CURVE_WITH_KNOTS('',6,(#1588,#1589,#1590,#1591,#1592,
    #1593,#1594,#1595,#1596,#1597,#1598,#1599,#1600,#1601,#1602,#1603,
    #1604),.UNSPECIFIED.,.F.,.F.,(7,5,5,7),(0.,0.456758934762,
    0.768579683461,1.),.UNSPECIFIED.);
#1588 = CARTESIAN_POINT('',(0.,-32.31154086552));
#1589 = CARTESIAN_POINT('',(0.107114245539,-32.31154086552));
#1590 = CARTESIAN_POINT('',(0.214234596053,-32.31122301579));
#1591 = CARTESIAN_POINT('',(0.322221133373,-32.31058745638));
#1592 = CARTESIAN_POINT('',(0.431883786427,-32.30966012641));
#1593 = CARTESIAN_POINT('',(0.544034403925,-32.30849860622));
#1594 = CARTESIAN_POINT('',(0.738720711288,-32.30632230048));
#1595 = CARTESIAN_POINT('',(0.819551419823,-32.30537576954));
#1596 = CARTESIAN_POINT('',(0.902227828996,-32.30440155498));
#1597 = CARTESIAN_POINT('',(0.986824172224,-32.30344701754));
#1598 = CARTESIAN_POINT('',(1.07346973395,-32.30256819921));
#1599 = CARTESIAN_POINT('',(1.22838165085,-32.30126501231));
#1600 = CARTESIAN_POINT('',(1.295606177252,-32.30078198946));
#1601 = CARTESIAN_POINT('',(1.363723445906,-32.30039749155));
#1602 = CARTESIAN_POINT('',(1.43245834553,-32.3001326596));
#1603 = CARTESIAN_POINT('',(1.501565771188,-32.3));
#1604 = CARTESIAN_POINT('',(1.570796326795,-32.3));
#1605 = ( GEOMETRIC_REPRESENTATION_CONTEXT(2) 
PARAMETRIC_REPRESENTATION_CONTEXT() REPRESENTATION_CONTEXT('2D SPACE',''
  ) );
#1606 = PCURVE('',#1546,#1607);
#1607 = DEFINITIONAL_REPRESENTATION('',(#1608),#1626);
#1608 = B_SPLINE_CURVE_WITH_KNOTS('',6,(#1609,#1610,#1611,#1612,#1613,
    #1614,#1615,#1616,#1617,#1618,#1619,#1620,#1621,#1622,#1623,#1624,
    #1625),.UNSPECIFIED.,.F.,.F.,(7,5,5,7),(0.,0.456758934762,
    0.768579683461,1.),.UNSPECIFIED.);
#1609 = CARTESIAN_POINT('',(-6.264720446998,5.001194));
#1610 = CARTESIAN_POINT('',(-6.264720446998,5.135086806923));
#1611 = CARTESIAN_POINT('',(-6.264974705765,5.268985878137));
#1612 = CARTESIAN_POINT('',(-6.2654832548,5.401210263766));
#1613 = CARTESIAN_POINT('',(-6.266251106006,5.529975592859));
#1614 = CARTESIAN_POINT('',(-6.267286046245,5.653051595729));
#1615 = CARTESIAN_POINT('',(-6.26948946781,5.845342047734));
#1616 = CARTESIAN_POINT('',(-6.270513515254,5.919442185317));
#1617 = CARTESIAN_POINT('',(-6.271667195159,5.988251874421));
#1618 = CARTESIAN_POINT('',(-6.272946860822,6.050346163769));
#1619 = CARTESIAN_POINT('',(-6.274345573605,6.10424451851));
#1620 = CARTESIAN_POINT('',(-6.276970665016,6.181148194798));
#1621 = CARTESIAN_POINT('',(-6.278148145017,6.208525630951));
#1622 = CARTESIAN_POINT('',(-6.279372975748,6.22967413326));
#1623 = CARTESIAN_POINT('',(-6.280631061898,6.244004672508));
#1624 = CARTESIAN_POINT('',(-6.28190704729,6.251194));
#1625 = CARTESIAN_POINT('',(-6.28318530718,6.251194));
#1626 = ( GEOMETRIC_REPRESENTATION_CONTEXT(2) 
PARAMETRIC_REPRESENTATION_CONTEXT() REPRESENTATION_CONTEXT('2D SPACE',''
  ) );
#1627 = ORIENTED_EDGE('',*,*,#1628,.T.);
#1628 = EDGE_CURVE('',#1562,#731,#1629,.T.);
#1629 = SEAM_CURVE('',#1630,(#1634,#1641),.PCURVE_S1.);
#1630 = LINE('',#1631,#1632);
#1631 = CARTESIAN_POINT('',(100.,1.25,57.001194));
#1632 = VECTOR('',#1633,1.);
#1633 = DIRECTION('',(-1.,0.,0.));
#1634 = PCURVE('',#768,#1635);
#1635 = DEFINITIONAL_REPRESENTATION('',(#1636),#1640);
#1636 = LINE('',#1637,#1638);
#1637 = CARTESIAN_POINT('',(6.28318530718,0.));
#1638 = VECTOR('',#1639,1.);
#1639 = DIRECTION('',(0.,-1.));
#1640 = ( GEOMETRIC_REPRESENTATION_CONTEXT(2) 
PARAMETRIC_REPRESENTATION_CONTEXT() REPRESENTATION_CONTEXT('2D SPACE',''
  ) );
#1641 = PCURVE('',#768,#1642);
#1642 = DEFINITIONAL_REPRESENTATION('',(#1643),#1647);
#1643 = LINE('',#1644,#1645);
#1644 = CARTESIAN_POINT('',(0.,0.));
#1645 = VECTOR('',#1646,1.);
#1646 = DIRECTION('',(0.,-1.));
#1647 = ( GEOMETRIC_REPRESENTATION_CONTEXT(2) 
PARAMETRIC_REPRESENTATION_CONTEXT() REPRESENTATION_CONTEXT('2D SPACE',''
  ) );
#1648 = ORIENTED_EDGE('',*,*,#791,.T.);
#1649 = ORIENTED_EDGE('',*,*,#907,.T.);
#1650 = ORIENTED_EDGE('',*,*,#730,.T.);
#1651 = ORIENTED_EDGE('',*,*,#1628,.F.);
#1652 = ORIENTED_EDGE('',*,*,#1653,.F.);
#1653 = EDGE_CURVE('',#1654,#1562,#1656,.T.);
#1654 = VERTEX_POINT('',#1655);
#1655 = CARTESIAN_POINT('',(67.7,1.237925184583E-14,55.751194));
#1656 = SURFACE_CURVE('',#1657,(#1672,#1690),.PCURVE_S1.);
#1657 = B_SPLINE_CURVE_WITH_KNOTS('',7,(#1658,#1659,#1660,#1661,#1662,
    #1663,#1664,#1665,#1666,#1667,#1668,#1669,#1670,#1671),
  .UNSPECIFIED.,.F.,.F.,(8,6,8),(0.,0.460145172389,1.),.UNSPECIFIED.);
#1658 = CARTESIAN_POINT('',(67.7,1.870699284368E-14,55.751194));
#1659 = CARTESIAN_POINT('',(67.7,0.148890213065,55.751194));
#1660 = CARTESIAN_POINT('',(67.699618179399,0.295639632341,
    55.771884852076));
#1661 = CARTESIAN_POINT('',(67.698873203535,0.436521258086,
    55.812193125889));
#1662 = CARTESIAN_POINT('',(67.697844329236,0.568155531473,
    55.870127125424));
#1663 = CARTESIAN_POINT('',(67.696649202123,0.687729218017,
    55.942837303887));
#1664 = CARTESIAN_POINT('',(67.695413127269,0.793256671226,
    56.02668371826));
#1665 = CARTESIAN_POINT('',(67.692841516922,0.990209308557,
    56.223636355591));
#1666 = CARTESIAN_POINT('',(67.691501751786,1.077893093661,
    56.341163837589));
#1667 = CARTESIAN_POINT('',(67.69032945443,1.147248970438,
    56.466451602884));
#1668 = CARTESIAN_POINT('',(67.689405067563,1.198778287784,
    56.596965086736));
#1669 = CARTESIAN_POINT('',(67.688774345249,1.232930782152,
    56.730695393605));
#1670 = CARTESIAN_POINT('',(67.688459134479,1.25,56.86595824452));
#1671 = CARTESIAN_POINT('',(67.688459134479,1.25,57.001194));
#1672 = PCURVE('',#768,#1673);
#1673 = DEFINITIONAL_REPRESENTATION('',(#1674),#1689);
#1674 = B_SPLINE_CURVE_WITH_KNOTS('',7,(#1675,#1676,#1677,#1678,#1679,
    #1680,#1681,#1682,#1683,#1684,#1685,#1686,#1687,#1688),
  .UNSPECIFIED.,.F.,.F.,(8,6,8),(0.,0.460145172389,1.),.UNSPECIFIED.);
#1675 = CARTESIAN_POINT('',(4.712388980385,-32.3));
#1676 = CARTESIAN_POINT('',(4.831501150837,-32.3));
#1677 = CARTESIAN_POINT('',(4.948900097917,-32.3003818206));
#1678 = CARTESIAN_POINT('',(5.064367925698,-32.30112679646));
#1679 = CARTESIAN_POINT('',(5.177594631161,-32.30215567076));
#1680 = CARTESIAN_POINT('',(5.288129183565,-32.30335079787));
#1681 = CARTESIAN_POINT('',(5.395254618095,-32.30458687273));
#1682 = CARTESIAN_POINT('',(5.618081090782,-32.30715848307));
#1683 = CARTESIAN_POINT('',(5.734166292464,-32.30849824821));
#1684 = CARTESIAN_POINT('',(5.847115384612,-32.30967054557));
#1685 = CARTESIAN_POINT('',(5.95773314238,-32.31059493243));
#1686 = CARTESIAN_POINT('',(6.066786620411,-32.31122565475));
#1687 = CARTESIAN_POINT('',(6.174996702796,-32.31154086552));
#1688 = CARTESIAN_POINT('',(6.28318530718,-32.31154086552));
#1689 = ( GEOMETRIC_REPRESENTATION_CONTEXT(2) 
PARAMETRIC_REPRESENTATION_CONTEXT() REPRESENTATION_CONTEXT('2D SPACE',''
  ) );
#1690 = PCURVE('',#1546,#1691);
#1691 = DEFINITIONAL_REPRESENTATION('',(#1692),#1707);
#1692 = B_SPLINE_CURVE_WITH_KNOTS('',7,(#1693,#1694,#1695,#1696,#1697,
    #1698,#1699,#1700,#1701,#1702,#1703,#1704,#1705,#1706),
  .UNSPECIFIED.,.F.,.F.,(8,6,8),(0.,0.460145172389,1.),.UNSPECIFIED.);
#1693 = CARTESIAN_POINT('',(-6.28318530718,3.751194));
#1694 = CARTESIAN_POINT('',(-6.280986042585,3.751194));
#1695 = CARTESIAN_POINT('',(-6.278818399771,3.771884852076));
#1696 = CARTESIAN_POINT('',(-6.276737413034,3.812193125888));
#1697 = CARTESIAN_POINT('',(-6.274792986734,3.870127125423));
#1698 = CARTESIAN_POINT('',(-6.273026674057,3.942837303887));
#1699 = CARTESIAN_POINT('',(-6.27146781739,4.02668371826));
#1700 = CARTESIAN_POINT('',(-6.268558372406,4.223636355591));
#1701 = CARTESIAN_POINT('',(-6.267263042962,4.341163837589));
#1702 = CARTESIAN_POINT('',(-6.266238438826,4.466451602884));
#1703 = CARTESIAN_POINT('',(-6.26547717441,4.596965086736));
#1704 = CARTESIAN_POINT('',(-6.264972620234,4.730695393605));
#1705 = CARTESIAN_POINT('',(-6.264720446998,4.86595824452));
#1706 = CARTESIAN_POINT('',(-6.264720446998,5.001194));
#1707 = ( GEOMETRIC_REPRESENTATION_CONTEXT(2) 
PARAMETRIC_REPRESENTATION_CONTEXT() REPRESENTATION_CONTEXT('2D SPACE',''
  ) );
#1708 = ORIENTED_EDGE('',*,*,#1709,.F.);
#1709 = EDGE_CURVE('',#1564,#1654,#1710,.T.);
#1710 = SURFACE_CURVE('',#1711,(#1739,#1770),.PCURVE_S1.);
#1711 = B_SPLINE_CURVE_WITH_KNOTS('',6,(#1712,#1713,#1714,#1715,#1716,
    #1717,#1718,#1719,#1720,#1721,#1722,#1723,#1724,#1725,#1726,#1727,
    #1728,#1729,#1730,#1731,#1732,#1733,#1734,#1735,#1736,#1737,#1738),
  .UNSPECIFIED.,.F.,.F.,(7,5,5,5,5,7),(0.,0.269682864896,0.498673167137,
    0.727663001046,0.883990057268,1.),.UNSPECIFIED.);
#1712 = CARTESIAN_POINT('',(67.7,8.587120062716E-15,58.251194));
#1713 = CARTESIAN_POINT('',(67.7,-0.205195316313,58.251194));
#1714 = CARTESIAN_POINT('',(67.699254306693,-0.404806986729,
    58.210773005375));
#1715 = CARTESIAN_POINT('',(67.697834736376,-0.589102955461,
    58.134055704504));
#1716 = CARTESIAN_POINT('',(67.696064890919,-0.750281551222,
    58.027960186396));
#1717 = CARTESIAN_POINT('',(67.694317924281,-0.883301141401,
    57.901909977071));
#1718 = CARTESIAN_POINT('',(67.691501407591,-1.076334541911,
    57.653052816659));
#1719 = CARTESIAN_POINT('',(67.690339867898,-1.146391988131,
    57.529975594133));
#1720 = CARTESIAN_POINT('',(67.689412529967,-1.198367385154,
    57.401208603394));
#1721 = CARTESIAN_POINT('',(67.688776985221,-1.232789560393,
    57.268984509282));
#1722 = CARTESIAN_POINT('',(67.688459134479,-1.25,57.135087080762));
#1723 = CARTESIAN_POINT('',(67.688459134479,-1.25,56.867301193077));
#1724 = CARTESIAN_POINT('',(67.68877698421,-1.232789616815,
    56.733402121863));
#1725 = CARTESIAN_POINT('',(67.689412543611,-1.198366711511,
    56.601177736234));
#1726 = CARTESIAN_POINT('',(67.690339873589,-1.146391452747,
    56.472412407141));
#1727 = CARTESIAN_POINT('',(67.691501393773,-1.076335488961,
    56.349336404271));
#1728 = CARTESIAN_POINT('',(67.693677699494,-0.927179726678,
    56.15704595421));
#1729 = CARTESIAN_POINT('',(67.694624230498,-0.85785814212,
    56.082945811118));
#1730 = CARTESIAN_POINT('',(67.695598445006,-0.779760003245,
    56.014136126979));
#1731 = CARTESIAN_POINT('',(67.696552982423,-0.693131733224,
    55.952041837675));
#1732 = CARTESIAN_POINT('',(67.697431800808,-0.598442768594,
    55.898143480333));
#1733 = CARTESIAN_POINT('',(67.698734942406,-0.420735035393,
    55.821242477151));
#1734 = CARTESIAN_POINT('',(67.699218007877,-0.341017873364,
    55.793862506403));
#1735 = CARTESIAN_POINT('',(67.699602547979,-0.258089390947,
    55.772711549911));
#1736 = CARTESIAN_POINT('',(67.699867377659,-0.172909760218,
    55.758381169813));
#1737 = CARTESIAN_POINT('',(67.7,-8.652522261991E-02,55.751194));
#1738 = CARTESIAN_POINT('',(67.7,1.051570738399E-14,55.751194));
#1739 = PCURVE('',#768,#1740);
#1740 = DEFINITIONAL_REPRESENTATION('',(#1741),#1769);
#1741 = B_SPLINE_CURVE_WITH_KNOTS('',6,(#1742,#1743,#1744,#1745,#1746,
    #1747,#1748,#1749,#1750,#1751,#1752,#1753,#1754,#1755,#1756,#1757,
    #1758,#1759,#1760,#1761,#1762,#1763,#1764,#1765,#1766,#1767,#1768),
  .UNSPECIFIED.,.F.,.F.,(7,5,5,5,5,7),(0.,0.269682864896,0.498673167137,
    0.727663001046,0.883990057268,1.),.UNSPECIFIED.);
#1742 = CARTESIAN_POINT('',(1.570796326795,-32.3));
#1743 = CARTESIAN_POINT('',(1.734952579845,-32.3));
#1744 = CARTESIAN_POINT('',(1.89464103046,-32.3007456933));
#1745 = CARTESIAN_POINT('',(2.050044489988,-32.30216526362));
#1746 = CARTESIAN_POINT('',(2.200697889351,-32.30393510908));
#1747 = CARTESIAN_POINT('',(2.34559920118,-32.30568207571));
#1748 = CARTESIAN_POINT('',(2.597557013522,-32.3084985924));
#1749 = CARTESIAN_POINT('',(2.709709139549,-32.3096601321));
#1750 = CARTESIAN_POINT('',(2.819372795617,-32.31058747003));
#1751 = CARTESIAN_POINT('',(2.927359178083,-32.31122301477));
#1752 = CARTESIAN_POINT('',(3.03447818898,-32.31154086552));
#1753 = CARTESIAN_POINT('',(3.248706899128,-32.31154086552));
#1754 = CARTESIAN_POINT('',(3.355827249642,-32.31122301579));
#1755 = CARTESIAN_POINT('',(3.463813786963,-32.31058745638));
#1756 = CARTESIAN_POINT('',(3.573476440017,-32.30966012641));
#1757 = CARTESIAN_POINT('',(3.685627057515,-32.30849860622));
#1758 = CARTESIAN_POINT('',(3.88031336291,-32.3063223005));
#1759 = CARTESIAN_POINT('',(3.961144076552,-32.3053757695));
#1760 = CARTESIAN_POINT('',(4.043820482856,-32.30440155499));
#1761 = CARTESIAN_POINT('',(4.128416822097,-32.30344701757));
#1762 = CARTESIAN_POINT('',(4.21506238987,-32.30256819919));
#1763 = CARTESIAN_POINT('',(4.369968922163,-32.30126505759));
#1764 = CARTESIAN_POINT('',(4.437196583276,-32.30078199212));
#1765 = CARTESIAN_POINT('',(4.505320509725,-32.30039745202));
#1766 = CARTESIAN_POINT('',(4.574061125085,-32.30013262234));
#1767 = CARTESIAN_POINT('',(4.643168802289,-32.3));
#1768 = CARTESIAN_POINT('',(4.712388980385,-32.3));
#1769 = ( GEOMETRIC_REPRESENTATION_CONTEXT(2) 
PARAMETRIC_REPRESENTATION_CONTEXT() REPRESENTATION_CONTEXT('2D SPACE',''
  ) );
#1770 = PCURVE('',#1546,#1771);
#1771 = DEFINITIONAL_REPRESENTATION('',(#1772),#1800);
#1772 = B_SPLINE_CURVE_WITH_KNOTS('',6,(#1773,#1774,#1775,#1776,#1777,
    #1778,#1779,#1780,#1781,#1782,#1783,#1784,#1785,#1786,#1787,#1788,
    #1789,#1790,#1791,#1792,#1793,#1794,#1795,#1796,#1797,#1798,#1799),
  .UNSPECIFIED.,.F.,.F.,(7,5,5,5,5,7),(0.,0.269682864896,0.498673167137,
    0.727663001046,0.883990057268,1.),.UNSPECIFIED.);
#1773 = CARTESIAN_POINT('',(0.,6.251194));
#1774 = CARTESIAN_POINT('',(-3.03095001939E-03,6.251194));
#1775 = CARTESIAN_POINT('',(-5.979423543421E-03,6.210773005375));
#1776 = CARTESIAN_POINT('',(-8.701719170054E-03,6.134055704504));
#1777 = CARTESIAN_POINT('',(-1.108263165442E-02,6.027960186396));
#1778 = CARTESIAN_POINT('',(-1.304763768218E-02,5.901909977071));
#1779 = CARTESIAN_POINT('',(-1.589924694464E-02,5.653052816659));
#1780 = CARTESIAN_POINT('',(-1.693420908245E-02,5.529975594133));
#1781 = CARTESIAN_POINT('',(-1.770206233205E-02,5.401208603394));
#1782 = CARTESIAN_POINT('',(-1.821060058094E-02,5.268984509282));
#1783 = CARTESIAN_POINT('',(-1.846486018164E-02,5.135087080762));
#1784 = CARTESIAN_POINT('',(-1.846486018164E-02,4.867301193077));
#1785 = CARTESIAN_POINT('',(-1.821060141431E-02,4.733402121863));
#1786 = CARTESIAN_POINT('',(-1.770205237994E-02,4.601177736234));
#1787 = CARTESIAN_POINT('',(-1.693420117381E-02,4.472412407141));
#1788 = CARTESIAN_POINT('',(-1.589926093506E-02,4.349336404271));
#1789 = CARTESIAN_POINT('',(-1.369583939169E-02,4.15704595421));
#1790 = CARTESIAN_POINT('',(-1.267179189485E-02,4.082945811118));
#1791 = CARTESIAN_POINT('',(-1.151811199898E-02,4.014136126979));
#1792 = CARTESIAN_POINT('',(-1.023844642534E-02,3.952041837675));
#1793 = CARTESIAN_POINT('',(-8.839733534674E-03,3.898143480333));
#1794 = CARTESIAN_POINT('',(-6.214733370056E-03,3.821242477151));
#1795 = CARTESIAN_POINT('',(-5.037206597844E-03,3.793862506403));
#1796 = CARTESIAN_POINT('',(-3.812254771459E-03,3.772711549911));
#1797 = CARTESIAN_POINT('',(-2.554058472401E-03,3.758381169812));
#1798 = CARTESIAN_POINT('',(-1.278068280944E-03,3.751194));
#1799 = CARTESIAN_POINT('',(0.,3.751194));
#1800 = ( GEOMETRIC_REPRESENTATION_CONTEXT(2) 
PARAMETRIC_REPRESENTATION_CONTEXT() REPRESENTATION_CONTEXT('2D SPACE',''
  ) );
#1801 = ADVANCED_FACE('',(#1802,#1805),#894,.F.);
#1802 = FACE_BOUND('',#1803,.T.);
#1803 = EDGE_LOOP('',(#1804));
#1804 = ORIENTED_EDGE('',*,*,#879,.T.);
#1805 = FACE_BOUND('',#1806,.T.);
#1806 = EDGE_LOOP('',(#1807));
#1807 = ORIENTED_EDGE('',*,*,#1808,.F.);
#1808 = EDGE_CURVE('',#1809,#1809,#1811,.T.);
#1809 = VERTEX_POINT('',#1810);
#1810 = CARTESIAN_POINT('',(67.7,1.554312234475E-14,70.));
#1811 = SURFACE_CURVE('',#1812,(#1817,#1824),.PCURVE_S1.);
#1812 = CIRCLE('',#1813,67.7);
#1813 = AXIS2_PLACEMENT_3D('',#1814,#1815,#1816);
#1814 = CARTESIAN_POINT('',(0.,1.554312234475E-14,70.));
#1815 = DIRECTION('',(0.,-2.22044604925E-16,-1.));
#1816 = DIRECTION('',(1.,0.,0.));
#1817 = PCURVE('',#894,#1818);
#1818 = DEFINITIONAL_REPRESENTATION('',(#1819),#1823);
#1819 = CIRCLE('',#1820,67.7);
#1820 = AXIS2_PLACEMENT_2D('',#1821,#1822);
#1821 = CARTESIAN_POINT('',(0.,0.));
#1822 = DIRECTION('',(1.,-0.));
#1823 = ( GEOMETRIC_REPRESENTATION_CONTEXT(2) 
PARAMETRIC_REPRESENTATION_CONTEXT() REPRESENTATION_CONTEXT('2D SPACE',''
  ) );
#1824 = PCURVE('',#1546,#1825);
#1825 = DEFINITIONAL_REPRESENTATION('',(#1826),#1830);
#1826 = LINE('',#1827,#1828);
#1827 = CARTESIAN_POINT('',(-0.,18.));
#1828 = VECTOR('',#1829,1.);
#1829 = DIRECTION('',(-1.,0.));
#1830 = ( GEOMETRIC_REPRESENTATION_CONTEXT(2) 
PARAMETRIC_REPRESENTATION_CONTEXT() REPRESENTATION_CONTEXT('2D SPACE',''
  ) );
#1831 = ADVANCED_FACE('',(#1832),#1101,.F.);
#1832 = FACE_BOUND('',#1833,.F.);
#1833 = EDGE_LOOP('',(#1834,#1980,#2001,#2002));
#1834 = ORIENTED_EDGE('',*,*,#1835,.F.);
#1835 = EDGE_CURVE('',#1836,#1836,#1838,.T.);
#1836 = VERTEX_POINT('',#1837);
#1837 = CARTESIAN_POINT('',(1.25,-67.68845913447,56.978436));
#1838 = SURFACE_CURVE('',#1839,(#1884,#1932),.PCURVE_S1.);
#1839 = B_SPLINE_CURVE_WITH_KNOTS('',7,(#1840,#1841,#1842,#1843,#1844,
    #1845,#1846,#1847,#1848,#1849,#1850,#1851,#1852,#1853,#1854,#1855,
    #1856,#1857,#1858,#1859,#1860,#1861,#1862,#1863,#1864,#1865,#1866,
    #1867,#1868,#1869,#1870,#1871,#1872,#1873,#1874,#1875,#1876,#1877,
    #1878,#1879,#1880,#1881,#1882,#1883),.UNSPECIFIED.,.T.,.F.,(8,6,6,6,
    6,6,6,8),(0.,0.151261122225,0.287061471583,0.424363864867,
    0.587323101567,0.713814878543,0.839613826817,1.),.UNSPECIFIED.);
#1840 = CARTESIAN_POINT('',(1.25,-67.68845913447,56.978436));
#1841 = CARTESIAN_POINT('',(1.25,-67.68845913447,57.128603858428));
#1842 = CARTESIAN_POINT('',(1.228953462755,-67.68884778343,
    57.278852557642));
#1843 = CARTESIAN_POINT('',(1.186816106463,-67.6896260181,
    57.427045720938));
#1844 = CARTESIAN_POINT('',(1.12312317959,-67.69076076964,
    57.570820899188));
#1845 = CARTESIAN_POINT('',(1.03722924657,-67.69218192332,
    57.707265836242));
#1846 = CARTESIAN_POINT('',(0.928492596468,-67.69376080639,
    57.83261540688));
#1847 = CARTESIAN_POINT('',(0.678530048986,-67.69670288838,
    58.039402409956));
#1848 = CARTESIAN_POINT('',(0.538726686461,-67.69810725775,
    58.12652968118));
#1849 = CARTESIAN_POINT('',(0.380221283158,-67.69933329066,
    58.194036394785));
#1850 = CARTESIAN_POINT('',(0.208653119824,-67.70014537579,
    58.235772268562));
#1851 = CARTESIAN_POINT('',(3.125842464806E-02,-67.70037854351,
    58.248483516118));
#1852 = CARTESIAN_POINT('',(-0.14421873469,-67.70005148919,
    58.231951761856));
#1853 = CARTESIAN_POINT('',(-0.479349174679,-67.69851263339,
    58.145904889836));
#1854 = CARTESIAN_POINT('',(-0.634022238714,-67.69731317678,
    58.077033933922));
#1855 = CARTESIAN_POINT('',(-0.771814704999,-67.69584643217,
    57.987567033705));
#1856 = CARTESIAN_POINT('',(-0.890957237738,-67.6943003737,
    57.882038168401));
#1857 = CARTESIAN_POINT('',(-0.990516739112,-67.69283585044,
    57.764719667112));
#1858 = CARTESIAN_POINT('',(-1.070331594418,-67.69156576757,
    57.639658900782));
#1859 = CARTESIAN_POINT('',(-1.203079082896,-67.68934770471,
    57.357556128051));
#1860 = CARTESIAN_POINT('',(-1.250336677715,-67.68846860073,
    57.194367341782));
#1861 = CARTESIAN_POINT('',(-1.271653932077,-67.68804425509,
    57.025449356618));
#1862 = CARTESIAN_POINT('',(-1.266575920924,-67.68814460609,
    56.855069582536));
#1863 = CARTESIAN_POINT('',(-1.235176328986,-67.68875828582,
    56.687354901039));
#1864 = CARTESIAN_POINT('',(-1.177893000583,-67.68980261239,
    56.526328404519));
#1865 = CARTESIAN_POINT('',(-1.031337932782,-67.69217417809,
    56.259745725835));
#1866 = CARTESIAN_POINT('',(-0.950789719247,-67.69340689825,
    56.147469298896));
#1867 = CARTESIAN_POINT('',(-0.853365180778,-67.69477642953,
    56.042677004303));
#1868 = CARTESIAN_POINT('',(-0.739365142247,-67.69618440098,
    55.948752238203));
#1869 = CARTESIAN_POINT('',(-0.609725681692,-67.69749894163,
    55.869177843261));
#1870 = CARTESIAN_POINT('',(-0.466047794665,-67.69857371082,
    55.807551896244));
#1871 = CARTESIAN_POINT('',(-0.156526914656,-67.69999497235,
    55.728080441635));
#1872 = CARTESIAN_POINT('',(5.857839608134E-03,-67.70033003553,
    55.710852482152));
#1873 = CARTESIAN_POINT('',(0.170602962122,-67.70018895753,
    55.718716519633));
#1874 = CARTESIAN_POINT('',(0.331308781657,-67.69954758359,
    55.751794020221));
#1875 = CARTESIAN_POINT('',(0.481873854428,-67.69851967597,
    55.807746498077));
#1876 = CARTESIAN_POINT('',(0.617330294021,-67.69728715384,
    55.881867740557));
#1877 = CARTESIAN_POINT('',(0.88441120018,-67.69438841928,
    56.075913377301));
#1878 = CARTESIAN_POINT('',(1.008197559038,-67.69265872457,
    56.205338114205));
#1879 = CARTESIAN_POINT('',(1.105929724142,-67.69106635458,
    56.348576215029));
#1880 = CARTESIAN_POINT('',(1.178314059676,-67.68978308638,
    56.500838099544));
#1881 = CARTESIAN_POINT('',(1.226133812001,-67.68889983912,
    56.658460028029));
#1882 = CARTESIAN_POINT('',(1.25,-67.68845913447,56.818524423841));
#1883 = CARTESIAN_POINT('',(1.25,-67.68845913447,56.978436));
#1884 = PCURVE('',#1101,#1885);
#1885 = DEFINITIONAL_REPRESENTATION('',(#1886),#1931);
#1886 = B_SPLINE_CURVE_WITH_KNOTS('',7,(#1887,#1888,#1889,#1890,#1891,
    #1892,#1893,#1894,#1895,#1896,#1897,#1898,#1899,#1900,#1901,#1902,
    #1903,#1904,#1905,#1906,#1907,#1908,#1909,#1910,#1911,#1912,#1913,
    #1914,#1915,#1916,#1917,#1918,#1919,#1920,#1921,#1922,#1923,#1924,
    #1925,#1926,#1927,#1928,#1929,#1930),.UNSPECIFIED.,.F.,.F.,(8,6,6,6,
    6,6,6,8),(0.,0.151261122225,0.287061471583,0.424363864867,
    0.587323101567,0.713814878543,0.839613826817,1.),.UNSPECIFIED.);
#1887 = CARTESIAN_POINT('',(0.,-32.31154086552));
#1888 = CARTESIAN_POINT('',(0.120134286742,-32.31154086552));
#1889 = CARTESIAN_POINT('',(0.240332758216,-32.31115221656));
#1890 = CARTESIAN_POINT('',(0.361721411812,-32.31037398189));
#1891 = CARTESIAN_POINT('',(0.485246613752,-32.30923923035));
#1892 = CARTESIAN_POINT('',(0.611945270555,-32.30781807668));
#1893 = CARTESIAN_POINT('',(0.742892826283,-32.3062391936));
#1894 = CARTESIAN_POINT('',(1.002421185932,-32.30329711162));
#1895 = CARTESIAN_POINT('',(1.133027755794,-32.30189274224));
#1896 = CARTESIAN_POINT('',(1.268174901396,-32.30066670933));
#1897 = CARTESIAN_POINT('',(1.406034260169,-32.2998546242));
#1898 = CARTESIAN_POINT('',(1.54522498195,-32.29962145648));
#1899 = CARTESIAN_POINT('',(1.684484654734,-32.2999485108));
#1900 = CARTESIAN_POINT('',(1.961285205013,-32.3014873666));
#1901 = CARTESIAN_POINT('',(2.094838734675,-32.30268682321));
#1902 = CARTESIAN_POINT('',(2.223807682298,-32.30415356782));
#1903 = CARTESIAN_POINT('',(2.34874243742,-32.30569962629));
#1904 = CARTESIAN_POINT('',(2.470002787403,-32.30716414955));
#1905 = CARTESIAN_POINT('',(2.587715809826,-32.30843423242));
#1906 = CARTESIAN_POINT('',(2.837136091381,-32.31065229528));
#1907 = CARTESIAN_POINT('',(2.971358956405,-32.31153139926));
#1908 = CARTESIAN_POINT('',(3.104946169025,-32.3119557449));
#1909 = CARTESIAN_POINT('',(3.238390949238,-32.3118553939));
#1910 = CARTESIAN_POINT('',(3.372267666375,-32.31124171417));
#1911 = CARTESIAN_POINT('',(3.507231978396,-32.31019738761));
#1912 = CARTESIAN_POINT('',(3.750601277984,-32.3078258219));
#1913 = CARTESIAN_POINT('',(3.860355411716,-32.30659310174));
#1914 = CARTESIAN_POINT('',(3.973333396453,-32.30522357046));
#1915 = CARTESIAN_POINT('',(4.089571770891,-32.30381559901));
#1916 = CARTESIAN_POINT('',(4.209294294772,-32.30250105836));
#1917 = CARTESIAN_POINT('',(4.332886359659,-32.30142628917));
#1918 = CARTESIAN_POINT('',(4.588534727238,-32.30000502764));
#1919 = CARTESIAN_POINT('',(4.71778834742,-32.29966996446));
#1920 = CARTESIAN_POINT('',(4.847264511581,-32.29981104246));
#1921 = CARTESIAN_POINT('',(4.975779976252,-32.3004524164));
#1922 = CARTESIAN_POINT('',(5.102091203292,-32.30148032403));
#1923 = CARTESIAN_POINT('',(5.224614749481,-32.30271284615));
#1924 = CARTESIAN_POINT('',(5.488718873885,-32.30561158071));
#1925 = CARTESIAN_POINT('',(5.629695100786,-32.30734127542));
#1926 = CARTESIAN_POINT('',(5.765593840957,-32.30893364541));
#1927 = CARTESIAN_POINT('',(5.897684283565,-32.31021691361));
#1928 = CARTESIAN_POINT('',(6.027205376579,-32.31110016088));
#1929 = CARTESIAN_POINT('',(6.155256046252,-32.31154086552));
#1930 = CARTESIAN_POINT('',(6.28318530718,-32.31154086552));
#1931 = ( GEOMETRIC_REPRESENTATION_CONTEXT(2) 
PARAMETRIC_REPRESENTATION_CONTEXT() REPRESENTATION_CONTEXT('2D SPACE',''
  ) );
#1932 = PCURVE('',#1546,#1933);
#1933 = DEFINITIONAL_REPRESENTATION('',(#1934),#1979);
#1934 = B_SPLINE_CURVE_WITH_KNOTS('',7,(#1935,#1936,#1937,#1938,#1939,
    #1940,#1941,#1942,#1943,#1944,#1945,#1946,#1947,#1948,#1949,#1950,
    #1951,#1952,#1953,#1954,#1955,#1956,#1957,#1958,#1959,#1960,#1961,
    #1962,#1963,#1964,#1965,#1966,#1967,#1968,#1969,#1970,#1971,#1972,
    #1973,#1974,#1975,#1976,#1977,#1978),.UNSPECIFIED.,.T.,.F.,(8,6,6,6,
    6,6,6,8),(0.,0.151261122225,0.287061471583,0.424363864867,
    0.587323101567,0.713814878543,0.839613826817,1.),.UNSPECIFIED.);
#1935 = CARTESIAN_POINT('',(-1.552331466613,4.978436));
#1936 = CARTESIAN_POINT('',(-1.552331466613,5.128603858428));
#1937 = CARTESIAN_POINT('',(-1.552642399047,5.278852557642));
#1938 = CARTESIAN_POINT('',(-1.553264918109,5.427045720938));
#1939 = CARTESIAN_POINT('',(-1.554205878591,5.570820899188));
#1940 = CARTESIAN_POINT('',(-1.555474793325,5.707265836242));
#1941 = CARTESIAN_POINT('',(-1.557081110914,5.83261540688));
#1942 = CARTESIAN_POINT('',(-1.560773575628,6.039402409956));
#1943 = CARTESIAN_POINT('',(-1.562838718923,6.12652968118));
#1944 = CARTESIAN_POINT('',(-1.565180070231,6.194036394785));
#1945 = CARTESIAN_POINT('',(-1.567714316246,6.235772268562));
#1946 = CARTESIAN_POINT('',(-1.570334602301,6.248483516118));
#1947 = CARTESIAN_POINT('',(-1.572926578941,6.231951761856));
#1948 = CARTESIAN_POINT('',(-1.577876859192,6.145904889836));
#1949 = CARTESIAN_POINT('',(-1.580161599814,6.077033933922));
#1950 = CARTESIAN_POINT('',(-1.582197042333,5.987567033705));
#1951 = CARTESIAN_POINT('',(-1.583957045534,5.882038168401));
#1952 = CARTESIAN_POINT('',(-1.58542780103,5.764719667112));
#1953 = CARTESIAN_POINT('',(-1.586606899049,5.639658900782));
#1954 = CARTESIAN_POINT('',(-1.588567992371,5.357556128051));
#1955 = CARTESIAN_POINT('',(-1.58926615611,5.194367341782));
#1956 = CARTESIAN_POINT('',(-1.589581097135,5.025449356618));
#1957 = CARTESIAN_POINT('',(-1.589506074856,4.855069582536));
#1958 = CARTESIAN_POINT('',(-1.589042180978,4.687354901039));
#1959 = CARTESIAN_POINT('',(-1.588195907328,4.526328404518));
#1960 = CARTESIAN_POINT('',(-1.586030851863,4.259745725835));
#1961 = CARTESIAN_POINT('',(-1.5848409314,4.147469298896));
#1962 = CARTESIAN_POINT('',(-1.58340172852,4.042677004303));
#1963 = CARTESIAN_POINT('',(-1.581717704847,3.948752238203));
#1964 = CARTESIAN_POINT('',(-1.579802705378,3.869177843261));
#1965 = CARTESIAN_POINT('',(-1.577680381789,3.807551896244));
#1966 = CARTESIAN_POINT('',(-1.573108385584,3.728080441635));
#1967 = CARTESIAN_POINT('',(-1.570709794964,3.710852482152));
#1968 = CARTESIAN_POINT('',(-1.568276352903,3.718716519633));
#1969 = CARTESIAN_POINT('',(-1.565902560051,3.751794020221));
#1970 = CARTESIAN_POINT('',(-1.56367851337,3.807746498077));
#1971 = CARTESIAN_POINT('',(-1.56167760001,3.881867740557));
#1972 = CARTESIAN_POINT('',(-1.557732302576,4.0759133773));
#1973 = CARTESIAN_POINT('',(-1.555903678655,4.205338114205));
#1974 = CARTESIAN_POINT('',(-1.554459884071,4.348576215029));
#1975 = CARTESIAN_POINT('',(-1.553390523653,4.500838099544));
#1976 = CARTESIAN_POINT('',(-1.552684055351,4.658460028029));
#1977 = CARTESIAN_POINT('',(-1.552331466613,4.818524423841));
#1978 = CARTESIAN_POINT('',(-1.552331466613,4.978436));
#1979 = ( GEOMETRIC_REPRESENTATION_CONTEXT(2) 
PARAMETRIC_REPRESENTATION_CONTEXT() REPRESENTATION_CONTEXT('2D SPACE',''
  ) );
#1980 = ORIENTED_EDGE('',*,*,#1981,.T.);
#1981 = EDGE_CURVE('',#1836,#1004,#1982,.T.);
#1982 = SEAM_CURVE('',#1983,(#1987,#1994),.PCURVE_S1.);
#1983 = LINE('',#1984,#1985);
#1984 = CARTESIAN_POINT('',(1.25,-100.,56.978436));
#1985 = VECTOR('',#1986,1.);
#1986 = DIRECTION('',(0.,1.,-2.22044604925E-16));
#1987 = PCURVE('',#1101,#1988);
#1988 = DEFINITIONAL_REPRESENTATION('',(#1989),#1993);
#1989 = LINE('',#1990,#1991);
#1990 = CARTESIAN_POINT('',(6.28318530718,0.));
#1991 = VECTOR('',#1992,1.);
#1992 = DIRECTION('',(0.,-1.));
#1993 = ( GEOMETRIC_REPRESENTATION_CONTEXT(2) 
PARAMETRIC_REPRESENTATION_CONTEXT() REPRESENTATION_CONTEXT('2D SPACE',''
  ) );
#1994 = PCURVE('',#1101,#1995);
#1995 = DEFINITIONAL_REPRESENTATION('',(#1996),#2000);
#1996 = LINE('',#1997,#1998);
#1997 = CARTESIAN_POINT('',(0.,0.));
#1998 = VECTOR('',#1999,1.);
#1999 = DIRECTION('',(0.,-1.));
#2000 = ( GEOMETRIC_REPRESENTATION_CONTEXT(2) 
PARAMETRIC_REPRESENTATION_CONTEXT() REPRESENTATION_CONTEXT('2D SPACE',''
  ) );
#2001 = ORIENTED_EDGE('',*,*,#1003,.T.);
#2002 = ORIENTED_EDGE('',*,*,#1981,.F.);
#2003 = ADVANCED_FACE('',(#2004),#1254,.F.);
#2004 = FACE_BOUND('',#2005,.F.);
#2005 = EDGE_LOOP('',(#2006,#2007,#2030,#2174));
#2006 = ORIENTED_EDGE('',*,*,#1156,.F.);
#2007 = ORIENTED_EDGE('',*,*,#2008,.T.);
#2008 = EDGE_CURVE('',#1157,#2009,#2011,.T.);
#2009 = VERTEX_POINT('',#2010);
#2010 = CARTESIAN_POINT('',(1.25,67.688459134479,56.978436));
#2011 = SEAM_CURVE('',#2012,(#2016,#2023),.PCURVE_S1.);
#2012 = LINE('',#2013,#2014);
#2013 = CARTESIAN_POINT('',(1.25,-100.,56.978436));
#2014 = VECTOR('',#2015,1.);
#2015 = DIRECTION('',(0.,1.,-2.22044604925E-16));
#2016 = PCURVE('',#1254,#2017);
#2017 = DEFINITIONAL_REPRESENTATION('',(#2018),#2022);
#2018 = LINE('',#2019,#2020);
#2019 = CARTESIAN_POINT('',(6.28318530718,0.));
#2020 = VECTOR('',#2021,1.);
#2021 = DIRECTION('',(0.,-1.));
#2022 = ( GEOMETRIC_REPRESENTATION_CONTEXT(2) 
PARAMETRIC_REPRESENTATION_CONTEXT() REPRESENTATION_CONTEXT('2D SPACE',''
  ) );
#2023 = PCURVE('',#1254,#2024);
#2024 = DEFINITIONAL_REPRESENTATION('',(#2025),#2029);
#2025 = LINE('',#2026,#2027);
#2026 = CARTESIAN_POINT('',(0.,0.));
#2027 = VECTOR('',#2028,1.);
#2028 = DIRECTION('',(0.,-1.));
#2029 = ( GEOMETRIC_REPRESENTATION_CONTEXT(2) 
PARAMETRIC_REPRESENTATION_CONTEXT() REPRESENTATION_CONTEXT('2D SPACE',''
  ) );
#2030 = ORIENTED_EDGE('',*,*,#2031,.T.);
#2031 = EDGE_CURVE('',#2009,#2009,#2032,.T.);
#2032 = SURFACE_CURVE('',#2033,(#2078,#2126),.PCURVE_S1.);
#2033 = B_SPLINE_CURVE_WITH_KNOTS('',7,(#2034,#2035,#2036,#2037,#2038,
    #2039,#2040,#2041,#2042,#2043,#2044,#2045,#2046,#2047,#2048,#2049,
    #2050,#2051,#2052,#2053,#2054,#2055,#2056,#2057,#2058,#2059,#2060,
    #2061,#2062,#2063,#2064,#2065,#2066,#2067,#2068,#2069,#2070,#2071,
    #2072,#2073,#2074,#2075,#2076,#2077),.UNSPECIFIED.,.T.,.F.,(8,6,6,6,
    6,6,6,8),(0.,0.15126111459,0.287061457205,0.424363849035,
    0.587323090253,0.71381487071,0.839613822428,1.),.UNSPECIFIED.);
#2034 = CARTESIAN_POINT('',(1.25,67.688459134479,56.978436));
#2035 = CARTESIAN_POINT('',(1.25,67.688459134479,57.128603858427));
#2036 = CARTESIAN_POINT('',(1.228953462755,67.688847783439,
    57.278852557643));
#2037 = CARTESIAN_POINT('',(1.186816106463,67.689626018103,
    57.427045720938));
#2038 = CARTESIAN_POINT('',(1.12312317959,67.690760769643,
    57.570820899188));
#2039 = CARTESIAN_POINT('',(1.03722924657,67.69218192332,57.707265836242
    ));
#2040 = CARTESIAN_POINT('',(0.928492596468,67.693760806393,
    57.83261540688));
#2041 = CARTESIAN_POINT('',(0.678530048888,67.696702888382,
    58.039402410037));
#2042 = CARTESIAN_POINT('',(0.538726686552,67.69810725775,
    58.126529681059));
#2043 = CARTESIAN_POINT('',(0.380221283273,67.699333290667,
    58.194036394809));
#2044 = CARTESIAN_POINT('',(0.208653119716,67.700145375792,
    58.235772268632));
#2045 = CARTESIAN_POINT('',(3.125842453085E-02,67.700378543509,
    58.248483516047));
#2046 = CARTESIAN_POINT('',(-0.144218734569,67.700051489195,
    58.231951761887));
#2047 = CARTESIAN_POINT('',(-0.479349181381,67.698512633367,
    58.145904888115));
#2048 = CARTESIAN_POINT('',(-0.634022222169,67.697313176858,
    58.077033936636));
#2049 = CARTESIAN_POINT('',(-0.771814720058,67.695846432154,
    57.987567037414));
#2050 = CARTESIAN_POINT('',(-0.890957235142,67.694300373619,
    57.882038155063));
#2051 = CARTESIAN_POINT('',(-0.990516734793,67.692835850551,
    57.764719680279));
#2052 = CARTESIAN_POINT('',(-1.070331596744,67.69156576754,
    57.639658895838));
#2053 = CARTESIAN_POINT('',(-1.203079082896,67.689347704716,
    57.357556128051));
#2054 = CARTESIAN_POINT('',(-1.250336677714,67.688468600733,
    57.194367341782));
#2055 = CARTESIAN_POINT('',(-1.271653932077,67.688044255098,
    57.025449356619));
#2056 = CARTESIAN_POINT('',(-1.266575920925,67.688144606093,
    56.855069582536));
#2057 = CARTESIAN_POINT('',(-1.235176328986,67.688758285821,
    56.687354901038));
#2058 = CARTESIAN_POINT('',(-1.177893000582,67.68980261239,
    56.526328404517));
#2059 = CARTESIAN_POINT('',(-1.031337932795,67.692174178098,
    56.259745725859));
#2060 = CARTESIAN_POINT('',(-0.950789719253,67.693406898252,
    56.147469298892));
#2061 = CARTESIAN_POINT('',(-0.853365180763,67.694776429539,
    56.042677004285));
#2062 = CARTESIAN_POINT('',(-0.739365142228,67.696184400983,
    55.948752238195));
#2063 = CARTESIAN_POINT('',(-0.609725681694,67.697498941635,
    55.86917784327));
#2064 = CARTESIAN_POINT('',(-0.46604779469,67.698573710827,
    55.80755189625));
#2065 = CARTESIAN_POINT('',(-0.156526914656,67.699994972353,
    55.728080441635));
#2066 = CARTESIAN_POINT('',(5.857839608532E-03,67.700330035532,
    55.710852482152));
#2067 = CARTESIAN_POINT('',(0.170602962122,67.700188957537,
    55.718716519633));
#2068 = CARTESIAN_POINT('',(0.331308781657,67.699547583594,
    55.751794020221));
#2069 = CARTESIAN_POINT('',(0.481873854428,67.69851967597,
    55.807746498077));
#2070 = CARTESIAN_POINT('',(0.617330294021,67.697287153845,
    55.881867740557));
#2071 = CARTESIAN_POINT('',(0.88441120018,67.694388419286,
    56.075913377301));
#2072 = CARTESIAN_POINT('',(1.008197559038,67.692658724572,
    56.205338114205));
#2073 = CARTESIAN_POINT('',(1.105929724143,67.691066354589,
    56.348576215029));
#2074 = CARTESIAN_POINT('',(1.178314059675,67.689783086386,
    56.500838099545));
#2075 = CARTESIAN_POINT('',(1.226133812001,67.68889983912,
    56.658460028028));
#2076 = CARTESIAN_POINT('',(1.25,67.688459134479,56.818524423841));
#2077 = CARTESIAN_POINT('',(1.25,67.688459134479,56.978436));
#2078 = PCURVE('',#1254,#2079);
#2079 = DEFINITIONAL_REPRESENTATION('',(#2080),#2125);
#2080 = B_SPLINE_CURVE_WITH_KNOTS('',7,(#2081,#2082,#2083,#2084,#2085,
    #2086,#2087,#2088,#2089,#2090,#2091,#2092,#2093,#2094,#2095,#2096,
    #2097,#2098,#2099,#2100,#2101,#2102,#2103,#2104,#2105,#2106,#2107,
    #2108,#2109,#2110,#2111,#2112,#2113,#2114,#2115,#2116,#2117,#2118,
    #2119,#2120,#2121,#2122,#2123,#2124),.UNSPECIFIED.,.F.,.F.,(8,6,6,6,
    6,6,6,8),(0.,0.15126111459,0.287061457205,0.424363849035,
    0.587323090253,0.71381487071,0.839613822428,1.),.UNSPECIFIED.);
#2081 = CARTESIAN_POINT('',(0.,-167.6884591344));
#2082 = CARTESIAN_POINT('',(0.120134286742,-167.6884591344));
#2083 = CARTESIAN_POINT('',(0.240332758216,-167.6888477834));
#2084 = CARTESIAN_POINT('',(0.361721411811,-167.6896260181));
#2085 = CARTESIAN_POINT('',(0.485246613752,-167.6907607696));
#2086 = CARTESIAN_POINT('',(0.611945270555,-167.6921819233));
#2087 = CARTESIAN_POINT('',(0.742892826283,-167.6937608063));
#2088 = CARTESIAN_POINT('',(1.002421186034,-167.6967028883));
#2089 = CARTESIAN_POINT('',(1.133027755676,-167.6981072577));
#2090 = CARTESIAN_POINT('',(1.268174901346,-167.6993332906));
#2091 = CARTESIAN_POINT('',(1.40603426023,-167.7001453757));
#2092 = CARTESIAN_POINT('',(1.545224982054,-167.7003785435));
#2093 = CARTESIAN_POINT('',(1.684484654634,-167.7000514891));
#2094 = CARTESIAN_POINT('',(1.961285210548,-167.6985126333));
#2095 = CARTESIAN_POINT('',(2.094838721992,-167.6973131768));
#2096 = CARTESIAN_POINT('',(2.223807690486,-167.6958464321));
#2097 = CARTESIAN_POINT('',(2.34874244285,-167.6943003736));
#2098 = CARTESIAN_POINT('',(2.470002777267,-167.6928358505));
#2099 = CARTESIAN_POINT('',(2.587715814197,-167.6915657675));
#2100 = CARTESIAN_POINT('',(2.837136091381,-167.6893477047));
#2101 = CARTESIAN_POINT('',(2.971358956404,-167.6884686007));
#2102 = CARTESIAN_POINT('',(3.104946169024,-167.688044255));
#2103 = CARTESIAN_POINT('',(3.238390949238,-167.688144606));
#2104 = CARTESIAN_POINT('',(3.372267666376,-167.6887582858));
#2105 = CARTESIAN_POINT('',(3.507231978397,-167.6898026123));
#2106 = CARTESIAN_POINT('',(3.750601277962,-167.692174178));
#2107 = CARTESIAN_POINT('',(3.860355411716,-167.6934068982));
#2108 = CARTESIAN_POINT('',(3.973333396471,-167.6947764295));
#2109 = CARTESIAN_POINT('',(4.089571770906,-167.6961844009));
#2110 = CARTESIAN_POINT('',(4.209294294769,-167.6974989416));
#2111 = CARTESIAN_POINT('',(4.332886359639,-167.6985737108));
#2112 = CARTESIAN_POINT('',(4.588534727238,-167.6999949723));
#2113 = CARTESIAN_POINT('',(4.71778834742,-167.7003300355));
#2114 = CARTESIAN_POINT('',(4.847264511581,-167.7001889575));
#2115 = CARTESIAN_POINT('',(4.975779976252,-167.6995475835));
#2116 = CARTESIAN_POINT('',(5.102091203292,-167.6985196759));
#2117 = CARTESIAN_POINT('',(5.224614749481,-167.6972871538));
#2118 = CARTESIAN_POINT('',(5.488718873885,-167.6943884192));
#2119 = CARTESIAN_POINT('',(5.629695100786,-167.6926587245));
#2120 = CARTESIAN_POINT('',(5.765593840957,-167.6910663545));
#2121 = CARTESIAN_POINT('',(5.897684283565,-167.6897830863));
#2122 = CARTESIAN_POINT('',(6.027205376578,-167.6888998391));
#2123 = CARTESIAN_POINT('',(6.155256046252,-167.6884591344));
#2124 = CARTESIAN_POINT('',(6.28318530718,-167.6884591344));
#2125 = ( GEOMETRIC_REPRESENTATION_CONTEXT(2) 
PARAMETRIC_REPRESENTATION_CONTEXT() REPRESENTATION_CONTEXT('2D SPACE',''
  ) );
#2126 = PCURVE('',#1546,#2127);
#2127 = DEFINITIONAL_REPRESENTATION('',(#2128),#2173);
#2128 = B_SPLINE_CURVE_WITH_KNOTS('',7,(#2129,#2130,#2131,#2132,#2133,
    #2134,#2135,#2136,#2137,#2138,#2139,#2140,#2141,#2142,#2143,#2144,
    #2145,#2146,#2147,#2148,#2149,#2150,#2151,#2152,#2153,#2154,#2155,
    #2156,#2157,#2158,#2159,#2160,#2161,#2162,#2163,#2164,#2165,#2166,
    #2167,#2168,#2169,#2170,#2171,#2172),.UNSPECIFIED.,.T.,.F.,(8,6,6,6,
    6,6,6,8),(0.,0.15126111459,0.287061457205,0.424363849035,
    0.587323090253,0.71381487071,0.839613822428,1.),.UNSPECIFIED.);
#2129 = CARTESIAN_POINT('',(-4.730853840566,4.978436));
#2130 = CARTESIAN_POINT('',(-4.730853840566,5.128603858427));
#2131 = CARTESIAN_POINT('',(-4.730542908133,5.278852557643));
#2132 = CARTESIAN_POINT('',(-4.72992038907,5.427045720938));
#2133 = CARTESIAN_POINT('',(-4.728979428589,5.570820899188));
#2134 = CARTESIAN_POINT('',(-4.727710513855,5.707265836242));
#2135 = CARTESIAN_POINT('',(-4.726104196266,5.83261540688));
#2136 = CARTESIAN_POINT('',(-4.72241173155,6.039402410037));
#2137 = CARTESIAN_POINT('',(-4.720346588258,6.126529681059));
#2138 = CARTESIAN_POINT('',(-4.71800523695,6.194036394809));
#2139 = CARTESIAN_POINT('',(-4.715470990932,6.235772268632));
#2140 = CARTESIAN_POINT('',(-4.712850704876,6.248483516047));
#2141 = CARTESIAN_POINT('',(-4.710258728241,6.231951761887));
#2142 = CARTESIAN_POINT('',(-4.705308447888,6.145904888115));
#2143 = CARTESIAN_POINT('',(-4.70302370761,6.077033936636));
#2144 = CARTESIAN_POINT('',(-4.700988264625,5.987567037414));
#2145 = CARTESIAN_POINT('',(-4.699228261684,5.882038155063));
#2146 = CARTESIAN_POINT('',(-4.697757506213,5.764719680279));
#2147 = CARTESIAN_POINT('',(-4.696578408096,5.639658895838));
#2148 = CARTESIAN_POINT('',(-4.694617314809,5.357556128051));
#2149 = CARTESIAN_POINT('',(-4.69391915107,5.194367341782));
#2150 = CARTESIAN_POINT('',(-4.693604210044,5.025449356619));
#2151 = CARTESIAN_POINT('',(-4.693679232324,4.855069582536));
#2152 = CARTESIAN_POINT('',(-4.694143126202,4.687354901038));
#2153 = CARTESIAN_POINT('',(-4.694989399852,4.526328404517));
#2154 = CARTESIAN_POINT('',(-4.697154455316,4.259745725859));
#2155 = CARTESIAN_POINT('',(-4.698344375779,4.147469298892));
#2156 = CARTESIAN_POINT('',(-4.69978357866,4.042677004285));
#2157 = CARTESIAN_POINT('',(-4.701467602333,3.948752238195));
#2158 = CARTESIAN_POINT('',(-4.703382601801,3.86917784327));
#2159 = CARTESIAN_POINT('',(-4.705504925391,3.80755189625));
#2160 = CARTESIAN_POINT('',(-4.710076921596,3.728080441635));
#2161 = CARTESIAN_POINT('',(-4.712475512215,3.710852482152));
#2162 = CARTESIAN_POINT('',(-4.714908954276,3.718716519633));
#2163 = CARTESIAN_POINT('',(-4.717282747129,3.751794020221));
#2164 = CARTESIAN_POINT('',(-4.71950679381,3.807746498077));
#2165 = CARTESIAN_POINT('',(-4.72150770717,3.881867740557));
#2166 = CARTESIAN_POINT('',(-4.725453004603,4.075913377301));
#2167 = CARTESIAN_POINT('',(-4.727281628525,4.205338114205));
#2168 = CARTESIAN_POINT('',(-4.728725423109,4.348576215029));
#2169 = CARTESIAN_POINT('',(-4.729794783526,4.500838099545));
#2170 = CARTESIAN_POINT('',(-4.730501251829,4.658460028028));
#2171 = CARTESIAN_POINT('',(-4.730853840566,4.818524423841));
#2172 = CARTESIAN_POINT('',(-4.730853840566,4.978436));
#2173 = ( GEOMETRIC_REPRESENTATION_CONTEXT(2) 
PARAMETRIC_REPRESENTATION_CONTEXT() REPRESENTATION_CONTEXT('2D SPACE',''
  ) );
#2174 = ORIENTED_EDGE('',*,*,#2008,.F.);
#2175 = ADVANCED_FACE('',(#2176),#1449,.F.);
#2176 = FACE_BOUND('',#2177,.F.);
#2177 = EDGE_LOOP('',(#2178,#2179,#2202,#2409));
#2178 = ORIENTED_EDGE('',*,*,#1309,.F.);
#2179 = ORIENTED_EDGE('',*,*,#2180,.T.);
#2180 = EDGE_CURVE('',#1310,#2181,#2183,.T.);
#2181 = VERTEX_POINT('',#2182);
#2182 = CARTESIAN_POINT('',(-67.68845913447,1.25,57.001194));
#2183 = SEAM_CURVE('',#2184,(#2188,#2195),.PCURVE_S1.);
#2184 = LINE('',#2185,#2186);
#2185 = CARTESIAN_POINT('',(100.,1.25,57.001194));
#2186 = VECTOR('',#2187,1.);
#2187 = DIRECTION('',(-1.,0.,0.));
#2188 = PCURVE('',#1449,#2189);
#2189 = DEFINITIONAL_REPRESENTATION('',(#2190),#2194);
#2190 = LINE('',#2191,#2192);
#2191 = CARTESIAN_POINT('',(6.28318530718,0.));
#2192 = VECTOR('',#2193,1.);
#2193 = DIRECTION('',(0.,-1.));
#2194 = ( GEOMETRIC_REPRESENTATION_CONTEXT(2) 
PARAMETRIC_REPRESENTATION_CONTEXT() REPRESENTATION_CONTEXT('2D SPACE',''
  ) );
#2195 = PCURVE('',#1449,#2196);
#2196 = DEFINITIONAL_REPRESENTATION('',(#2197),#2201);
#2197 = LINE('',#2198,#2199);
#2198 = CARTESIAN_POINT('',(0.,0.));
#2199 = VECTOR('',#2200,1.);
#2200 = DIRECTION('',(0.,-1.));
#2201 = ( GEOMETRIC_REPRESENTATION_CONTEXT(2) 
PARAMETRIC_REPRESENTATION_CONTEXT() REPRESENTATION_CONTEXT('2D SPACE',''
  ) );
#2202 = ORIENTED_EDGE('',*,*,#2203,.T.);
#2203 = EDGE_CURVE('',#2181,#2181,#2204,.T.);
#2204 = SURFACE_CURVE('',#2205,(#2271,#2340),.PCURVE_S1.);
#2205 = B_SPLINE_CURVE_WITH_KNOTS('',8,(#2206,#2207,#2208,#2209,#2210,
    #2211,#2212,#2213,#2214,#2215,#2216,#2217,#2218,#2219,#2220,#2221,
    #2222,#2223,#2224,#2225,#2226,#2227,#2228,#2229,#2230,#2231,#2232,
    #2233,#2234,#2235,#2236,#2237,#2238,#2239,#2240,#2241,#2242,#2243,
    #2244,#2245,#2246,#2247,#2248,#2249,#2250,#2251,#2252,#2253,#2254,
    #2255,#2256,#2257,#2258,#2259,#2260,#2261,#2262,#2263,#2264,#2265,
    #2266,#2267,#2268,#2269,#2270),.UNSPECIFIED.,.T.,.F.,(9,7,7,7,7,7,7,
    7,7,9),(0.,0.114042330461,0.209875016127,0.307069949279,
    0.416544215828,0.499175922902,0.613427906873,0.709436769718,
    0.80681977789,1.),.UNSPECIFIED.);
#2206 = CARTESIAN_POINT('',(-67.68845913447,1.25,57.001194));
#2207 = CARTESIAN_POINT('',(-67.68845913447,1.25,57.101613605193));
#2208 = CARTESIAN_POINT('',(-67.68862941112,1.240780151865,
    57.202036566255));
#2209 = CARTESIAN_POINT('',(-67.68896991438,1.222339691691,
    57.301862543946));
#2210 = CARTESIAN_POINT('',(-67.68947506587,1.194605492912,
    57.400469037366));
#2211 = CARTESIAN_POINT('',(-67.6901331329,1.157448049043,
    57.497174689919));
#2212 = CARTESIAN_POINT('',(-67.6909253421,1.110699693722,
    57.591199316382));
#2213 = CARTESIAN_POINT('',(-67.69182473275,1.054175058088,
    57.681620651063));
#2214 = CARTESIAN_POINT('',(-67.69360987974,0.931827835753,
    57.839349739678));
#2215 = CARTESIAN_POINT('',(-67.69447853674,0.868680986622,
    57.908364588968));
#2216 = CARTESIAN_POINT('',(-67.69537613705,0.798292018624,
    57.973329941887));
#2217 = CARTESIAN_POINT('',(-67.69627179923,0.720841340189,
    58.033211342121));
#2218 = CARTESIAN_POINT('',(-67.69712983198,0.636643810256,
    58.086984521389));
#2219 = CARTESIAN_POINT('',(-67.69791198758,0.546147071217,
    58.133635820342));
#2220 = CARTESIAN_POINT('',(-67.69858048114,0.449935372179,
    58.172160809052));
#2221 = CARTESIAN_POINT('',(-67.69963047971,0.246103899752,
    58.231379326039));
#2222 = CARTESIAN_POINT('',(-67.70000503814,0.138872907922,
    58.251656918281));
#2223 = CARTESIAN_POINT('',(-67.70018854405,2.879449002068E-02,
    58.261262405643));
#2224 = CARTESIAN_POINT('',(-67.7001583271,-8.219169349746E-02,
    58.259621478131));
#2225 = CARTESIAN_POINT('',(-67.69991308352,-0.192074671959,
    58.246713007634));
#2226 = CARTESIAN_POINT('',(-67.69947412928,-0.298891743655,
    58.22306514052));
#2227 = CARTESIAN_POINT('',(-67.69888077621,-0.400847866948,
    58.18975146912));
#2228 = CARTESIAN_POINT('',(-67.69739033028,-0.60409805084,
    58.101797260506));
#2229 = CARTESIAN_POINT('',(-67.69646372811,-0.703768168528,
    58.044956724762));
#2230 = CARTESIAN_POINT('',(-67.69545526645,-0.794859596765,
    57.979451690325));
#2231 = CARTESIAN_POINT('',(-67.69441903741,-0.876996747003,
    57.906725175933));
#2232 = CARTESIAN_POINT('',(-67.69340357875,-0.949971721539,
    57.828101505457));
#2233 = CARTESIAN_POINT('',(-67.69244913224,-1.013712234842,
    57.744805660206));
#2234 = CARTESIAN_POINT('',(-67.69158656486,-1.068259796423,
    57.657977681663));
#2235 = CARTESIAN_POINT('',(-67.69027289703,-1.148100537023,
    57.501281405394));
#2236 = CARTESIAN_POINT('',(-67.68977119375,-1.177382851123,
    57.43228772772));
#2237 = CARTESIAN_POINT('',(-67.68934189657,-1.201676426235,
    57.362028755528));
#2238 = CARTESIAN_POINT('',(-67.68899194591,-1.221042732173,
    57.290796625053));
#2239 = CARTESIAN_POINT('',(-67.68872632406,-1.235531244161,
    57.218856127433));
#2240 = CARTESIAN_POINT('',(-67.68854821004,-1.245177307128,
    57.146452891251));
#2241 = CARTESIAN_POINT('',(-67.68845913447,-1.25,57.073821565075));
#2242 = CARTESIAN_POINT('',(-67.68845913447,-1.25,56.900774394807));
#2243 = CARTESIAN_POINT('',(-67.68862941112,-1.240780151865,
    56.800351433745));
#2244 = CARTESIAN_POINT('',(-67.68896991438,-1.222339691691,
    56.700525456054));
#2245 = CARTESIAN_POINT('',(-67.68947506587,-1.194605492912,
    56.601918962634));
#2246 = CARTESIAN_POINT('',(-67.6901331329,-1.157448049043,
    56.505213310081));
#2247 = CARTESIAN_POINT('',(-67.6909253421,-1.110699693722,
    56.411188683618));
#2248 = CARTESIAN_POINT('',(-67.69182473275,-1.054175058088,
    56.320767348937));
#2249 = CARTESIAN_POINT('',(-67.69360987974,-0.931827835768,
    56.163038260341));
#2250 = CARTESIAN_POINT('',(-67.69447853674,-0.86868098663,
    56.094023411035));
#2251 = CARTESIAN_POINT('',(-67.69537613705,-0.798292018616,
    56.029058058101));
#2252 = CARTESIAN_POINT('',(-67.69627179923,-0.720841340171,
    55.969176657867));
#2253 = CARTESIAN_POINT('',(-67.69712983198,-0.636643810245,
    55.915403478609));
#2254 = CARTESIAN_POINT('',(-67.69791198758,-0.546147071224,
    55.868752179665));
#2255 = CARTESIAN_POINT('',(-67.69858048114,-0.449935372201,
    55.830227190955));
#2256 = CARTESIAN_POINT('',(-67.69963053071,-0.246093998662,
    55.771005797429));
#2257 = CARTESIAN_POINT('',(-67.70000507819,-0.138859035143,
    55.750729172703));
#2258 = CARTESIAN_POINT('',(-67.7001885372,-2.878236725611E-02,
    55.741126014713));
#2259 = CARTESIAN_POINT('',(-67.70015828937,8.219782316453E-02,
    55.742768414299));
#2260 = CARTESIAN_POINT('',(-67.69991306196,0.192073134439,
    55.75567619411));
#2261 = CARTESIAN_POINT('',(-67.69947415844,0.298884212591,
    55.779321449964));
#2262 = CARTESIAN_POINT('',(-67.69888083611,0.400839699734,
    55.812632996611));
#2263 = CARTESIAN_POINT('',(-67.69678923592,0.686068509609,
    55.936062524526));
#2264 = CARTESIAN_POINT('',(-67.6949823139,0.849681540149,
    56.049397243593));
#2265 = CARTESIAN_POINT('',(-67.69306617664,0.985175258409,
    56.184845695401));
#2266 = CARTESIAN_POINT('',(-67.6913144195,1.092380127214,
    56.335714010056));
#2267 = CARTESIAN_POINT('',(-67.68990413699,1.171745400605,
    56.496677978237));
#2268 = CARTESIAN_POINT('',(-67.68893863375,1.224036103889,
    56.663487518773));
#2269 = CARTESIAN_POINT('',(-67.68845913447,1.25,56.832676820925));
#2270 = CARTESIAN_POINT('',(-67.68845913447,1.25,57.001194));
#2271 = PCURVE('',#1449,#2272);
#2272 = DEFINITIONAL_REPRESENTATION('',(#2273),#2339);
#2273 = B_SPLINE_CURVE_WITH_KNOTS('',8,(#2274,#2275,#2276,#2277,#2278,
    #2279,#2280,#2281,#2282,#2283,#2284,#2285,#2286,#2287,#2288,#2289,
    #2290,#2291,#2292,#2293,#2294,#2295,#2296,#2297,#2298,#2299,#2300,
    #2301,#2302,#2303,#2304,#2305,#2306,#2307,#2308,#2309,#2310,#2311,
    #2312,#2313,#2314,#2315,#2316,#2317,#2318,#2319,#2320,#2321,#2322,
    #2323,#2324,#2325,#2326,#2327,#2328,#2329,#2330,#2331,#2332,#2333,
    #2334,#2335,#2336,#2337,#2338),.UNSPECIFIED.,.F.,.F.,(9,7,7,7,7,7,7,
    7,7,9),(0.,0.114042330461,0.209875016127,0.307069949279,
    0.416544215828,0.499175922902,0.613427906873,0.709436769718,
    0.80681977789,1.),.UNSPECIFIED.);
#2274 = CARTESIAN_POINT('',(0.,-167.6884591344));
#2275 = CARTESIAN_POINT('',(8.033568415408E-02,-167.6884591344));
#2276 = CARTESIAN_POINT('',(0.16067463883,-167.6886294111));
#2277 = CARTESIAN_POINT('',(0.241324036112,-167.6889699143));
#2278 = CARTESIAN_POINT('',(0.32258030103,-167.6894750658));
#2279 = CARTESIAN_POINT('',(0.404734690783,-167.6901331329));
#2280 = CARTESIAN_POINT('',(0.488085860741,-167.6909253421));
#2281 = CARTESIAN_POINT('',(0.572959417257,-167.6918247327));
#2282 = CARTESIAN_POINT('',(0.732653741681,-167.6936098797));
#2283 = CARTESIAN_POINT('',(0.807242336901,-167.6944785367));
#2284 = CARTESIAN_POINT('',(0.883412539349,-167.695376137));
#2285 = CARTESIAN_POINT('',(0.961127195302,-167.6962717992));
#2286 = CARTESIAN_POINT('',(1.040388938033,-167.6971298319));
#2287 = CARTESIAN_POINT('',(1.121236538656,-167.6979119875));
#2288 = CARTESIAN_POINT('',(1.203748370633,-167.6985804811));
#2289 = CARTESIAN_POINT('',(1.373555983006,-167.6996304797));
#2290 = CARTESIAN_POINT('',(1.460459883252,-167.7000050381));
#2291 = CARTESIAN_POINT('',(1.548123801531,-167.700188544));
#2292 = CARTESIAN_POINT('',(1.636008759731,-167.7001583271));
#2293 = CARTESIAN_POINT('',(1.7236188139,-167.6999130835));
#2294 = CARTESIAN_POINT('',(1.810440540758,-167.6994741292));
#2295 = CARTESIAN_POINT('',(1.895880885624,-167.6988807762));
#2296 = CARTESIAN_POINT('',(2.073052585513,-167.6973903302));
#2297 = CARTESIAN_POINT('',(2.164290584717,-167.6964637281));
#2298 = CARTESIAN_POINT('',(2.253240302422,-167.6954552664));
#2299 = CARTESIAN_POINT('',(2.340138380295,-167.6944190374));
#2300 = CARTESIAN_POINT('',(2.425167630148,-167.6934035787));
#2301 = CARTESIAN_POINT('',(2.508475530528,-167.6924491322));
#2302 = CARTESIAN_POINT('',(2.590178758341,-167.6915865648));
#2303 = CARTESIAN_POINT('',(2.730870232099,-167.690272897));
#2304 = CARTESIAN_POINT('',(2.790684725323,-167.6897711937));
#2305 = CARTESIAN_POINT('',(2.849926171845,-167.6893418965));
#2306 = CARTESIAN_POINT('',(2.908714601456,-167.6889919459));
#2307 = CARTESIAN_POINT('',(2.967164095078,-167.688726324));
#2308 = CARTESIAN_POINT('',(3.025385742737,-167.68854821));
#2309 = CARTESIAN_POINT('',(3.08349060153,-167.6884591344));
#2310 = CARTESIAN_POINT('',(3.221928337744,-167.6884591344));
#2311 = CARTESIAN_POINT('',(3.30226729242,-167.6886294111));
#2312 = CARTESIAN_POINT('',(3.382916689702,-167.6889699143));
#2313 = CARTESIAN_POINT('',(3.46417295462,-167.6894750658));
#2314 = CARTESIAN_POINT('',(3.546327344372,-167.6901331329));
#2315 = CARTESIAN_POINT('',(3.629678514331,-167.6909253421));
#2316 = CARTESIAN_POINT('',(3.714552070847,-167.6918247327));
#2317 = CARTESIAN_POINT('',(3.874246395252,-167.6936098797));
#2318 = CARTESIAN_POINT('',(3.948834990485,-167.6944785367));
#2319 = CARTESIAN_POINT('',(4.02500519295,-167.695376137));
#2320 = CARTESIAN_POINT('',(4.102719848908,-167.6962717992));
#2321 = CARTESIAN_POINT('',(4.181981591632,-167.6971298319));
#2322 = CARTESIAN_POINT('',(4.262829192238,-167.6979119875));
#2323 = CARTESIAN_POINT('',(4.345341024204,-167.6985804811));
#2324 = CARTESIAN_POINT('',(4.51515688498,-167.6996305307));
#2325 = CARTESIAN_POINT('',(4.602063564624,-167.7000050781));
#2326 = CARTESIAN_POINT('',(4.689725928348,-167.7001885372));
#2327 = CARTESIAN_POINT('',(4.777606339047,-167.7001582893));
#2328 = CARTESIAN_POINT('',(4.865210508943,-167.6999130619));
#2329 = CARTESIAN_POINT('',(4.952027204205,-167.6994741584));
#2330 = CARTESIAN_POINT('',(5.037466419913,-167.6988808361));
#2331 = CARTESIAN_POINT('',(5.286098288949,-167.6967892359));
#2332 = CARTESIAN_POINT('',(5.442233034066,-167.6949823139));
#2333 = CARTESIAN_POINT('',(5.591624083778,-167.6930661766));
#2334 = CARTESIAN_POINT('',(5.735732855437,-167.6913144195));
#2335 = CARTESIAN_POINT('',(5.875842514094,-167.6899041369));
#2336 = CARTESIAN_POINT('',(6.01301932628,-167.6889386337));
#2337 = CARTESIAN_POINT('',(6.148371563919,-167.6884591344));
#2338 = CARTESIAN_POINT('',(6.28318530718,-167.6884591344));
#2339 = ( GEOMETRIC_REPRESENTATION_CONTEXT(2) 
PARAMETRIC_REPRESENTATION_CONTEXT() REPRESENTATION_CONTEXT('2D SPACE',''
  ) );
#2340 = PCURVE('',#1546,#2341);
#2341 = DEFINITIONAL_REPRESENTATION('',(#2342),#2408);
#2342 = B_SPLINE_CURVE_WITH_KNOTS('',8,(#2343,#2344,#2345,#2346,#2347,
    #2348,#2349,#2350,#2351,#2352,#2353,#2354,#2355,#2356,#2357,#2358,
    #2359,#2360,#2361,#2362,#2363,#2364,#2365,#2366,#2367,#2368,#2369,
    #2370,#2371,#2372,#2373,#2374,#2375,#2376,#2377,#2378,#2379,#2380,
    #2381,#2382,#2383,#2384,#2385,#2386,#2387,#2388,#2389,#2390,#2391,
    #2392,#2393,#2394,#2395,#2396,#2397,#2398,#2399,#2400,#2401,#2402,
    #2403,#2404,#2405,#2406,#2407),.UNSPECIFIED.,.F.,.F.,(9,7,7,7,7,7,7,
    7,7,9),(0.,0.114042330461,0.209875016127,0.307069949279,
    0.416544215828,0.499175922902,0.613427906873,0.709436769718,
    0.80681977789,1.),.UNSPECIFIED.);
#2343 = CARTESIAN_POINT('',(-3.160057513771,5.001194));
#2344 = CARTESIAN_POINT('',(-3.160057513771,5.101613605193));
#2345 = CARTESIAN_POINT('',(-3.159921303718,5.202036566255));
#2346 = CARTESIAN_POINT('',(-3.15964887236,5.301862543946));
#2347 = CARTESIAN_POINT('',(-3.159239141219,5.400469037366));
#2348 = CARTESIAN_POINT('',(-3.158690200883,5.497174689919));
#2349 = CARTESIAN_POINT('',(-3.157999579989,5.591199316382));
#2350 = CARTESIAN_POINT('',(-3.157164546879,5.681620651063));
#2351 = CARTESIAN_POINT('',(-3.155357157735,5.839349739678));
#2352 = CARTESIAN_POINT('',(-3.15442432464,5.908364588968));
#2353 = CARTESIAN_POINT('',(-3.153384522093,5.973329941887));
#2354 = CARTESIAN_POINT('',(-3.152240419604,6.033211342121));
#2355 = CARTESIAN_POINT('',(-3.15099667186,6.086984521389));
#2356 = CARTESIAN_POINT('',(-3.149659893209,6.133635820342));
#2357 = CARTESIAN_POINT('',(-3.148238713519,6.172160809052));
#2358 = CARTESIAN_POINT('',(-3.145227868957,6.231379326039));
#2359 = CARTESIAN_POINT('',(-3.143643947194,6.251656918281));
#2360 = CARTESIAN_POINT('',(-3.142017976015,6.261262405643));
#2361 = CARTESIAN_POINT('',(-3.140378599681,6.259621478131));
#2362 = CARTESIAN_POINT('',(-3.138755514566,6.246713007634));
#2363 = CARTESIAN_POINT('',(-3.137177705179,6.22306514052));
#2364 = CARTESIAN_POINT('',(-3.135671682452,6.18975146912));
#2365 = CARTESIAN_POINT('',(-3.132669383359,6.101797260506));
#2366 = CARTESIAN_POINT('',(-3.131197090434,6.044956724762));
#2367 = CARTESIAN_POINT('',(-3.129851495258,5.979451690325));
#2368 = CARTESIAN_POINT('',(-3.128638149276,5.906725175933));
#2369 = CARTESIAN_POINT('',(-3.127560129348,5.828101505457));
#2370 = CARTESIAN_POINT('',(-3.126618510085,5.744805660206));
#2371 = CARTESIAN_POINT('',(-3.125812684851,5.657977681663));
#2372 = CARTESIAN_POINT('',(-3.124633193755,5.501281405394));
#2373 = CARTESIAN_POINT('',(-3.124200599873,5.43228772772));
#2374 = CARTESIAN_POINT('',(-3.12384170235,5.362028755528));
#2375 = CARTESIAN_POINT('',(-3.123555595035,5.290796625053));
#2376 = CARTESIAN_POINT('',(-3.123341548546,5.218856127433));
#2377 = CARTESIAN_POINT('',(-3.123199041777,5.146452891251));
#2378 = CARTESIAN_POINT('',(-3.123127793408,5.073821565075));
#2379 = CARTESIAN_POINT('',(-3.123127793408,4.900774394807));
#2380 = CARTESIAN_POINT('',(-3.123264003462,4.800351433745));
#2381 = CARTESIAN_POINT('',(-3.12353643482,4.700525456054));
#2382 = CARTESIAN_POINT('',(-3.123946165961,4.601918962634));
#2383 = CARTESIAN_POINT('',(-3.124495106297,4.505213310081));
#2384 = CARTESIAN_POINT('',(-3.125185727191,4.411188683618));
#2385 = CARTESIAN_POINT('',(-3.126020760301,4.320767348937));
#2386 = CARTESIAN_POINT('',(-3.127828149444,4.163038260341));
#2387 = CARTESIAN_POINT('',(-3.12876098254,4.094023411035));
#2388 = CARTESIAN_POINT('',(-3.129800785087,4.029058058101));
#2389 = CARTESIAN_POINT('',(-3.130944887576,3.969176657867));
#2390 = CARTESIAN_POINT('',(-3.13218863532,3.915403478609));
#2391 = CARTESIAN_POINT('',(-3.13352541397,3.868752179665));
#2392 = CARTESIAN_POINT('',(-3.134946593661,3.830227190955));
#2393 = CARTESIAN_POINT('',(-3.137957584474,3.771005797429));
#2394 = CARTESIAN_POINT('',(-3.139541564909,3.750729172703));
#2395 = CARTESIAN_POINT('',(-3.141167510233,3.741126014713));
#2396 = CARTESIAN_POINT('',(-3.142806798037,3.742768414299));
#2397 = CARTESIAN_POINT('',(-3.144429769902,3.75567619411));
#2398 = CARTESIAN_POINT('',(-3.146007490761,3.779321449964));
#2399 = CARTESIAN_POINT('',(-3.147513504086,3.812632996611));
#2400 = CARTESIAN_POINT('',(-3.151726746016,3.936062524526));
#2401 = CARTESIAN_POINT('',(-3.154143612782,4.049397243593));
#2402 = CARTESIAN_POINT('',(-3.156145184468,4.184845695401));
#2403 = CARTESIAN_POINT('',(-3.157728921385,4.335714010056));
#2404 = CARTESIAN_POINT('',(-3.158901414115,4.496677978237));
#2405 = CARTESIAN_POINT('',(-3.159673934423,4.663487518773));
#2406 = CARTESIAN_POINT('',(-3.160057513771,4.832676820924));
#2407 = CARTESIAN_POINT('',(-3.160057513771,5.001194));
#2408 = ( GEOMETRIC_REPRESENTATION_CONTEXT(2) 
PARAMETRIC_REPRESENTATION_CONTEXT() REPRESENTATION_CONTEXT('2D SPACE',''
  ) );
#2409 = ORIENTED_EDGE('',*,*,#2180,.F.);
#2410 = ADVANCED_FACE('',(#2411,#2462,#2465,#2468),#1546,.T.);
#2411 = FACE_BOUND('',#2412,.F.);
#2412 = EDGE_LOOP('',(#2413,#2414,#2435,#2436,#2437,#2458,#2459,#2460,
    #2461));
#2413 = ORIENTED_EDGE('',*,*,#1529,.T.);
#2414 = ORIENTED_EDGE('',*,*,#2415,.T.);
#2415 = EDGE_CURVE('',#1530,#1654,#2416,.T.);
#2416 = SEAM_CURVE('',#2417,(#2421,#2428),.PCURVE_S1.);
#2417 = LINE('',#2418,#2419);
#2418 = CARTESIAN_POINT('',(67.7,1.15463194561E-14,52.));
#2419 = VECTOR('',#2420,1.);
#2420 = DIRECTION('',(0.,2.22044604925E-16,1.));
#2421 = PCURVE('',#1546,#2422);
#2422 = DEFINITIONAL_REPRESENTATION('',(#2423),#2427);
#2423 = LINE('',#2424,#2425);
#2424 = CARTESIAN_POINT('',(-0.,0.));
#2425 = VECTOR('',#2426,1.);
#2426 = DIRECTION('',(-0.,1.));
#2427 = ( GEOMETRIC_REPRESENTATION_CONTEXT(2) 
PARAMETRIC_REPRESENTATION_CONTEXT() REPRESENTATION_CONTEXT('2D SPACE',''
  ) );
#2428 = PCURVE('',#1546,#2429);
#2429 = DEFINITIONAL_REPRESENTATION('',(#2430),#2434);
#2430 = LINE('',#2431,#2432);
#2431 = CARTESIAN_POINT('',(-6.28318530718,0.));
#2432 = VECTOR('',#2433,1.);
#2433 = DIRECTION('',(-0.,1.));
#2434 = ( GEOMETRIC_REPRESENTATION_CONTEXT(2) 
PARAMETRIC_REPRESENTATION_CONTEXT() REPRESENTATION_CONTEXT('2D SPACE',''
  ) );
#2435 = ORIENTED_EDGE('',*,*,#1653,.T.);
#2436 = ORIENTED_EDGE('',*,*,#1561,.T.);
#2437 = ORIENTED_EDGE('',*,*,#2438,.T.);
#2438 = EDGE_CURVE('',#1564,#1809,#2439,.T.);
#2439 = SEAM_CURVE('',#2440,(#2444,#2451),.PCURVE_S1.);
#2440 = LINE('',#2441,#2442);
#2441 = CARTESIAN_POINT('',(67.7,1.15463194561E-14,52.));
#2442 = VECTOR('',#2443,1.);
#2443 = DIRECTION('',(0.,2.22044604925E-16,1.));
#2444 = PCURVE('',#1546,#2445);
#2445 = DEFINITIONAL_REPRESENTATION('',(#2446),#2450);
#2446 = LINE('',#2447,#2448);
#2447 = CARTESIAN_POINT('',(-0.,0.));
#2448 = VECTOR('',#2449,1.);
#2449 = DIRECTION('',(-0.,1.));
#2450 = ( GEOMETRIC_REPRESENTATION_CONTEXT(2) 
PARAMETRIC_REPRESENTATION_CONTEXT() REPRESENTATION_CONTEXT('2D SPACE',''
  ) );
#2451 = PCURVE('',#1546,#2452);
#2452 = DEFINITIONAL_REPRESENTATION('',(#2453),#2457);
#2453 = LINE('',#2454,#2455);
#2454 = CARTESIAN_POINT('',(-6.28318530718,0.));
#2455 = VECTOR('',#2456,1.);
#2456 = DIRECTION('',(-0.,1.));
#2457 = ( GEOMETRIC_REPRESENTATION_CONTEXT(2) 
PARAMETRIC_REPRESENTATION_CONTEXT() REPRESENTATION_CONTEXT('2D SPACE',''
  ) );
#2458 = ORIENTED_EDGE('',*,*,#1808,.F.);
#2459 = ORIENTED_EDGE('',*,*,#2438,.F.);
#2460 = ORIENTED_EDGE('',*,*,#1709,.T.);
#2461 = ORIENTED_EDGE('',*,*,#2415,.F.);
#2462 = FACE_BOUND('',#2463,.F.);
#2463 = EDGE_LOOP('',(#2464));
#2464 = ORIENTED_EDGE('',*,*,#1835,.T.);
#2465 = FACE_BOUND('',#2466,.F.);
#2466 = EDGE_LOOP('',(#2467));
#2467 = ORIENTED_EDGE('',*,*,#2031,.F.);
#2468 = FACE_BOUND('',#2469,.F.);
#2469 = EDGE_LOOP('',(#2470));
#2470 = ORIENTED_EDGE('',*,*,#2203,.F.);
#2471 = ( GEOMETRIC_REPRESENTATION_CONTEXT(3) 
GLOBAL_UNCERTAINTY_ASSIGNED_CONTEXT((#2475)) 
GLOBAL_UNIT_ASSIGNED_CONTEXT((#2472,#2473,#2474)) REPRESENTATION_CONTEXT
('Context #1','3D Context with UNIT and UNCERTAINTY') );
#2472 = ( LENGTH_UNIT() NAMED_UNIT(*) SI_UNIT(.MILLI.,.METRE.) );
#2473 = ( NAMED_UNIT(*) PLANE_ANGLE_UNIT() SI_UNIT($,.RADIAN.) );
#2474 = ( NAMED_UNIT(*) SI_UNIT($,.STERADIAN.) SOLID_ANGLE_UNIT() );
#2475 = UNCERTAINTY_MEASURE_WITH_UNIT(LENGTH_MEASURE(1.E-07),#2472,
  'distance_accuracy_value','confusion accuracy');
#2476 = CONTEXT_DEPENDENT_SHAPE_REPRESENTATION(#2477,#2479);
#2477 = ( REPRESENTATION_RELATIONSHIP('','',#40,#10) 
REPRESENTATION_RELATIONSHIP_WITH_TRANSFORMATION(#2478) 
SHAPE_REPRESENTATION_RELATIONSHIP() );
#2478 = ITEM_DEFINED_TRANSFORMATION('','',#11,#15);
#2479 = PRODUCT_DEFINITION_SHAPE('Placement','Placement of an item',
  #2480);
#2480 = NEXT_ASSEMBLY_USAGE_OCCURRENCE('1','shoulder','',#5,#35,$);
#2481 = PRODUCT_RELATED_PRODUCT_CATEGORY('part',$,(#37));
#2482 = SHAPE_DEFINITION_REPRESENTATION(#2483,#2489);
#2483 = PRODUCT_DEFINITION_SHAPE('','',#2484);
#2484 = PRODUCT_DEFINITION('design','',#2485,#2488);
#2485 = PRODUCT_DEFINITION_FORMATION('','',#2486);
#2486 = PRODUCT('container','container','',(#2487));
#2487 = PRODUCT_CONTEXT('',#2,'mechanical');
#2488 = PRODUCT_DEFINITION_CONTEXT('part definition',#2,'design');
#2489 = ADVANCED_BREP_SHAPE_REPRESENTATION('',(#11,#2490),#4312);
#2490 = MANIFOLD_SOLID_BREP('',#2491);
#2491 = CLOSED_SHELL('',(#2492,#3354,#3612,#3642,#3672,#3907,#4079,#4251
    ));
#2492 = ADVANCED_FACE('',(#2493,#2832,#3048,#3201),#2507,.T.);
#2493 = FACE_BOUND('',#2494,.F.);
#2494 = EDGE_LOOP('',(#2495,#2525,#2552,#2553,#2614,#2688,#2711,#2738,
    #2739));
#2495 = ORIENTED_EDGE('',*,*,#2496,.F.);
#2496 = EDGE_CURVE('',#2497,#2499,#2501,.T.);
#2497 = VERTEX_POINT('',#2498);
#2498 = CARTESIAN_POINT('',(70.5,0.,0.));
#2499 = VERTEX_POINT('',#2500);
#2500 = CARTESIAN_POINT('',(70.5,0.,3.531868));
#2501 = SEAM_CURVE('',#2502,(#2506,#2518),.PCURVE_S1.);
#2502 = LINE('',#2503,#2504);
#2503 = CARTESIAN_POINT('',(70.5,0.,0.));
#2504 = VECTOR('',#2505,1.);
#2505 = DIRECTION('',(0.,0.,1.));
#2506 = PCURVE('',#2507,#2512);
#2507 = CYLINDRICAL_SURFACE('',#2508,70.5);
#2508 = AXIS2_PLACEMENT_3D('',#2509,#2510,#2511);
#2509 = CARTESIAN_POINT('',(0.,0.,0.));
#2510 = DIRECTION('',(-0.,-0.,-1.));
#2511 = DIRECTION('',(1.,0.,0.));
#2512 = DEFINITIONAL_REPRESENTATION('',(#2513),#2517);
#2513 = LINE('',#2514,#2515);
#2514 = CARTESIAN_POINT('',(-6.28318530718,0.));
#2515 = VECTOR('',#2516,1.);
#2516 = DIRECTION('',(-0.,-1.));
#2517 = ( GEOMETRIC_REPRESENTATION_CONTEXT(2) 
PARAMETRIC_REPRESENTATION_CONTEXT() REPRESENTATION_CONTEXT('2D SPACE',''
  ) );
#2518 = PCURVE('',#2507,#2519);
#2519 = DEFINITIONAL_REPRESENTATION('',(#2520),#2524);
#2520 = LINE('',#2521,#2522);
#2521 = CARTESIAN_POINT('',(-0.,0.));
#2522 = VECTOR('',#2523,1.);
#2523 = DIRECTION('',(-0.,-1.));
#2524 = ( GEOMETRIC_REPRESENTATION_CONTEXT(2) 
PARAMETRIC_REPRESENTATION_CONTEXT() REPRESENTATION_CONTEXT('2D SPACE',''
  ) );
#2525 = ORIENTED_EDGE('',*,*,#2526,.F.);
#2526 = EDGE_CURVE('',#2497,#2497,#2527,.T.);
#2527 = SURFACE_CURVE('',#2528,(#2533,#2540),.PCURVE_S1.);
#2528 = CIRCLE('',#2529,70.5);
#2529 = AXIS2_PLACEMENT_3D('',#2530,#2531,#2532);
#2530 = CARTESIAN_POINT('',(0.,0.,0.));
#2531 = DIRECTION('',(0.,0.,1.));
#2532 = DIRECTION('',(1.,0.,0.));
#2533 = PCURVE('',#2507,#2534);
#2534 = DEFINITIONAL_REPRESENTATION('',(#2535),#2539);
#2535 = LINE('',#2536,#2537);
#2536 = CARTESIAN_POINT('',(-0.,0.));
#2537 = VECTOR('',#2538,1.);
#2538 = DIRECTION('',(-1.,0.));
#2539 = ( GEOMETRIC_REPRESENTATION_CONTEXT(2) 
PARAMETRIC_REPRESENTATION_CONTEXT() REPRESENTATION_CONTEXT('2D SPACE',''
  ) );
#2540 = PCURVE('',#2541,#2546);
#2541 = PLANE('',#2542);
#2542 = AXIS2_PLACEMENT_3D('',#2543,#2544,#2545);
#2543 = CARTESIAN_POINT('',(-2.518450891583E-15,3.577237333895E-15,0.));
#2544 = DIRECTION('',(0.,0.,1.));
#2545 = DIRECTION('',(1.,0.,0.));
#2546 = DEFINITIONAL_REPRESENTATION('',(#2547),#2551);
#2547 = CIRCLE('',#2548,70.5);
#2548 = AXIS2_PLACEMENT_2D('',#2549,#2550);
#2549 = CARTESIAN_POINT('',(2.518450891583E-15,-3.577237333895E-15));
#2550 = DIRECTION('',(1.,0.));
#2551 = ( GEOMETRIC_REPRESENTATION_CONTEXT(2) 
PARAMETRIC_REPRESENTATION_CONTEXT() REPRESENTATION_CONTEXT('2D SPACE',''
  ) );
#2552 = ORIENTED_EDGE('',*,*,#2496,.T.);
#2553 = ORIENTED_EDGE('',*,*,#2554,.T.);
#2554 = EDGE_CURVE('',#2499,#2555,#2557,.T.);
#2555 = VERTEX_POINT('',#2556);
#2556 = CARTESIAN_POINT('',(70.484040746824,1.5,5.031868));
#2557 = SURFACE_CURVE('',#2558,(#2573,#2591),.PCURVE_S1.);
#2558 = B_SPLINE_CURVE_WITH_KNOTS('',7,(#2559,#2560,#2561,#2562,#2563,
    #2564,#2565,#2566,#2567,#2568,#2569,#2570,#2571,#2572),
  .UNSPECIFIED.,.F.,.F.,(8,6,8),(0.,0.456066136555,1.),.UNSPECIFIED.);
#2559 = CARTESIAN_POINT('',(70.5,4.525163938522E-15,3.531868));
#2560 = CARTESIAN_POINT('',(70.5,0.180072025006,3.531868));
#2561 = CARTESIAN_POINT('',(70.499463699101,0.357106692171,
    3.557088540071));
#2562 = CARTESIAN_POINT('',(70.498422045118,0.526569925729,
    3.605996256744));
#2563 = CARTESIAN_POINT('',(70.496991629654,0.684408499929,
    3.675963993289));
#2564 = CARTESIAN_POINT('',(70.495339767501,0.827313467567,3.76334782955
    ));
#2565 = CARTESIAN_POINT('',(70.493640400386,0.953022361877,
    3.863570018317));
#2566 = CARTESIAN_POINT('',(70.49008921515,1.189035960071,4.099583616512
    ));
#2567 = CARTESIAN_POINT('',(70.488231134377,1.294392661025,
    4.241194440759));
#2568 = CARTESIAN_POINT('',(70.486612645657,1.377401474861,
    4.391743997332));
#2569 = CARTESIAN_POINT('',(70.485340849138,1.43891071767,4.548198462195
    ));
#2570 = CARTESIAN_POINT('',(70.484474165299,1.479633538254,
    4.708255244702));
#2571 = CARTESIAN_POINT('',(70.484040746824,1.5,4.870047136191));
#2572 = CARTESIAN_POINT('',(70.484040746824,1.5,5.031868));
#2573 = PCURVE('',#2507,#2574);
#2574 = DEFINITIONAL_REPRESENTATION('',(#2575),#2590);
#2575 = B_SPLINE_CURVE_WITH_KNOTS('',7,(#2576,#2577,#2578,#2579,#2580,
    #2581,#2582,#2583,#2584,#2585,#2586,#2587,#2588,#2589),
  .UNSPECIFIED.,.F.,.F.,(8,6,8),(0.,0.456066136555,1.),.UNSPECIFIED.);
#2576 = CARTESIAN_POINT('',(0.,-3.531868));
#2577 = CARTESIAN_POINT('',(-2.554213120655E-03,-3.531868));
#2578 = CARTESIAN_POINT('',(-5.065343114522E-03,-3.557088540071));
#2579 = CARTESIAN_POINT('',(-7.469104210191E-03,-3.605996256744));
#2580 = CARTESIAN_POINT('',(-9.708026908997E-03,-3.675963993289));
#2581 = CARTESIAN_POINT('',(-1.173517679264E-02,-3.76334782955));
#2582 = CARTESIAN_POINT('',(-1.351844248202E-02,-3.863570018317));
#2583 = CARTESIAN_POINT('',(-1.686653203077E-02,-4.099583616512));
#2584 = CARTESIAN_POINT('',(-1.83611806995E-02,-4.241194440759));
#2585 = CARTESIAN_POINT('',(-1.953883268239E-02,-4.391743997332));
#2586 = CARTESIAN_POINT('',(-2.041149051168E-02,-4.548198462195));
#2587 = CARTESIAN_POINT('',(-2.098924997801E-02,-4.708255244702));
#2588 = CARTESIAN_POINT('',(-2.127820136798E-02,-4.870047136191));
#2589 = CARTESIAN_POINT('',(-2.127820136798E-02,-5.031868));
#2590 = ( GEOMETRIC_REPRESENTATION_CONTEXT(2) 
PARAMETRIC_REPRESENTATION_CONTEXT() REPRESENTATION_CONTEXT('2D SPACE',''
  ) );
#2591 = PCURVE('',#2592,#2597);
#2592 = CYLINDRICAL_SURFACE('',#2593,1.5);
#2593 = AXIS2_PLACEMENT_3D('',#2594,#2595,#2596);
#2594 = CARTESIAN_POINT('',(100.,0.,5.031868));
#2595 = DIRECTION('',(1.,0.,0.));
#2596 = DIRECTION('',(0.,1.,0.));
#2597 = DEFINITIONAL_REPRESENTATION('',(#2598),#2613);
#2598 = B_SPLINE_CURVE_WITH_KNOTS('',7,(#2599,#2600,#2601,#2602,#2603,
    #2604,#2605,#2606,#2607,#2608,#2609,#2610,#2611,#2612),
  .UNSPECIFIED.,.F.,.F.,(8,6,8),(0.,0.456066136555,1.),.UNSPECIFIED.);
#2599 = CARTESIAN_POINT('',(4.712388980385,-29.5));
#2600 = CARTESIAN_POINT('',(4.832436997055,-29.5));
#2601 = CARTESIAN_POINT('',(4.950459698142,-29.50053630089));
#2602 = CARTESIAN_POINT('',(5.066262660247,-29.50157795488));
#2603 = CARTESIAN_POINT('',(5.179533545168,-29.50300837034));
#2604 = CARTESIAN_POINT('',(5.289800675912,-29.50466023249));
#2605 = CARTESIAN_POINT('',(5.39630524339,-29.50635959961));
#2606 = CARTESIAN_POINT('',(5.618820997704,-29.50991078485));
#2607 = CARTESIAN_POINT('',(5.735242822227,-29.51176886562));
#2608 = CARTESIAN_POINT('',(5.84823783676,-29.51338735434));
#2609 = CARTESIAN_POINT('',(5.958687295392,-29.51465915086));
#2610 = CARTESIAN_POINT('',(6.067443731415,-29.5155258347));
#2611 = CARTESIAN_POINT('',(6.175304731307,-29.51595925317));
#2612 = CARTESIAN_POINT('',(6.28318530718,-29.51595925317));
#2613 = ( GEOMETRIC_REPRESENTATION_CONTEXT(2) 
PARAMETRIC_REPRESENTATION_CONTEXT() REPRESENTATION_CONTEXT('2D SPACE',''
  ) );
#2614 = ORIENTED_EDGE('',*,*,#2615,.T.);
#2615 = EDGE_CURVE('',#2555,#2616,#2618,.T.);
#2616 = VERTEX_POINT('',#2617);
#2617 = CARTESIAN_POINT('',(70.5,0.,6.531868));
#2618 = SURFACE_CURVE('',#2619,(#2640,#2664),.PCURVE_S1.);
#2619 = B_SPLINE_CURVE_WITH_KNOTS('',7,(#2620,#2621,#2622,#2623,#2624,
    #2625,#2626,#2627,#2628,#2629,#2630,#2631,#2632,#2633,#2634,#2635,
    #2636,#2637,#2638,#2639),.UNSPECIFIED.,.F.,.F.,(8,6,6,8),(0.,
    0.481048141002,0.771518738095,1.),.UNSPECIFIED.);
#2620 = CARTESIAN_POINT('',(70.484040746824,1.5,5.031868));
#2621 = CARTESIAN_POINT('',(70.484040746824,1.5,5.175466037414));
#2622 = CARTESIAN_POINT('',(70.484382054025,1.483962080563,
    5.319048057617));
#2623 = CARTESIAN_POINT('',(70.485064574202,1.45189147674,5.461399975597
    ));
#2624 = CARTESIAN_POINT('',(70.486070696152,1.403532154233,
    5.601228668403));
#2625 = CARTESIAN_POINT('',(70.487364118494,1.338436568344,
    5.737007293415));
#2626 = CARTESIAN_POINT('',(70.488881607784,1.256035676048,
    5.866803438209));
#2627 = CARTESIAN_POINT('',(70.491518251389,1.095226505269,
    6.061188333723));
#2628 = CARTESIAN_POINT('',(70.492558865446,1.028058400277,
    6.131372671704));
#2629 = CARTESIAN_POINT('',(70.493623600918,0.954259892147,6.19776685703
    ));
#2630 = CARTESIAN_POINT('',(70.494683351481,0.873908772547,
    6.259550947022));
#2631 = CARTESIAN_POINT('',(70.495704356965,0.787172011265,
    6.315871227384));
#2632 = CARTESIAN_POINT('',(70.496649897041,0.694316075059,
    6.365834401361));
#2633 = CARTESIAN_POINT('',(70.498138388483,0.518168595131,
    6.442060222661));
#2634 = CARTESIAN_POINT('',(70.498724471368,0.437041898455,
    6.471115230574));
#2635 = CARTESIAN_POINT('',(70.499219714898,0.352905823375,
    6.495036485679));
#2636 = CARTESIAN_POINT('',(70.499605657308,0.266409276312,
    6.513337743236));
#2637 = CARTESIAN_POINT('',(70.499868390827,0.178261311606,
    6.525678582688));
#2638 = CARTESIAN_POINT('',(70.5,8.920645048084E-02,6.531868));
#2639 = CARTESIAN_POINT('',(70.5,2.228022719165E-15,6.531868));
#2640 = PCURVE('',#2507,#2641);
#2641 = DEFINITIONAL_REPRESENTATION('',(#2642),#2663);
#2642 = B_SPLINE_CURVE_WITH_KNOTS('',7,(#2643,#2644,#2645,#2646,#2647,
    #2648,#2649,#2650,#2651,#2652,#2653,#2654,#2655,#2656,#2657,#2658,
    #2659,#2660,#2661,#2662),.UNSPECIFIED.,.F.,.F.,(8,6,6,8),(0.,
    0.481048141002,0.771518738095,1.),.UNSPECIFIED.);
#2643 = CARTESIAN_POINT('',(-2.127820136798E-02,-5.031868));
#2644 = CARTESIAN_POINT('',(-2.127820136798E-02,-5.175466037414));
#2645 = CARTESIAN_POINT('',(-2.10506616419E-02,-5.319048057617));
#2646 = CARTESIAN_POINT('',(-2.059565645044E-02,-5.461399975597));
#2647 = CARTESIAN_POINT('',(-1.990956026718E-02,-5.601228668403));
#2648 = CARTESIAN_POINT('',(-1.898603724315E-02,-5.737007293415));
#2649 = CARTESIAN_POINT('',(-1.781703446116E-02,-5.866803438209));
#2650 = CARTESIAN_POINT('',(-1.55357467354E-02,-6.061188333723));
#2651 = CARTESIAN_POINT('',(-1.458289371752E-02,-6.131372671704));
#2652 = CARTESIAN_POINT('',(-1.353599840449E-02,-6.19776685703));
#2653 = CARTESIAN_POINT('',(-1.239616884274E-02,-6.259550947022));
#2654 = CARTESIAN_POINT('',(-1.116577723706E-02,-6.315871227384));
#2655 = CARTESIAN_POINT('',(-9.848605455866E-03,-6.365834401361));
#2656 = CARTESIAN_POINT('',(-7.349970436244E-03,-6.442060222661));
#2657 = CARTESIAN_POINT('',(-6.199207960164E-03,-6.471115230574));
#2658 = CARTESIAN_POINT('',(-5.005769579634E-03,-6.495036485679));
#2659 = CARTESIAN_POINT('',(-3.778858313159E-03,-6.513337743236));
#2660 = CARTESIAN_POINT('',(-2.528529215481E-03,-6.525678582688));
#2661 = CARTESIAN_POINT('',(-1.265339723133E-03,-6.531868));
#2662 = CARTESIAN_POINT('',(0.,-6.531868));
#2663 = ( GEOMETRIC_REPRESENTATION_CONTEXT(2) 
PARAMETRIC_REPRESENTATION_CONTEXT() REPRESENTATION_CONTEXT('2D SPACE',''
  ) );
#2664 = PCURVE('',#2592,#2665);
#2665 = DEFINITIONAL_REPRESENTATION('',(#2666),#2687);
#2666 = B_SPLINE_CURVE_WITH_KNOTS('',7,(#2667,#2668,#2669,#2670,#2671,
    #2672,#2673,#2674,#2675,#2676,#2677,#2678,#2679,#2680,#2681,#2682,
    #2683,#2684,#2685,#2686),.UNSPECIFIED.,.F.,.F.,(8,6,6,8),(0.,
    0.481048141002,0.771518738095,1.),.UNSPECIFIED.);
#2667 = CARTESIAN_POINT('',(0.,-29.51595925317));
#2668 = CARTESIAN_POINT('',(9.573202494289E-02,-29.51595925317));
#2669 = CARTESIAN_POINT('',(0.191453280891,-29.51561794597));
#2670 = CARTESIAN_POINT('',(0.287787983184,-29.51493542579));
#2671 = CARTESIAN_POINT('',(0.385303833499,-29.51392930384));
#2672 = CARTESIAN_POINT('',(0.484595367754,-29.5126358815));
#2673 = CARTESIAN_POINT('',(0.586284743863,-29.51111839221));
#2674 = CARTESIAN_POINT('',(0.75447125014,-29.50848174861));
#2675 = CARTESIAN_POINT('',(0.819066319115,-29.50744113455));
#2676 = CARTESIAN_POINT('',(0.8849465227,-29.50637639908));
#2677 = CARTESIAN_POINT('',(0.952147979067,-29.50531664851));
#2678 = CARTESIAN_POINT('',(1.020728176743,-29.50429564303));
#2679 = CARTESIAN_POINT('',(1.090769383765,-29.50335010295));
#2680 = CARTESIAN_POINT('',(1.218724776197,-29.50186161151));
#2681 = CARTESIAN_POINT('',(1.276053746141,-29.50127552863));
#2682 = CARTESIAN_POINT('',(1.334156919062,-29.5007802851));
#2683 = CARTESIAN_POINT('',(1.392846586197,-29.50039434269));
#2684 = CARTESIAN_POINT('',(1.451955431381,-29.50013160917));
#2685 = CARTESIAN_POINT('',(1.511325359808,-29.5));
#2686 = CARTESIAN_POINT('',(1.570796326795,-29.5));
#2687 = ( GEOMETRIC_REPRESENTATION_CONTEXT(2) 
PARAMETRIC_REPRESENTATION_CONTEXT() REPRESENTATION_CONTEXT('2D SPACE',''
  ) );
#2688 = ORIENTED_EDGE('',*,*,#2689,.T.);
#2689 = EDGE_CURVE('',#2616,#2690,#2692,.T.);
#2690 = VERTEX_POINT('',#2691);
#2691 = CARTESIAN_POINT('',(70.5,0.,200.));
#2692 = SEAM_CURVE('',#2693,(#2697,#2704),.PCURVE_S1.);
#2693 = LINE('',#2694,#2695);
#2694 = CARTESIAN_POINT('',(70.5,0.,0.));
#2695 = VECTOR('',#2696,1.);
#2696 = DIRECTION('',(0.,0.,1.));
#2697 = PCURVE('',#2507,#2698);
#2698 = DEFINITIONAL_REPRESENTATION('',(#2699),#2703);
#2699 = LINE('',#2700,#2701);
#2700 = CARTESIAN_POINT('',(-6.28318530718,0.));
#2701 = VECTOR('',#2702,1.);
#2702 = DIRECTION('',(-0.,-1.));
#2703 = ( GEOMETRIC_REPRESENTATION_CONTEXT(2) 
PARAMETRIC_REPRESENTATION_CONTEXT() REPRESENTATION_CONTEXT('2D SPACE',''
  ) );
#2704 = PCURVE('',#2507,#2705);
#2705 = DEFINITIONAL_REPRESENTATION('',(#2706),#2710);
#2706 = LINE('',#2707,#2708);
#2707 = CARTESIAN_POINT('',(-0.,0.));
#2708 = VECTOR('',#2709,1.);
#2709 = DIRECTION('',(-0.,-1.));
#2710 = ( GEOMETRIC_REPRESENTATION_CONTEXT(2) 
PARAMETRIC_REPRESENTATION_CONTEXT() REPRESENTATION_CONTEXT('2D SPACE',''
  ) );
#2711 = ORIENTED_EDGE('',*,*,#2712,.T.);
#2712 = EDGE_CURVE('',#2690,#2690,#2713,.T.);
#2713 = SURFACE_CURVE('',#2714,(#2719,#2726),.PCURVE_S1.);
#2714 = CIRCLE('',#2715,70.5);
#2715 = AXIS2_PLACEMENT_3D('',#2716,#2717,#2718);
#2716 = CARTESIAN_POINT('',(0.,0.,200.));
#2717 = DIRECTION('',(0.,0.,1.));
#2718 = DIRECTION('',(1.,0.,0.));
#2719 = PCURVE('',#2507,#2720);
#2720 = DEFINITIONAL_REPRESENTATION('',(#2721),#2725);
#2721 = LINE('',#2722,#2723);
#2722 = CARTESIAN_POINT('',(-0.,-200.));
#2723 = VECTOR('',#2724,1.);
#2724 = DIRECTION('',(-1.,0.));
#2725 = ( GEOMETRIC_REPRESENTATION_CONTEXT(2) 
PARAMETRIC_REPRESENTATION_CONTEXT() REPRESENTATION_CONTEXT('2D SPACE',''
  ) );
#2726 = PCURVE('',#2727,#2732);
#2727 = PLANE('',#2728);
#2728 = AXIS2_PLACEMENT_3D('',#2729,#2730,#2731);
#2729 = CARTESIAN_POINT('',(-2.518450891583E-15,3.577237333895E-15,200.)
  );
#2730 = DIRECTION('',(0.,0.,1.));
#2731 = DIRECTION('',(1.,0.,0.));
#2732 = DEFINITIONAL_REPRESENTATION('',(#2733),#2737);
#2733 = CIRCLE('',#2734,70.5);
#2734 = AXIS2_PLACEMENT_2D('',#2735,#2736);
#2735 = CARTESIAN_POINT('',(2.518450891583E-15,-3.577237333895E-15));
#2736 = DIRECTION('',(1.,0.));
#2737 = ( GEOMETRIC_REPRESENTATION_CONTEXT(2) 
PARAMETRIC_REPRESENTATION_CONTEXT() REPRESENTATION_CONTEXT('2D SPACE',''
  ) );
#2738 = ORIENTED_EDGE('',*,*,#2689,.F.);
#2739 = ORIENTED_EDGE('',*,*,#2740,.T.);
#2740 = EDGE_CURVE('',#2616,#2499,#2741,.T.);
#2741 = SURFACE_CURVE('',#2742,(#2770,#2801),.PCURVE_S1.);
#2742 = B_SPLINE_CURVE_WITH_KNOTS('',6,(#2743,#2744,#2745,#2746,#2747,
    #2748,#2749,#2750,#2751,#2752,#2753,#2754,#2755,#2756,#2757,#2758,
    #2759,#2760,#2761,#2762,#2763,#2764,#2765,#2766,#2767,#2768,#2769),
  .UNSPECIFIED.,.F.,.F.,(7,5,5,5,5,7),(0.,0.267584537231,0.498402000878,
    0.729363374269,0.885422494346,1.),.UNSPECIFIED.);
#2743 = CARTESIAN_POINT('',(70.5,-6.439293542826E-15,6.531868));
#2744 = CARTESIAN_POINT('',(70.5,-0.248695789362,6.531868));
#2745 = CARTESIAN_POINT('',(70.498948108628,-0.489535661093,
    6.48238896903));
#2746 = CARTESIAN_POINT('',(70.496963026637,-0.710744528256,
    6.389286103202));
#2747 = CARTESIAN_POINT('',(70.494516043648,-0.903230218449,
    6.261520651968));
#2748 = CARTESIAN_POINT('',(70.492118163709,-1.061419262179,
    6.110847668802));
#2749 = CARTESIAN_POINT('',(70.488240575075,-1.292033390169,
    5.813541726458));
#2750 = CARTESIAN_POINT('',(70.486632749343,-1.376102955562,
    5.665527377206));
#2751 = CARTESIAN_POINT('',(70.485353387169,-1.438315460777,
    5.51097752099));
#2752 = CARTESIAN_POINT('',(70.484477844801,-1.479462231567,
    5.352463556116));
#2753 = CARTESIAN_POINT('',(70.484040746824,-1.5,5.192095021632));
#2754 = CARTESIAN_POINT('',(70.484040746824,-1.5,4.871541080253));
#2755 = CARTESIAN_POINT('',(70.484478417915,-1.479435703375,
    4.711217401392));
#2756 = CARTESIAN_POINT('',(70.485353433269,-1.438311604763,
    4.552793346832));
#2757 = CARTESIAN_POINT('',(70.48663214923,-1.376130524074,
    4.398269296223));
#2758 = CARTESIAN_POINT('',(70.488239970335,-1.292069356256,
    4.250240640742));
#2759 = CARTESIAN_POINT('',(70.491250143346,-1.11304355191,4.01944196449
    ));
#2760 = CARTESIAN_POINT('',(70.492553261901,-1.030265032772,
    3.930831784282));
#2761 = CARTESIAN_POINT('',(70.493897934498,-0.936832931789,
    3.848305357327));
#2762 = CARTESIAN_POINT('',(70.495220167028,-0.832917076208,
    3.773595757734));
#2763 = CARTESIAN_POINT('',(70.496441708938,-0.718952971747,
    3.708562935861));
#2764 = CARTESIAN_POINT('',(70.498247584309,-0.505246404902,
    3.616083846285));
#2765 = CARTESIAN_POINT('',(70.498915202828,-0.40976356039,
    3.583236411053));
#2766 = CARTESIAN_POINT('',(70.499448112612,-0.31026197261,
    3.557795917572));
#2767 = CARTESIAN_POINT('',(70.499815778133,-0.207929539327,
    3.540531946791));
#2768 = CARTESIAN_POINT('',(70.5,-0.104066741681,3.531868));
#2769 = CARTESIAN_POINT('',(70.5,-4.218847493576E-15,3.531868));
#2770 = PCURVE('',#2507,#2771);
#2771 = DEFINITIONAL_REPRESENTATION('',(#2772),#2800);
#2772 = B_SPLINE_CURVE_WITH_KNOTS('',6,(#2773,#2774,#2775,#2776,#2777,
    #2778,#2779,#2780,#2781,#2782,#2783,#2784,#2785,#2786,#2787,#2788,
    #2789,#2790,#2791,#2792,#2793,#2794,#2795,#2796,#2797,#2798,#2799),
  .UNSPECIFIED.,.F.,.F.,(7,5,5,5,5,7),(0.,0.267584537231,0.498402000878,
    0.729363374269,0.885422494346,1.),.UNSPECIFIED.);
#2773 = CARTESIAN_POINT('',(-6.28318530718,-6.531868));
#2774 = CARTESIAN_POINT('',(-6.27965770733,-6.531868));
#2775 = CARTESIAN_POINT('',(-6.276241539305,-6.48238896903));
#2776 = CARTESIAN_POINT('',(-6.273103744288,-6.389286103202));
#2777 = CARTESIAN_POINT('',(-6.270373241584,-6.261520651968));
#2778 = CARTESIAN_POINT('',(-6.268129171006,-6.110847668802));
#2779 = CARTESIAN_POINT('',(-6.264857586255,-5.813541726458));
#2780 = CARTESIAN_POINT('',(-6.263664895251,-5.665527377206));
#2781 = CARTESIAN_POINT('',(-6.262782261839,-5.51097752099));
#2782 = CARTESIAN_POINT('',(-6.26219848766,-5.352463556116));
#2783 = CARTESIAN_POINT('',(-6.261907105812,-5.192095021632));
#2784 = CARTESIAN_POINT('',(-6.261907105812,-4.871541080253));
#2785 = CARTESIAN_POINT('',(-6.262198864035,-4.711217401392));
#2786 = CARTESIAN_POINT('',(-6.262782316533,-4.552793346832));
#2787 = CARTESIAN_POINT('',(-6.26366450412,-4.398269296223));
#2788 = CARTESIAN_POINT('',(-6.264857076026,-4.250240640742));
#2789 = CARTESIAN_POINT('',(-6.267396808074,-4.01944196449));
#2790 = CARTESIAN_POINT('',(-6.268571116263,-3.930831784282));
#2791 = CARTESIAN_POINT('',(-6.269896529625,-3.848305357327));
#2792 = CARTESIAN_POINT('',(-6.27137062891,-3.773595757734));
#2793 = CARTESIAN_POINT('',(-6.27298722972,-3.708562935861));
#2794 = CARTESIAN_POINT('',(-6.276018636766,-3.616083846285));
#2795 = CARTESIAN_POINT('',(-6.277373035057,-3.583236411053));
#2796 = CARTESIAN_POINT('',(-6.27878442228,-3.557795917572));
#2797 = CARTESIAN_POINT('',(-6.280235952052,-3.540531946791));
#2798 = CARTESIAN_POINT('',(-6.281709183184,-3.531868));
#2799 = CARTESIAN_POINT('',(-6.28318530718,-3.531868));
#2800 = ( GEOMETRIC_REPRESENTATION_CONTEXT(2) 
PARAMETRIC_REPRESENTATION_CONTEXT() REPRESENTATION_CONTEXT('2D SPACE',''
  ) );
#2801 = PCURVE('',#2592,#2802);
#2802 = DEFINITIONAL_REPRESENTATION('',(#2803),#2831);
#2803 = B_SPLINE_CURVE_WITH_KNOTS('',6,(#2804,#2805,#2806,#2807,#2808,
    #2809,#2810,#2811,#2812,#2813,#2814,#2815,#2816,#2817,#2818,#2819,
    #2820,#2821,#2822,#2823,#2824,#2825,#2826,#2827,#2828,#2829,#2830),
  .UNSPECIFIED.,.F.,.F.,(7,5,5,5,5,7),(0.,0.267584537231,0.498402000878,
    0.729363374269,0.885422494346,1.),.UNSPECIFIED.);
#2804 = CARTESIAN_POINT('',(1.570796326795,-29.5));
#2805 = CARTESIAN_POINT('',(1.736593519703,-29.5));
#2806 = CARTESIAN_POINT('',(1.897153525549,-29.50105189137));
#2807 = CARTESIAN_POINT('',(2.052828887022,-29.50303697336));
#2808 = CARTESIAN_POINT('',(2.203178076668,-29.50548395635));
#2809 = CARTESIAN_POINT('',(2.347184969081,-29.50788183629));
#2810 = CARTESIAN_POINT('',(2.598026839927,-29.51175942492));
#2811 = CARTESIAN_POINT('',(2.710348908213,-29.51336725065));
#2812 = CARTESIAN_POINT('',(2.819996545627,-29.51464661283));
#2813 = CARTESIAN_POINT('',(2.927861204107,-29.51552215519));
#2814 = CARTESIAN_POINT('',(3.034774639168,-29.51595925317));
#2815 = CARTESIAN_POINT('',(3.248477266755,-29.51595925317));
#2816 = CARTESIAN_POINT('',(3.355361021666,-29.51552158208));
#2817 = CARTESIAN_POINT('',(3.463168979767,-29.51464656673));
#2818 = CARTESIAN_POINT('',(3.572793260962,-29.51336785077));
#2819 = CARTESIAN_POINT('',(3.68511934649,-29.51176002966));
#2820 = CARTESIAN_POINT('',(3.879847952597,-29.50874985665));
#2821 = CARTESIAN_POINT('',(3.960348953572,-29.50744673809));
#2822 = CARTESIAN_POINT('',(4.042869062727,-29.5061020655));
#2823 = CARTESIAN_POINT('',(4.127519595771,-29.50477983297));
#2824 = CARTESIAN_POINT('',(4.214465535031,-29.50355829106));
#2825 = CARTESIAN_POINT('',(4.36970424544,-29.50175241569));
#2826 = CARTESIAN_POINT('',(4.436820925572,-29.50108479717));
#2827 = CARTESIAN_POINT('',(4.504946570881,-29.50055188738));
#2828 = CARTESIAN_POINT('',(4.573769267097,-29.50018422186));
#2829 = CARTESIAN_POINT('',(4.643011152598,-29.5));
#2830 = CARTESIAN_POINT('',(4.712388980385,-29.5));
#2831 = ( GEOMETRIC_REPRESENTATION_CONTEXT(2) 
PARAMETRIC_REPRESENTATION_CONTEXT() REPRESENTATION_CONTEXT('2D SPACE',''
  ) );
#2832 = FACE_BOUND('',#2833,.F.);
#2833 = EDGE_LOOP('',(#2834));
#2834 = ORIENTED_EDGE('',*,*,#2835,.F.);
#2835 = EDGE_CURVE('',#2836,#2836,#2838,.T.);
#2836 = VERTEX_POINT('',#2837);
#2837 = CARTESIAN_POINT('',(-70.48404074682,1.5,5.031868));
#2838 = SURFACE_CURVE('',#2839,(#2905,#2974),.PCURVE_S1.);
#2839 = B_SPLINE_CURVE_WITH_KNOTS('',8,(#2840,#2841,#2842,#2843,#2844,
    #2845,#2846,#2847,#2848,#2849,#2850,#2851,#2852,#2853,#2854,#2855,
    #2856,#2857,#2858,#2859,#2860,#2861,#2862,#2863,#2864,#2865,#2866,
    #2867,#2868,#2869,#2870,#2871,#2872,#2873,#2874,#2875,#2876,#2877,
    #2878,#2879,#2880,#2881,#2882,#2883,#2884,#2885,#2886,#2887,#2888,
    #2889,#2890,#2891,#2892,#2893,#2894,#2895,#2896,#2897,#2898,#2899,
    #2900,#2901,#2902,#2903,#2904),.UNSPECIFIED.,.T.,.F.,(9,7,7,7,7,7,7,
    7,7,9),(0.,0.120470844081,0.224061458898,0.306793681357,
    0.416206676578,0.499548195203,0.614651960225,0.710226872465,
    0.806240091885,1.),.UNSPECIFIED.);
#2840 = CARTESIAN_POINT('',(-70.48404074682,1.5,5.031868));
#2841 = CARTESIAN_POINT('',(-70.48404074682,1.5,5.157516284984));
#2842 = CARTESIAN_POINT('',(-70.48429672723,1.487971559961,
    5.283152548452));
#2843 = CARTESIAN_POINT('',(-70.48480862911,1.46391795479,5.408018006867
    ));
#2844 = CARTESIAN_POINT('',(-70.4855676352,1.427711814152,5.531314325487
    ));
#2845 = CARTESIAN_POINT('',(-70.48655572955,1.379121307924,
    5.652145652282));
#2846 = CARTESIAN_POINT('',(-70.48774349076,1.317836348607,5.76945632627
    ));
#2847 = CARTESIAN_POINT('',(-70.48908710387,1.243502447847,
    5.881953508585));
#2848 = CARTESIAN_POINT('',(-70.49176249168,1.080330264213,
    6.079194795962));
#2849 = CARTESIAN_POINT('',(-70.49307925633,0.994389736613,
    6.166336483013));
#2850 = CARTESIAN_POINT('',(-70.49443007891,0.898007383631,6.24758938445
    ));
#2851 = CARTESIAN_POINT('',(-70.49575565945,0.791535285165,
    6.321168313336));
#2852 = CARTESIAN_POINT('',(-70.4969875981,0.675596237063,6.385350384037
    ));
#2853 = CARTESIAN_POINT('',(-70.49805444864,0.551071252811,
    6.438479746302));
#2854 = CARTESIAN_POINT('',(-70.49888941687,0.419096828619,6.47896922651
    ));
#2855 = CARTESIAN_POINT('',(-70.49987918817,0.170838982404,
    6.526326943456));
#2856 = CARTESIAN_POINT('',(-70.50013316723,5.773089777309E-02,
    6.538135291945));
#2857 = CARTESIAN_POINT('',(-70.50017761366,-5.67548544408E-02,
    6.540104696553));
#2858 = CARTESIAN_POINT('',(-70.50000267643,-0.171037725765,
    6.532017942579));
#2859 = CARTESIAN_POINT('',(-70.49961575768,-0.28352769747,
    6.514053764346));
#2860 = CARTESIAN_POINT('',(-70.49904110737,-0.39269811688,
    6.486780925446));
#2861 = CARTESIAN_POINT('',(-70.49831593577,-0.497157719358,
    6.451152440515));
#2862 = CARTESIAN_POINT('',(-70.49638154759,-0.726072440557,
    6.352092194873));
#2863 = CARTESIAN_POINT('',(-70.49509030343,-0.84627199797,
    6.283329944659));
#2864 = CARTESIAN_POINT('',(-70.49368972047,-0.955719302964,
    6.204292190551));
#2865 = CARTESIAN_POINT('',(-70.49225606091,-1.054092394767,
    6.11681101783));
#2866 = CARTESIAN_POINT('',(-70.49085594792,-1.141272479144,
    6.02252146954));
#2867 = CARTESIAN_POINT('',(-70.48954327216,-1.217289035449,
    5.922897457477));
#2868 = CARTESIAN_POINT('',(-70.48835849698,-1.282286108645,
    5.819273708988));
#2869 = CARTESIAN_POINT('',(-70.48654721653,-1.377812774384,
    5.631792071253));
#2870 = CARTESIAN_POINT('',(-70.48585278732,-1.412978915436,
    5.548884045568));
#2871 = CARTESIAN_POINT('',(-70.48525930447,-1.442117890822,
    5.464523648467));
#2872 = CARTESIAN_POINT('',(-70.48477600722,-1.46532461459,
    5.379055232984));
#2873 = CARTESIAN_POINT('',(-70.48440942915,-1.482675475994,
    5.292784535577));
#2874 = CARTESIAN_POINT('',(-70.48416368322,-1.494224582035,
    5.205989682422));
#2875 = CARTESIAN_POINT('',(-70.48404074682,-1.5,5.118932195721));
#2876 = CARTESIAN_POINT('',(-70.48404074682,-1.5,4.91162281019));
#2877 = CARTESIAN_POINT('',(-70.48427521348,-1.488983412522,
    4.791379356568));
#2878 = CARTESIAN_POINT('',(-70.48474403006,-1.466951842795,
    4.671814918927));
#2879 = CARTESIAN_POINT('',(-70.48543994054,-1.433799394318,
    4.553629061964));
#2880 = CARTESIAN_POINT('',(-70.4863477315,-1.389331499196,
    4.437596244067));
#2881 = CARTESIAN_POINT('',(-70.48744279382,-1.333286523383,
    4.324622662563));
#2882 = CARTESIAN_POINT('',(-70.48868906392,-1.265360146832,
    4.215807335436));
#2883 = CARTESIAN_POINT('',(-70.49115504174,-1.118699585968,
    4.02673367966));
#2884 = CARTESIAN_POINT('',(-70.4923488634,-1.043429125054,
    3.944344294501));
#2885 = CARTESIAN_POINT('',(-70.49358513823,-0.959402061851,
    3.866579677741));
#2886 = CARTESIAN_POINT('',(-70.4948223386,-0.866758763332,
    3.794691717059));
#2887 = CARTESIAN_POINT('',(-70.49601153599,-0.765797223466,
    3.729944092543));
#2888 = CARTESIAN_POINT('',(-70.49709916167,-0.656977579688,
    3.673614875886));
#2889 = CARTESIAN_POINT('',(-70.49803107291,-0.54093295976,
    3.627001410346));
#2890 = CARTESIAN_POINT('',(-70.49948810969,-0.295478818812,
    3.555690390304));
#2891 = CARTESIAN_POINT('',(-70.50000723432,-0.166707607365,
    3.531297336512));
#2892 = CARTESIAN_POINT('',(-70.50026200519,-3.436373445266E-02,
    3.519727195971));
#2893 = CARTESIAN_POINT('',(-70.50021953677,9.911490734108E-02,
    3.521728476451));
#2894 = CARTESIAN_POINT('',(-70.49987799081,0.23120027309,3.537326228319
    ));
#2895 = CARTESIAN_POINT('',(-70.49926840865,0.359429775159,
    3.565828742801));
#2896 = CARTESIAN_POINT('',(-70.49844773652,0.481560471979,
    3.605834027831));
#2897 = CARTESIAN_POINT('',(-70.49553624096,0.826105688587,
    3.754932057059));
#2898 = CARTESIAN_POINT('',(-70.49300829408,1.023424710859,
    3.892633353611));
#2899 = CARTESIAN_POINT('',(-70.49034892213,1.185643715503,
    4.056344916676));
#2900 = CARTESIAN_POINT('',(-70.48794068645,1.313226630273,
    4.237676345683));
#2901 = CARTESIAN_POINT('',(-70.48601335264,1.407298214392,
    4.430235647896));
#2902 = CARTESIAN_POINT('',(-70.48469638586,1.469194052437,
    4.629180274879));
#2903 = CARTESIAN_POINT('',(-70.48404074682,1.5,4.830789238678));
#2904 = CARTESIAN_POINT('',(-70.48404074682,1.5,5.031868));
#2905 = PCURVE('',#2507,#2906);
#2906 = DEFINITIONAL_REPRESENTATION('',(#2907),#2973);
#2907 = B_SPLINE_CURVE_WITH_KNOTS('',8,(#2908,#2909,#2910,#2911,#2912,
    #2913,#2914,#2915,#2916,#2917,#2918,#2919,#2920,#2921,#2922,#2923,
    #2924,#2925,#2926,#2927,#2928,#2929,#2930,#2931,#2932,#2933,#2934,
    #2935,#2936,#2937,#2938,#2939,#2940,#2941,#2942,#2943,#2944,#2945,
    #2946,#2947,#2948,#2949,#2950,#2951,#2952,#2953,#2954,#2955,#2956,
    #2957,#2958,#2959,#2960,#2961,#2962,#2963,#2964,#2965,#2966,#2967,
    #2968,#2969,#2970,#2971,#2972),.UNSPECIFIED.,.T.,.F.,(9,7,7,7,7,7,7,
    7,7,9),(0.,0.120470844081,0.224061458898,0.306793681357,
    0.416206676578,0.499548195203,0.614651960225,0.710226872465,
    0.806240091885,1.),.UNSPECIFIED.);
#2908 = CARTESIAN_POINT('',(-3.120314452222,-5.031868));
#2909 = CARTESIAN_POINT('',(-3.120314452222,-5.157516284984));
#2910 = CARTESIAN_POINT('',(-3.120485107023,-5.283152548452));
#2911 = CARTESIAN_POINT('',(-3.12082637017,-5.408018006867));
#2912 = CARTESIAN_POINT('',(-3.12134004525,-5.531314325487));
#2913 = CARTESIAN_POINT('',(-3.122029414479,-5.652145652282));
#2914 = CARTESIAN_POINT('',(-3.122898866995,-5.76945632627));
#2915 = CARTESIAN_POINT('',(-3.12395341931,-5.881953508585));
#2916 = CARTESIAN_POINT('',(-3.126268229453,-6.079194795962));
#2917 = CARTESIAN_POINT('',(-3.127487386361,-6.166336483013));
#2918 = CARTESIAN_POINT('',(-3.128854644306,-6.24758938445));
#2919 = CARTESIAN_POINT('',(-3.130364999843,-6.321168313336));
#2920 = CARTESIAN_POINT('',(-3.13200961198,-6.385350384037));
#2921 = CARTESIAN_POINT('',(-3.133775981658,-6.438479746302));
#2922 = CARTESIAN_POINT('',(-3.135647991601,-6.47896922651));
#2923 = CARTESIAN_POINT('',(-3.139169407477,-6.526326943456));
#2924 = CARTESIAN_POINT('',(-3.140773779122,-6.538135291945));
#2925 = CARTESIAN_POINT('',(-3.142397685824,-6.540104696553));
#2926 = CARTESIAN_POINT('',(-3.144018715517,-6.532017942579));
#2927 = CARTESIAN_POINT('',(-3.145614321992,-6.514053764346));
#2928 = CARTESIAN_POINT('',(-3.147162856225,-6.486780925446));
#2929 = CARTESIAN_POINT('',(-3.148644586779,-6.451152440515));
#2930 = CARTESIAN_POINT('',(-3.151891720028,-6.352092194873));
#2931 = CARTESIAN_POINT('',(-3.153596772151,-6.283329944659));
#2932 = CARTESIAN_POINT('',(-3.15514933837,-6.204292190551));
#2933 = CARTESIAN_POINT('',(-3.156544845903,-6.11681101783));
#2934 = CARTESIAN_POINT('',(-3.157781600318,-6.02252146954));
#2935 = CARTESIAN_POINT('',(-3.158860009326,-5.922897457477));
#2936 = CARTESIAN_POINT('',(-3.159782106497,-5.819273708988));
#2937 = CARTESIAN_POINT('',(-3.161137338214,-5.631792071253));
#2938 = CARTESIAN_POINT('',(-3.161636245837,-5.548884045568));
#2939 = CARTESIAN_POINT('',(-3.162049650228,-5.464523648467));
#2940 = CARTESIAN_POINT('',(-3.16237889494,-5.379055232984));
#2941 = CARTESIAN_POINT('',(-3.162625061387,-5.292784535577));
#2942 = CARTESIAN_POINT('',(-3.162788915598,-5.205989682422));
#2943 = CARTESIAN_POINT('',(-3.162870854958,-5.118932195721));
#2944 = CARTESIAN_POINT('',(-3.162870854958,-4.91162281019));
#2945 = CARTESIAN_POINT('',(-3.162714555909,-4.791379356568));
#2946 = CARTESIAN_POINT('',(-3.162401980652,-4.671814918927));
#2947 = CARTESIAN_POINT('',(-3.161931629574,-4.553629061964));
#2948 = CARTESIAN_POINT('',(-3.161300748084,-4.437596244067));
#2949 = CARTESIAN_POINT('',(-3.160505632895,-4.324622662563));
#2950 = CARTESIAN_POINT('',(-3.159541977158,-4.215807335436));
#2951 = CARTESIAN_POINT('',(-3.157461391469,-4.02673367966));
#2952 = CARTESIAN_POINT('',(-3.156393591588,-3.944344294501));
#2953 = CARTESIAN_POINT('',(-3.155201590645,-3.866579677741));
#2954 = CARTESIAN_POINT('',(-3.153887386768,-3.794691717059));
#2955 = CARTESIAN_POINT('',(-3.152455212887,-3.729944092543));
#2956 = CARTESIAN_POINT('',(-3.150911599409,-3.673614875886));
#2957 = CARTESIAN_POINT('',(-3.14926552699,-3.627001410346));
#2958 = CARTESIAN_POINT('',(-3.145783846629,-3.555690390304));
#2959 = CARTESIAN_POINT('',(-3.143957292963,-3.531297336512));
#2960 = CARTESIAN_POINT('',(-3.14208007877,-3.519727195971));
#2961 = CARTESIAN_POINT('',(-3.140186773957,-3.521728476451));
#2962 = CARTESIAN_POINT('',(-3.138313225268,-3.537326228319));
#2963 = CARTESIAN_POINT('',(-3.136494352808,-3.565828742801));
#2964 = CARTESIAN_POINT('',(-3.134761965851,-3.605834027831));
#2965 = CARTESIAN_POINT('',(-3.129874625172,-3.754932057059));
#2966 = CARTESIAN_POINT('',(-3.127075570766,-3.892633353611));
#2967 = CARTESIAN_POINT('',(-3.124774301922,-4.056344916677));
#2968 = CARTESIAN_POINT('',(-3.122964296639,-4.237676345681));
#2969 = CARTESIAN_POINT('',(-3.121629669032,-4.430235647897));
#2970 = CARTESIAN_POINT('',(-3.120751514927,-4.629180274879));
#2971 = CARTESIAN_POINT('',(-3.120314452222,-4.830789238678));
#2972 = CARTESIAN_POINT('',(-3.120314452222,-5.031868));
#2973 = ( GEOMETRIC_REPRESENTATION_CONTEXT(2) 
PARAMETRIC_REPRESENTATION_CONTEXT() REPRESENTATION_CONTEXT('2D SPACE',''
  ) );
#2974 = PCURVE('',#2975,#2980);
#2975 = CYLINDRICAL_SURFACE('',#2976,1.5);
#2976 = AXIS2_PLACEMENT_3D('',#2977,#2978,#2979);
#2977 = CARTESIAN_POINT('',(100.,0.,5.031868));
#2978 = DIRECTION('',(1.,0.,0.));
#2979 = DIRECTION('',(0.,1.,0.));
#2980 = DEFINITIONAL_REPRESENTATION('',(#2981),#3047);
#2981 = B_SPLINE_CURVE_WITH_KNOTS('',8,(#2982,#2983,#2984,#2985,#2986,
    #2987,#2988,#2989,#2990,#2991,#2992,#2993,#2994,#2995,#2996,#2997,
    #2998,#2999,#3000,#3001,#3002,#3003,#3004,#3005,#3006,#3007,#3008,
    #3009,#3010,#3011,#3012,#3013,#3014,#3015,#3016,#3017,#3018,#3019,
    #3020,#3021,#3022,#3023,#3024,#3025,#3026,#3027,#3028,#3029,#3030,
    #3031,#3032,#3033,#3034,#3035,#3036,#3037,#3038,#3039,#3040,#3041,
    #3042,#3043,#3044,#3045,#3046),.UNSPECIFIED.,.F.,.F.,(9,7,7,7,7,7,7,
    7,7,9),(0.,0.120470844081,0.224061458898,0.306793681357,
    0.416206676578,0.499548195203,0.614651960225,0.710226872465,
    0.806240091885,1.),.UNSPECIFIED.);
#2982 = CARTESIAN_POINT('',(0.,-170.4840407468));
#2983 = CARTESIAN_POINT('',(8.376552332283E-02,-170.4840407468));
#2984 = CARTESIAN_POINT('',(0.167522964309,-170.4842967272));
#2985 = CARTESIAN_POINT('',(0.251662469756,-170.4848086291));
#2986 = CARTESIAN_POINT('',(0.336545910951,-170.4855676352));
#2987 = CARTESIAN_POINT('',(0.422538158904,-170.4865557295));
#2988 = CARTESIAN_POINT('',(0.510017708774,-170.4877434907));
#2989 = CARTESIAN_POINT('',(0.599392950648,-170.4890871038));
#2990 = CARTESIAN_POINT('',(0.770050876151,-170.4917624916));
#2991 = CARTESIAN_POINT('',(0.851334050397,-170.4930792563));
#2992 = CARTESIAN_POINT('',(0.934777175862,-170.4944300789));
#2993 = CARTESIAN_POINT('',(1.020253486547,-170.4957556594));
#2994 = CARTESIAN_POINT('',(1.107707168884,-170.4969875981));
#2995 = CARTESIAN_POINT('',(1.197142186215,-170.4980544486));
#2996 = CARTESIAN_POINT('',(1.288624939972,-170.4988894168));
#2997 = CARTESIAN_POINT('',(1.45711458563,-170.4998791881));
#2998 = CARTESIAN_POINT('',(1.532659290173,-170.5001331672));
#2999 = CARTESIAN_POINT('',(1.608515799642,-170.5001776136));
#3000 = CARTESIAN_POINT('',(1.684310879019,-170.5000026764));
#3001 = CARTESIAN_POINT('',(1.759685116053,-170.4996157576));
#3002 = CARTESIAN_POINT('',(1.834260178876,-170.4990411073));
#3003 = CARTESIAN_POINT('',(1.907605355011,-170.4983159357));
#3004 = CARTESIAN_POINT('',(2.073891429591,-170.4963815475));
#3005 = CARTESIAN_POINT('',(2.165640570983,-170.4950903034));
#3006 = CARTESIAN_POINT('',(2.254822183106,-170.4936897204));
#3007 = CARTESIAN_POINT('',(2.341718162527,-170.4922560609));
#3008 = CARTESIAN_POINT('',(2.426550773598,-170.4908559479));
#3009 = CARTESIAN_POINT('',(2.509502870153,-170.4895432721));
#3010 = CARTESIAN_POINT('',(2.590728480472,-170.4883584969));
#3011 = CARTESIAN_POINT('',(2.731005521209,-170.4865472165));
#3012 = CARTESIAN_POINT('',(2.790896950097,-170.4858527873));
#3013 = CARTESIAN_POINT('',(2.850166130547,-170.4852593044));
#3014 = CARTESIAN_POINT('',(2.908942550999,-170.4847760072));
#3015 = CARTESIAN_POINT('',(2.967350372286,-170.4844094291));
#3016 = CARTESIAN_POINT('',(3.025511699933,-170.4841636832));
#3017 = CARTESIAN_POINT('',(3.083549856442,-170.4840407468));
#3018 = CARTESIAN_POINT('',(3.221756113463,-170.4840407468));
#3019 = CARTESIAN_POINT('',(3.301919113558,-170.4842752134));
#3020 = CARTESIAN_POINT('',(3.382412032962,-170.48474403));
#3021 = CARTESIAN_POINT('',(3.463558191859,-170.4854399405));
#3022 = CARTESIAN_POINT('',(3.545676669699,-170.4863477315));
#3023 = CARTESIAN_POINT('',(3.629094935113,-170.4874427938));
#3024 = CARTESIAN_POINT('',(3.714171287579,-170.4886890639));
#3025 = CARTESIAN_POINT('',(3.873695813623,-170.4911550417));
#3026 = CARTESIAN_POINT('',(3.947852155469,-170.4923488634));
#3027 = CARTESIAN_POINT('',(4.023727119832,-170.4935851382));
#3028 = CARTESIAN_POINT('',(4.101302583187,-170.4948223386));
#3029 = CARTESIAN_POINT('',(4.180600030584,-170.4960115359));
#3030 = CARTESIAN_POINT('',(4.261678176872,-170.4970991616));
#3031 = CARTESIAN_POINT('',(4.344639493597,-170.4980310729));
#3032 = CARTESIAN_POINT('',(4.515041628283,-170.4994881096));
#3033 = CARTESIAN_POINT('',(4.602016841144,-170.5000072343));
#3034 = CARTESIAN_POINT('',(4.689845163481,-170.5002620051));
#3035 = CARTESIAN_POINT('',(4.777918833212,-170.5002195367));
#3036 = CARTESIAN_POINT('',(4.86568028724,-170.4998779908));
#3037 = CARTESIAN_POINT('',(4.952552526714,-170.4992684086));
#3038 = CARTESIAN_POINT('',(5.037868003141,-170.4984477365));
#3039 = CARTESIAN_POINT('',(5.288149292544,-170.4955362409));
#3040 = CARTESIAN_POINT('',(5.445335949124,-170.493008294));
#3041 = CARTESIAN_POINT('',(5.595066946791,-170.4903489221));
#3042 = CARTESIAN_POINT('',(5.738948308038,-170.4879406864));
#3043 = CARTESIAN_POINT('',(5.878431212326,-170.4860133526));
#3044 = CARTESIAN_POINT('',(6.014725750525,-170.4846963858));
#3045 = CARTESIAN_POINT('',(6.149132799631,-170.4840407468));
#3046 = CARTESIAN_POINT('',(6.28318530718,-170.4840407468));
#3047 = ( GEOMETRIC_REPRESENTATION_CONTEXT(2) 
PARAMETRIC_REPRESENTATION_CONTEXT() REPRESENTATION_CONTEXT('2D SPACE',''
  ) );
#3048 = FACE_BOUND('',#3049,.F.);
#3049 = EDGE_LOOP('',(#3050));
#3050 = ORIENTED_EDGE('',*,*,#3051,.F.);
#3051 = EDGE_CURVE('',#3052,#3052,#3054,.T.);
#3052 = VERTEX_POINT('',#3053);
#3053 = CARTESIAN_POINT('',(1.5,70.484040746824,4.983929));
#3054 = SURFACE_CURVE('',#3055,(#3100,#3148),.PCURVE_S1.);
#3055 = B_SPLINE_CURVE_WITH_KNOTS('',7,(#3056,#3057,#3058,#3059,#3060,
    #3061,#3062,#3063,#3064,#3065,#3066,#3067,#3068,#3069,#3070,#3071,
    #3072,#3073,#3074,#3075,#3076,#3077,#3078,#3079,#3080,#3081,#3082,
    #3083,#3084,#3085,#3086,#3087,#3088,#3089,#3090,#3091,#3092,#3093,
    #3094,#3095,#3096,#3097,#3098,#3099),.UNSPECIFIED.,.T.,.F.,(8,6,6,6,
    6,6,6,8),(0.,0.152027704372,0.285910987459,0.422388967086,
    0.587693800519,0.713892188244,0.838332082752,1.),.UNSPECIFIED.);
#3056 = CARTESIAN_POINT('',(1.5,70.484040746824,4.983929));
#3057 = CARTESIAN_POINT('',(1.5,70.484040746824,5.163508525222));
#3058 = CARTESIAN_POINT('',(1.474918486876,70.484574490769,
    5.343072274998));
#3059 = CARTESIAN_POINT('',(1.424757040231,70.485642132531,5.52031408056
    ));
#3060 = CARTESIAN_POINT('',(1.348835899622,70.487201238181,
    5.692634057263));
#3061 = CARTESIAN_POINT('',(1.246103372542,70.48916316933,5.856690444078
    ));
#3062 = CARTESIAN_POINT('',(1.115401958406,70.491355844444,
    6.007942592105));
#3063 = CARTESIAN_POINT('',(0.815878315521,70.495418421391,
    6.255730099019));
#3064 = CARTESIAN_POINT('',(0.649080477076,70.497354955132,
    6.360270543883));
#3065 = CARTESIAN_POINT('',(0.459100825459,70.499059645073,
    6.441849137157));
#3066 = CARTESIAN_POINT('',(0.252753326735,70.500197555063,
    6.492557073021));
#3067 = CARTESIAN_POINT('',(3.904922992234E-02,70.500527260125,
    6.508158124217));
#3068 = CARTESIAN_POINT('',(-0.172414782117,70.500074628852,
    6.488314215196));
#3069 = CARTESIAN_POINT('',(-0.577542953631,70.497930954603,
    6.384294980396));
#3070 = CARTESIAN_POINT('',(-0.764173010566,70.49625126844,
    6.300578620105));
#3071 = CARTESIAN_POINT('',(-0.929471404555,70.494210195679,
    6.192368038038));
#3072 = CARTESIAN_POINT('',(-1.07171347138,70.492075785654,
    6.065456058126));
#3073 = CARTESIAN_POINT('',(-1.190188777108,70.490064532784,
    5.925081827778));
#3074 = CARTESIAN_POINT('',(-1.285044999181,70.48832437705,
    5.776021353448));
#3075 = CARTESIAN_POINT('',(-1.444685295272,70.485250469947,
    5.43676845546));
#3076 = CARTESIAN_POINT('',(-1.500488393029,70.484049362053,
    5.241134694357));
#3077 = CARTESIAN_POINT('',(-1.525494571549,70.483479546287,
    5.040090652597));
#3078 = CARTESIAN_POINT('',(-1.51970111876,70.483609251395,
    4.837273699776));
#3079 = CARTESIAN_POINT('',(-1.482724906766,70.484442317362,
    4.636636425079));
#3080 = CARTESIAN_POINT('',(-1.414246970401,70.485884164171,
    4.442810277674));
#3081 = CARTESIAN_POINT('',(-1.238279838357,70.489165610611,
    4.122727252743));
#3082 = CARTESIAN_POINT('',(-1.14247936391,70.490856008446,
    3.988837079563));
#3083 = CARTESIAN_POINT('',(-1.026422545794,70.492739027444,
    3.863389959125));
#3084 = CARTESIAN_POINT('',(-0.890192997719,70.494684598208,
    3.750416937686));
#3085 = CARTESIAN_POINT('',(-0.734597951639,70.496513609018,
    3.654212012829));
#3086 = CARTESIAN_POINT('',(-0.561258511934,70.498017121256,
    3.579381885624));
#3087 = CARTESIAN_POINT('',(-0.187433925274,70.499995157335,
    3.483400045337));
#3088 = CARTESIAN_POINT('',(8.115837174426E-03,70.500459661969,
    3.462676231757));
#3089 = CARTESIAN_POINT('',(0.206536314103,70.500260197311,
    3.472330997953));
#3090 = CARTESIAN_POINT('',(0.399840780512,70.499362190498,
    3.512487993808));
#3091 = CARTESIAN_POINT('',(0.5804313972,70.497932292571,3.580100673601)
  );
#3092 = CARTESIAN_POINT('',(0.742220760164,70.496230818911,
    3.669081981178));
#3093 = CARTESIAN_POINT('',(1.062855642579,70.492220623272,
    3.902036859215));
#3094 = CARTESIAN_POINT('',(1.211699157706,70.489815618267,
    4.058393762879));
#3095 = CARTESIAN_POINT('',(1.328526831011,70.487617216563,
    4.230697948314));
#3096 = CARTESIAN_POINT('',(1.414730331092,70.485855647262,
    4.413192998015));
#3097 = CARTESIAN_POINT('',(1.471581379889,70.484645475724,
    4.601600470557));
#3098 = CARTESIAN_POINT('',(1.5,70.484040746824,4.79278060612));
#3099 = CARTESIAN_POINT('',(1.5,70.484040746824,4.983929));
#3100 = PCURVE('',#2507,#3101);
#3101 = DEFINITIONAL_REPRESENTATION('',(#3102),#3147);
#3102 = B_SPLINE_CURVE_WITH_KNOTS('',7,(#3103,#3104,#3105,#3106,#3107,
    #3108,#3109,#3110,#3111,#3112,#3113,#3114,#3115,#3116,#3117,#3118,
    #3119,#3120,#3121,#3122,#3123,#3124,#3125,#3126,#3127,#3128,#3129,
    #3130,#3131,#3132,#3133,#3134,#3135,#3136,#3137,#3138,#3139,#3140,
    #3141,#3142,#3143,#3144,#3145,#3146),.UNSPECIFIED.,.T.,.F.,(8,6,6,6,
    6,6,6,8),(0.,0.152027704372,0.285910987459,0.422388967086,
    0.587693800519,0.713892188244,0.838332082752,1.),.UNSPECIFIED.);
#3103 = CARTESIAN_POINT('',(-1.549518125427,-4.983929));
#3104 = CARTESIAN_POINT('',(-1.549518125427,-5.163508525222));
#3105 = CARTESIAN_POINT('',(-1.549873972122,-5.343072274998));
#3106 = CARTESIAN_POINT('',(-1.550585643124,-5.52031408056));
#3107 = CARTESIAN_POINT('',(-1.551662765519,-5.692634057263));
#3108 = CARTESIAN_POINT('',(-1.553120226777,-5.856690444078));
#3109 = CARTESIAN_POINT('',(-1.554974398838,-6.007942592105));
#3110 = CARTESIAN_POINT('',(-1.559223351929,-6.255730099019));
#3111 = CARTESIAN_POINT('',(-1.561589433477,-6.360270543883));
#3112 = CARTESIAN_POINT('',(-1.564284274253,-6.441849137158));
#3113 = CARTESIAN_POINT('',(-1.567211196412,-6.49255707302));
#3114 = CARTESIAN_POINT('',(-1.570242429694,-6.508158124218));
#3115 = CARTESIAN_POINT('',(-1.573241911395,-6.488314215196));
#3116 = CARTESIAN_POINT('',(-1.578988490728,-6.384294980396));
#3117 = CARTESIAN_POINT('',(-1.581635814553,-6.300578620105));
#3118 = CARTESIAN_POINT('',(-1.583980633043,-6.192368038038));
#3119 = CARTESIAN_POINT('',(-1.585998470681,-6.065456058126));
#3120 = CARTESIAN_POINT('',(-1.587679210809,-5.925081827778));
#3121 = CARTESIAN_POINT('',(-1.589024915003,-5.776021353448));
#3122 = CARTESIAN_POINT('',(-1.591289736106,-5.43676845546));
#3123 = CARTESIAN_POINT('',(-1.592081450711,-5.241134694357));
#3124 = CARTESIAN_POINT('',(-1.592436241205,-5.040090652597));
#3125 = CARTESIAN_POINT('',(-1.592354043794,-4.837273699776));
#3126 = CARTESIAN_POINT('',(-1.591829424734,-4.636636425079));
#3127 = CARTESIAN_POINT('',(-1.590857894012,-4.442810277674));
#3128 = CARTESIAN_POINT('',(-1.588361472371,-4.122727252743));
#3129 = CARTESIAN_POINT('',(-1.587002389536,-3.988837079563));
#3130 = CARTESIAN_POINT('',(-1.585355979729,-3.863389959125));
#3131 = CARTESIAN_POINT('',(-1.583423455849,-3.750416937686));
#3132 = CARTESIAN_POINT('',(-1.581216296371,-3.654212012829));
#3133 = CARTESIAN_POINT('',(-1.578757502505,-3.579381885624));
#3134 = CARTESIAN_POINT('',(-1.573454951869,-3.483400045337));
#3135 = CARTESIAN_POINT('',(-1.570681200237,-3.462676231757));
#3136 = CARTESIAN_POINT('',(-1.567866750481,-3.472330997953));
#3137 = CARTESIAN_POINT('',(-1.565124843847,-3.512487993808));
#3138 = CARTESIAN_POINT('',(-1.562563208278,-3.580100673601));
#3139 = CARTESIAN_POINT('',(-1.56026820144,-3.669081981178));
#3140 = CARTESIAN_POINT('',(-1.555719833224,-3.902036859215));
#3141 = CARTESIAN_POINT('',(-1.553608316195,-4.058393762879));
#3142 = CARTESIAN_POINT('',(-1.551950897823,-4.230697948314));
#3143 = CARTESIAN_POINT('',(-1.550727898147,-4.413192998015));
#3144 = CARTESIAN_POINT('',(-1.549921317692,-4.601600470557));
#3145 = CARTESIAN_POINT('',(-1.549518125427,-4.79278060612));
#3146 = CARTESIAN_POINT('',(-1.549518125427,-4.983929));
#3147 = ( GEOMETRIC_REPRESENTATION_CONTEXT(2) 
PARAMETRIC_REPRESENTATION_CONTEXT() REPRESENTATION_CONTEXT('2D SPACE',''
  ) );
#3148 = PCURVE('',#3149,#3154);
#3149 = CYLINDRICAL_SURFACE('',#3150,1.5);
#3150 = AXIS2_PLACEMENT_3D('',#3151,#3152,#3153);
#3151 = CARTESIAN_POINT('',(0.,-100.,4.983929));
#3152 = DIRECTION('',(0.,-1.,2.22044604925E-16));
#3153 = DIRECTION('',(1.,0.,0.));
#3154 = DEFINITIONAL_REPRESENTATION('',(#3155),#3200);
#3155 = B_SPLINE_CURVE_WITH_KNOTS('',7,(#3156,#3157,#3158,#3159,#3160,
    #3161,#3162,#3163,#3164,#3165,#3166,#3167,#3168,#3169,#3170,#3171,
    #3172,#3173,#3174,#3175,#3176,#3177,#3178,#3179,#3180,#3181,#3182,
    #3183,#3184,#3185,#3186,#3187,#3188,#3189,#3190,#3191,#3192,#3193,
    #3194,#3195,#3196,#3197,#3198,#3199),.UNSPECIFIED.,.F.,.F.,(8,6,6,6,
    6,6,6,8),(0.,0.152027704372,0.285910987459,0.422388967086,
    0.587693800519,0.713892188244,0.838332082752,1.),.UNSPECIFIED.);
#3156 = CARTESIAN_POINT('',(0.,-170.4840407468));
#3157 = CARTESIAN_POINT('',(0.119719683481,-170.4840407468));
#3158 = CARTESIAN_POINT('',(0.239428194705,-170.4845744907));
#3159 = CARTESIAN_POINT('',(0.360395069923,-170.4856421325));
#3160 = CARTESIAN_POINT('',(0.483675022001,-170.4872012381));
#3161 = CARTESIAN_POINT('',(0.610431990058,-170.4891631693));
#3162 = CARTESIAN_POINT('',(0.741845175983,-170.4913558444));
#3163 = CARTESIAN_POINT('',(1.001000265739,-170.4954184213));
#3164 = CARTESIAN_POINT('',(1.13110578017,-170.4973549551));
#3165 = CARTESIAN_POINT('',(1.266272646251,-170.499059645));
#3166 = CARTESIAN_POINT('',(1.404491426295,-170.500197555));
#3167 = CARTESIAN_POINT('',(1.544202647103,-170.5005272601));
#3168 = CARTESIAN_POINT('',(1.684038849261,-170.5000746288));
#3169 = CARTESIAN_POINT('',(1.96288475379,-170.4979309546));
#3170 = CARTESIAN_POINT('',(2.097276199912,-170.4962512684));
#3171 = CARTESIAN_POINT('',(2.226504798972,-170.4942101956));
#3172 = CARTESIAN_POINT('',(2.351220149762,-170.4920757856));
#3173 = CARTESIAN_POINT('',(2.471888460199,-170.4900645327));
#3174 = CARTESIAN_POINT('',(2.588728988707,-170.488324377));
#3175 = CARTESIAN_POINT('',(2.838686809975,-170.4852504699));
#3176 = CARTESIAN_POINT('',(2.972536940081,-170.484049362));
#3177 = CARTESIAN_POINT('',(3.105097575997,-170.4834795462));
#3178 = CARTESIAN_POINT('',(3.237540174072,-170.4836092513));
#3179 = CARTESIAN_POINT('',(3.370932508082,-170.4844423173));
#3180 = CARTESIAN_POINT('',(3.50615899616,-170.4858841641));
#3181 = CARTESIAN_POINT('',(3.749668133026,-170.4891656106));
#3182 = CARTESIAN_POINT('',(3.858655181351,-170.4908560084));
#3183 = CARTESIAN_POINT('',(3.971131113608,-170.4927390274));
#3184 = CARTESIAN_POINT('',(4.087202541457,-170.4946845982));
#3185 = CARTESIAN_POINT('',(4.207173185466,-170.496513609));
#3186 = CARTESIAN_POINT('',(4.331508981226,-170.4980171212));
#3187 = CARTESIAN_POINT('',(4.588808923149,-170.4999951573));
#3188 = CARTESIAN_POINT('',(4.718515038073,-170.5004596619));
#3189 = CARTESIAN_POINT('',(4.848446591784,-170.5002601973));
#3190 = CARTESIAN_POINT('',(4.977289412164,-170.4993621904));
#3191 = CARTESIAN_POINT('',(5.103659800834,-170.4979322925));
#3192 = CARTESIAN_POINT('',(5.22578852568,-170.4962308189));
#3193 = CARTESIAN_POINT('',(5.490006199429,-170.4922206232));
#3194 = CARTESIAN_POINT('',(5.631555018529,-170.4898156182));
#3195 = CARTESIAN_POINT('',(5.767511416477,-170.4876172165));
#3196 = CARTESIAN_POINT('',(5.899311825983,-170.4858556472));
#3197 = CARTESIAN_POINT('',(6.028300373275,-170.4846454757));
#3198 = CARTESIAN_POINT('',(6.155753044593,-170.4840407468));
#3199 = CARTESIAN_POINT('',(6.28318530718,-170.4840407468));
#3200 = ( GEOMETRIC_REPRESENTATION_CONTEXT(2) 
PARAMETRIC_REPRESENTATION_CONTEXT() REPRESENTATION_CONTEXT('2D SPACE',''
  ) );
#3201 = FACE_BOUND('',#3202,.F.);
#3202 = EDGE_LOOP('',(#3203));
#3203 = ORIENTED_EDGE('',*,*,#3204,.T.);
#3204 = EDGE_CURVE('',#3205,#3205,#3207,.T.);
#3205 = VERTEX_POINT('',#3206);
#3206 = CARTESIAN_POINT('',(1.5,-70.48404074682,4.983929));
#3207 = SURFACE_CURVE('',#3208,(#3253,#3301),.PCURVE_S1.);
#3208 = B_SPLINE_CURVE_WITH_KNOTS('',7,(#3209,#3210,#3211,#3212,#3213,
    #3214,#3215,#3216,#3217,#3218,#3219,#3220,#3221,#3222,#3223,#3224,
    #3225,#3226,#3227,#3228,#3229,#3230,#3231,#3232,#3233,#3234,#3235,
    #3236,#3237,#3238,#3239,#3240,#3241,#3242,#3243,#3244,#3245,#3246,
    #3247,#3248,#3249,#3250,#3251,#3252),.UNSPECIFIED.,.T.,.F.,(8,6,6,6,
    6,6,6,8),(0.,0.152027704491,0.285910987686,0.422388967363,
    0.587693800759,0.713892188427,0.838332082855,1.),.UNSPECIFIED.);
#3209 = CARTESIAN_POINT('',(1.5,-70.48404074682,4.983929));
#3210 = CARTESIAN_POINT('',(1.5,-70.48404074682,5.163508525222));
#3211 = CARTESIAN_POINT('',(1.474918486876,-70.48457449076,
    5.343072274998));
#3212 = CARTESIAN_POINT('',(1.424757040231,-70.48564213253,5.52031408056
    ));
#3213 = CARTESIAN_POINT('',(1.348835899621,-70.48720123818,
    5.692634057263));
#3214 = CARTESIAN_POINT('',(1.246103372542,-70.48916316932,
    5.856690444078));
#3215 = CARTESIAN_POINT('',(1.115401958406,-70.49135584444,
    6.007942592105));
#3216 = CARTESIAN_POINT('',(0.815878315518,-70.49541842139,
    6.255730099022));
#3217 = CARTESIAN_POINT('',(0.649080477079,-70.49735495513,6.36027054388
    ));
#3218 = CARTESIAN_POINT('',(0.459100825463,-70.49905964507,
    6.441849137158));
#3219 = CARTESIAN_POINT('',(0.252753326731,-70.50019755506,
    6.492557073023));
#3220 = CARTESIAN_POINT('',(3.904922991875E-02,-70.50052726012,
    6.508158124215));
#3221 = CARTESIAN_POINT('',(-0.172414782113,-70.50007462885,
    6.488314215197));
#3222 = CARTESIAN_POINT('',(-0.577542953544,-70.4979309546,
    6.384294980418));
#3223 = CARTESIAN_POINT('',(-0.764173010559,-70.49625126844,
    6.300578620137));
#3224 = CARTESIAN_POINT('',(-0.929471404622,-70.49421019567,
    6.19236803801));
#3225 = CARTESIAN_POINT('',(-1.071713471428,-70.49207578565,
    6.065456058058));
#3226 = CARTESIAN_POINT('',(-1.190188777087,-70.49006453278,
    5.925081827764));
#3227 = CARTESIAN_POINT('',(-1.28504499914,-70.48832437705,
    5.776021353534));
#3228 = CARTESIAN_POINT('',(-1.44468529527,-70.48525046994,
    5.436768455464));
#3229 = CARTESIAN_POINT('',(-1.500488393028,-70.48404936205,
    5.241134694361));
#3230 = CARTESIAN_POINT('',(-1.52549457155,-70.48347954628,
    5.040090652599));
#3231 = CARTESIAN_POINT('',(-1.519701118761,-70.48360925139,
    4.837273699774));
#3232 = CARTESIAN_POINT('',(-1.482724906766,-70.48444231736,
    4.636636425075));
#3233 = CARTESIAN_POINT('',(-1.414246970399,-70.48588416417,
    4.44281027767));
#3234 = CARTESIAN_POINT('',(-1.238279838376,-70.48916561061,
    4.122727252777));
#3235 = CARTESIAN_POINT('',(-1.142479363918,-70.49085600844,
    3.988837079558));
#3236 = CARTESIAN_POINT('',(-1.026422545773,-70.49273902744,
    3.863389959098));
#3237 = CARTESIAN_POINT('',(-0.890192997691,-70.4946845982,
    3.750416937675));
#3238 = CARTESIAN_POINT('',(-0.734597951642,-70.49651360901,
    3.654212012842));
#3239 = CARTESIAN_POINT('',(-0.56125851197,-70.49801712125,
    3.579381885633));
#3240 = CARTESIAN_POINT('',(-0.187433925274,-70.49999515733,
    3.483400045337));
#3241 = CARTESIAN_POINT('',(8.115837174169E-03,-70.50045966196,
    3.462676231757));
#3242 = CARTESIAN_POINT('',(0.206536314103,-70.50026019731,
    3.472330997953));
#3243 = CARTESIAN_POINT('',(0.399840780512,-70.49936219049,
    3.512487993808));
#3244 = CARTESIAN_POINT('',(0.5804313972,-70.49793229257,3.580100673601)
  );
#3245 = CARTESIAN_POINT('',(0.742220760164,-70.49623081891,
    3.669081981178));
#3246 = CARTESIAN_POINT('',(1.062855642579,-70.49222062327,
    3.902036859215));
#3247 = CARTESIAN_POINT('',(1.211699157705,-70.48981561826,
    4.058393762879));
#3248 = CARTESIAN_POINT('',(1.328526831011,-70.48761721656,
    4.230697948314));
#3249 = CARTESIAN_POINT('',(1.414730331091,-70.48585564726,
    4.413192998016));
#3250 = CARTESIAN_POINT('',(1.471581379889,-70.48464547572,
    4.601600470555));
#3251 = CARTESIAN_POINT('',(1.5,-70.48404074682,4.79278060612));
#3252 = CARTESIAN_POINT('',(1.5,-70.48404074682,4.983929));
#3253 = PCURVE('',#2507,#3254);
#3254 = DEFINITIONAL_REPRESENTATION('',(#3255),#3300);
#3255 = B_SPLINE_CURVE_WITH_KNOTS('',7,(#3256,#3257,#3258,#3259,#3260,
    #3261,#3262,#3263,#3264,#3265,#3266,#3267,#3268,#3269,#3270,#3271,
    #3272,#3273,#3274,#3275,#3276,#3277,#3278,#3279,#3280,#3281,#3282,
    #3283,#3284,#3285,#3286,#3287,#3288,#3289,#3290,#3291,#3292,#3293,
    #3294,#3295,#3296,#3297,#3298,#3299),.UNSPECIFIED.,.T.,.F.,(8,6,6,6,
    6,6,6,8),(0.,0.152027704491,0.285910987686,0.422388967363,
    0.587693800759,0.713892188427,0.838332082855,1.),.UNSPECIFIED.);
#3256 = CARTESIAN_POINT('',(-4.733667181753,-4.983929));
#3257 = CARTESIAN_POINT('',(-4.733667181753,-5.163508525222));
#3258 = CARTESIAN_POINT('',(-4.733311335058,-5.343072274998));
#3259 = CARTESIAN_POINT('',(-4.732599664055,-5.52031408056));
#3260 = CARTESIAN_POINT('',(-4.731522541661,-5.692634057263));
#3261 = CARTESIAN_POINT('',(-4.730065080403,-5.856690444078));
#3262 = CARTESIAN_POINT('',(-4.728210908342,-6.007942592105));
#3263 = CARTESIAN_POINT('',(-4.72396195525,-6.255730099022));
#3264 = CARTESIAN_POINT('',(-4.721595873703,-6.36027054388));
#3265 = CARTESIAN_POINT('',(-4.718901032927,-6.441849137158));
#3266 = CARTESIAN_POINT('',(-4.715974110768,-6.492557073023));
#3267 = CARTESIAN_POINT('',(-4.712942877486,-6.508158124215));
#3268 = CARTESIAN_POINT('',(-4.709943395784,-6.488314215197));
#3269 = CARTESIAN_POINT('',(-4.704196816453,-6.384294980418));
#3270 = CARTESIAN_POINT('',(-4.701549492627,-6.300578620137));
#3271 = CARTESIAN_POINT('',(-4.699204674135,-6.19236803801));
#3272 = CARTESIAN_POINT('',(-4.697186836498,-6.065456058058));
#3273 = CARTESIAN_POINT('',(-4.695506096371,-5.925081827764));
#3274 = CARTESIAN_POINT('',(-4.694160392177,-5.776021353534));
#3275 = CARTESIAN_POINT('',(-4.691895571074,-5.436768455464));
#3276 = CARTESIAN_POINT('',(-4.691103856468,-5.241134694361));
#3277 = CARTESIAN_POINT('',(-4.690749065974,-5.040090652599));
#3278 = CARTESIAN_POINT('',(-4.690831263385,-4.837273699774));
#3279 = CARTESIAN_POINT('',(-4.691355882446,-4.636636425075));
#3280 = CARTESIAN_POINT('',(-4.692327413168,-4.44281027767));
#3281 = CARTESIAN_POINT('',(-4.694823834809,-4.122727252777));
#3282 = CARTESIAN_POINT('',(-4.696182917644,-3.988837079558));
#3283 = CARTESIAN_POINT('',(-4.69782932745,-3.863389959098));
#3284 = CARTESIAN_POINT('',(-4.699761851331,-3.750416937675));
#3285 = CARTESIAN_POINT('',(-4.701969010808,-3.654212012842));
#3286 = CARTESIAN_POINT('',(-4.704427804674,-3.579381885633));
#3287 = CARTESIAN_POINT('',(-4.70973035531,-3.483400045337));
#3288 = CARTESIAN_POINT('',(-4.712504106943,-3.462676231757));
#3289 = CARTESIAN_POINT('',(-4.715318556699,-3.472330997953));
#3290 = CARTESIAN_POINT('',(-4.718060463332,-3.512487993808));
#3291 = CARTESIAN_POINT('',(-4.720622098902,-3.580100673601));
#3292 = CARTESIAN_POINT('',(-4.722917105739,-3.669081981178));
#3293 = CARTESIAN_POINT('',(-4.727465473956,-3.902036859215));
#3294 = CARTESIAN_POINT('',(-4.729576990985,-4.058393762879));
#3295 = CARTESIAN_POINT('',(-4.731234409357,-4.230697948314));
#3296 = CARTESIAN_POINT('',(-4.732457409032,-4.413192998016));
#3297 = CARTESIAN_POINT('',(-4.733263989488,-4.601600470555));
#3298 = CARTESIAN_POINT('',(-4.733667181753,-4.79278060612));
#3299 = CARTESIAN_POINT('',(-4.733667181753,-4.983929));
#3300 = ( GEOMETRIC_REPRESENTATION_CONTEXT(2) 
PARAMETRIC_REPRESENTATION_CONTEXT() REPRESENTATION_CONTEXT('2D SPACE',''
  ) );
#3301 = PCURVE('',#3302,#3307);
#3302 = CYLINDRICAL_SURFACE('',#3303,1.5);
#3303 = AXIS2_PLACEMENT_3D('',#3304,#3305,#3306);
#3304 = CARTESIAN_POINT('',(0.,-100.,4.983929));
#3305 = DIRECTION('',(0.,-1.,2.22044604925E-16));
#3306 = DIRECTION('',(1.,0.,0.));
#3307 = DEFINITIONAL_REPRESENTATION('',(#3308),#3353);
#3308 = B_SPLINE_CURVE_WITH_KNOTS('',7,(#3309,#3310,#3311,#3312,#3313,
    #3314,#3315,#3316,#3317,#3318,#3319,#3320,#3321,#3322,#3323,#3324,
    #3325,#3326,#3327,#3328,#3329,#3330,#3331,#3332,#3333,#3334,#3335,
    #3336,#3337,#3338,#3339,#3340,#3341,#3342,#3343,#3344,#3345,#3346,
    #3347,#3348,#3349,#3350,#3351,#3352),.UNSPECIFIED.,.F.,.F.,(8,6,6,6,
    6,6,6,8),(0.,0.152027704491,0.285910987686,0.422388967363,
    0.587693800759,0.713892188427,0.838332082855,1.),.UNSPECIFIED.);
#3309 = CARTESIAN_POINT('',(0.,-29.51595925317));
#3310 = CARTESIAN_POINT('',(0.119719683481,-29.51595925317));
#3311 = CARTESIAN_POINT('',(0.239428194706,-29.51542550923));
#3312 = CARTESIAN_POINT('',(0.360395069923,-29.51435786746));
#3313 = CARTESIAN_POINT('',(0.483675022001,-29.51279876181));
#3314 = CARTESIAN_POINT('',(0.610431990058,-29.51083683067));
#3315 = CARTESIAN_POINT('',(0.741845175983,-29.50864415555));
#3316 = CARTESIAN_POINT('',(1.001000265742,-29.5045815786));
#3317 = CARTESIAN_POINT('',(1.131105780167,-29.50264504486));
#3318 = CARTESIAN_POINT('',(1.26627264625,-29.50094035492));
#3319 = CARTESIAN_POINT('',(1.404491426297,-29.49980244493));
#3320 = CARTESIAN_POINT('',(1.544202647105,-29.49947273987));
#3321 = CARTESIAN_POINT('',(1.684038849259,-29.49992537114));
#3322 = CARTESIAN_POINT('',(1.96288475373,-29.50206904539));
#3323 = CARTESIAN_POINT('',(2.097276199902,-29.50374873155));
#3324 = CARTESIAN_POINT('',(2.226504799015,-29.50578980432));
#3325 = CARTESIAN_POINT('',(2.351220149813,-29.50792421434));
#3326 = CARTESIAN_POINT('',(2.471888460201,-29.50993546721));
#3327 = CARTESIAN_POINT('',(2.588728988643,-29.51167562294));
#3328 = CARTESIAN_POINT('',(2.838686809972,-29.51474953005));
#3329 = CARTESIAN_POINT('',(2.972536940079,-29.51595063794));
#3330 = CARTESIAN_POINT('',(3.105097575996,-29.51652045371));
#3331 = CARTESIAN_POINT('',(3.237540174073,-29.5163907486));
#3332 = CARTESIAN_POINT('',(3.370932508085,-29.51555768263));
#3333 = CARTESIAN_POINT('',(3.506158996163,-29.51411583582));
#3334 = CARTESIAN_POINT('',(3.749668133,-29.51083438938));
#3335 = CARTESIAN_POINT('',(3.858655181351,-29.50914399155));
#3336 = CARTESIAN_POINT('',(3.971131113629,-29.50726097255));
#3337 = CARTESIAN_POINT('',(4.087202541475,-29.50531540179));
#3338 = CARTESIAN_POINT('',(4.207173185462,-29.50348639098));
#3339 = CARTESIAN_POINT('',(4.331508981201,-29.50198287874));
#3340 = CARTESIAN_POINT('',(4.588808923149,-29.50000484266));
#3341 = CARTESIAN_POINT('',(4.718515038073,-29.49954033803));
#3342 = CARTESIAN_POINT('',(4.848446591784,-29.49973980268));
#3343 = CARTESIAN_POINT('',(4.977289412165,-29.5006378095));
#3344 = CARTESIAN_POINT('',(5.103659800834,-29.50206770742));
#3345 = CARTESIAN_POINT('',(5.22578852568,-29.50376918108));
#3346 = CARTESIAN_POINT('',(5.490006199429,-29.50777937672));
#3347 = CARTESIAN_POINT('',(5.631555018529,-29.51018438173));
#3348 = CARTESIAN_POINT('',(5.767511416477,-29.51238278343));
#3349 = CARTESIAN_POINT('',(5.899311825984,-29.51414435273));
#3350 = CARTESIAN_POINT('',(6.028300373274,-29.51535452427));
#3351 = CARTESIAN_POINT('',(6.155753044593,-29.51595925317));
#3352 = CARTESIAN_POINT('',(6.28318530718,-29.51595925317));
#3353 = ( GEOMETRIC_REPRESENTATION_CONTEXT(2) 
PARAMETRIC_REPRESENTATION_CONTEXT() REPRESENTATION_CONTEXT('2D SPACE',''
  ) );
#3354 = ADVANCED_FACE('',(#3355),#2592,.F.);
#3355 = FACE_BOUND('',#3356,.F.);
#3356 = EDGE_LOOP('',(#3357,#3358,#3381,#3460,#3555,#3609,#3610,#3611));
#3357 = ORIENTED_EDGE('',*,*,#2615,.F.);
#3358 = ORIENTED_EDGE('',*,*,#3359,.T.);
#3359 = EDGE_CURVE('',#2555,#3360,#3362,.T.);
#3360 = VERTEX_POINT('',#3361);
#3361 = CARTESIAN_POINT('',(68.483574673056,1.5,5.031868));
#3362 = SEAM_CURVE('',#3363,(#3367,#3374),.PCURVE_S1.);
#3363 = LINE('',#3364,#3365);
#3364 = CARTESIAN_POINT('',(100.,1.5,5.031868));
#3365 = VECTOR('',#3366,1.);
#3366 = DIRECTION('',(-1.,-0.,-0.));
#3367 = PCURVE('',#2592,#3368);
#3368 = DEFINITIONAL_REPRESENTATION('',(#3369),#3373);
#3369 = LINE('',#3370,#3371);
#3370 = CARTESIAN_POINT('',(6.28318530718,0.));
#3371 = VECTOR('',#3372,1.);
#3372 = DIRECTION('',(0.,-1.));
#3373 = ( GEOMETRIC_REPRESENTATION_CONTEXT(2) 
PARAMETRIC_REPRESENTATION_CONTEXT() REPRESENTATION_CONTEXT('2D SPACE',''
  ) );
#3374 = PCURVE('',#2592,#3375);
#3375 = DEFINITIONAL_REPRESENTATION('',(#3376),#3380);
#3376 = LINE('',#3377,#3378);
#3377 = CARTESIAN_POINT('',(0.,0.));
#3378 = VECTOR('',#3379,1.);
#3379 = DIRECTION('',(0.,-1.));
#3380 = ( GEOMETRIC_REPRESENTATION_CONTEXT(2) 
PARAMETRIC_REPRESENTATION_CONTEXT() REPRESENTATION_CONTEXT('2D SPACE',''
  ) );
#3381 = ORIENTED_EDGE('',*,*,#3382,.T.);
#3382 = EDGE_CURVE('',#3360,#3383,#3385,.T.);
#3383 = VERTEX_POINT('',#3384);
#3384 = CARTESIAN_POINT('',(68.5,0.,6.531868));
#3385 = SURFACE_CURVE('',#3386,(#3407,#3431),.PCURVE_S1.);
#3386 = B_SPLINE_CURVE_WITH_KNOTS('',7,(#3387,#3388,#3389,#3390,#3391,
    #3392,#3393,#3394,#3395,#3396,#3397,#3398,#3399,#3400,#3401,#3402,
    #3403,#3404,#3405,#3406),.UNSPECIFIED.,.F.,.F.,(8,6,6,8),(0.,
    0.481047283815,0.771518457807,1.),.UNSPECIFIED.);
#3387 = CARTESIAN_POINT('',(68.483574673056,1.5,5.031868));
#3388 = CARTESIAN_POINT('',(68.483574673056,1.5,5.175466268633));
#3389 = CARTESIAN_POINT('',(68.483925951275,1.483962028903,
    5.319048536645));
#3390 = CARTESIAN_POINT('',(68.484628410877,1.451891315185,
    5.461400635133));
#3391 = CARTESIAN_POINT('',(68.485663924491,1.403531868149,
    5.601229374513));
#3392 = CARTESIAN_POINT('',(68.486995127055,1.338436217224,5.73700788488
    ));
#3393 = CARTESIAN_POINT('',(68.488556935575,1.25603539865,5.866803773526
    ));
#3394 = CARTESIAN_POINT('',(68.491270579428,1.095226444643,
    6.061188407007));
#3395 = CARTESIAN_POINT('',(68.492341584323,1.028058307867,
    6.131372761367));
#3396 = CARTESIAN_POINT('',(68.4934374134,0.95425979732,6.19776693067));
#3397 = CARTESIAN_POINT('',(68.49452811045,0.873908698918,6.259550992225
    ));
#3398 = CARTESIAN_POINT('',(68.495578929798,0.787171971225,
    6.315871246595));
#3399 = CARTESIAN_POINT('',(68.496552079345,0.694316065556,
    6.365834405474));
#3400 = CARTESIAN_POINT('',(68.498084032972,0.518168661495,
    6.442060193942));
#3401 = CARTESIAN_POINT('',(68.498687228459,0.437042001928,
    6.471115196041));
#3402 = CARTESIAN_POINT('',(68.499196932135,0.352905941122,
    6.495036456945));
#3403 = CARTESIAN_POINT('',(68.499594143255,0.266409389393,
    6.513337724952));
#3404 = CARTESIAN_POINT('',(68.499864548057,0.178261403098,
    6.525678575145));
#3405 = CARTESIAN_POINT('',(68.5,8.920650422813E-02,6.531868));
#3406 = CARTESIAN_POINT('',(68.5,2.228022719165E-15,6.531868));
#3407 = PCURVE('',#2592,#3408);
#3408 = DEFINITIONAL_REPRESENTATION('',(#3409),#3430);
#3409 = B_SPLINE_CURVE_WITH_KNOTS('',7,(#3410,#3411,#3412,#3413,#3414,
    #3415,#3416,#3417,#3418,#3419,#3420,#3421,#3422,#3423,#3424,#3425,
    #3426,#3427,#3428,#3429),.UNSPECIFIED.,.F.,.F.,(8,6,6,8),(0.,
    0.481047283815,0.771518457807,1.),.UNSPECIFIED.);
#3410 = CARTESIAN_POINT('',(0.,-31.51642532694));
#3411 = CARTESIAN_POINT('',(9.573217908885E-02,-31.51642532694));
#3412 = CARTESIAN_POINT('',(0.191453600245,-31.51607404872));
#3413 = CARTESIAN_POINT('',(0.287788429791,-31.51537158912));
#3414 = CARTESIAN_POINT('',(0.385304333408,-31.5143360755));
#3415 = CARTESIAN_POINT('',(0.484595820784,-31.51300487294));
#3416 = CARTESIAN_POINT('',(0.586285033987,-31.51144306442));
#3417 = CARTESIAN_POINT('',(0.754471313547,-31.50872942057));
#3418 = CARTESIAN_POINT('',(0.819066404446,-31.50765841567));
#3419 = CARTESIAN_POINT('',(0.884946602058,-31.5065625866));
#3420 = CARTESIAN_POINT('',(0.952148036274,-31.50547188955));
#3421 = CARTESIAN_POINT('',(1.020728206321,-31.5044210702));
#3422 = CARTESIAN_POINT('',(1.090769390668,-31.50344792065));
#3423 = CARTESIAN_POINT('',(1.21872472799,-31.50191596702));
#3424 = CARTESIAN_POINT('',(1.276053673649,-31.50131277154));
#3425 = CARTESIAN_POINT('',(1.334156838701,-31.50080306786));
#3426 = CARTESIAN_POINT('',(1.392846510229,-31.50040585674));
#3427 = CARTESIAN_POINT('',(1.451955370335,-31.50013545194));
#3428 = CARTESIAN_POINT('',(1.511325323976,-31.5));
#3429 = CARTESIAN_POINT('',(1.570796326795,-31.5));
#3430 = ( GEOMETRIC_REPRESENTATION_CONTEXT(2) 
PARAMETRIC_REPRESENTATION_CONTEXT() REPRESENTATION_CONTEXT('2D SPACE',''
  ) );
#3431 = PCURVE('',#3432,#3437);
#3432 = CYLINDRICAL_SURFACE('',#3433,68.5);
#3433 = AXIS2_PLACEMENT_3D('',#3434,#3435,#3436);
#3434 = CARTESIAN_POINT('',(0.,0.,0.));
#3435 = DIRECTION('',(-0.,-0.,-1.));
#3436 = DIRECTION('',(1.,0.,0.));
#3437 = DEFINITIONAL_REPRESENTATION('',(#3438),#3459);
#3438 = B_SPLINE_CURVE_WITH_KNOTS('',7,(#3439,#3440,#3441,#3442,#3443,
    #3444,#3445,#3446,#3447,#3448,#3449,#3450,#3451,#3452,#3453,#3454,
    #3455,#3456,#3457,#3458),.UNSPECIFIED.,.F.,.F.,(8,6,6,8),(0.,
    0.481047283815,0.771518457807,1.),.UNSPECIFIED.);
#3439 = CARTESIAN_POINT('',(-2.189956064815E-02,-5.031868));
#3440 = CARTESIAN_POINT('',(-2.189956064815E-02,-5.175466268633));
#3441 = CARTESIAN_POINT('',(-2.166537353022E-02,-5.319048536645));
#3442 = CARTESIAN_POINT('',(-2.119707562754E-02,-5.461400635133));
#3443 = CARTESIAN_POINT('',(-2.049093657187E-02,-5.601229374512));
#3444 = CARTESIAN_POINT('',(-1.954043735923E-02,-5.73700788488));
#3445 = CARTESIAN_POINT('',(-1.833729224358E-02,-5.866803773526));
#3446 = CARTESIAN_POINT('',(-1.598938204378E-02,-6.061188407007));
#3447 = CARTESIAN_POINT('',(-1.500870108685E-02,-6.131372761367));
#3448 = CARTESIAN_POINT('',(-1.393123286778E-02,-6.19776693067));
#3449 = CARTESIAN_POINT('',(-1.275811798234E-02,-6.259550992225));
#3450 = CARTESIAN_POINT('',(-1.1491797967E-02,-6.315871246595));
#3451 = CARTESIAN_POINT('',(-1.013616501815E-02,-6.365834405474));
#3452 = CARTESIAN_POINT('',(-7.564572819114E-03,-6.442060193942));
#3453 = CARTESIAN_POINT('',(-6.380210200415E-03,-6.471115196041));
#3454 = CARTESIAN_POINT('',(-5.151925961013E-03,-6.495036456945));
#3455 = CARTESIAN_POINT('',(-3.889191796619E-03,-6.513337724952));
#3456 = CARTESIAN_POINT('',(-2.602356220007E-03,-6.525678575145));
#3457 = CARTESIAN_POINT('',(-1.302284733257E-03,-6.531868));
#3458 = CARTESIAN_POINT('',(0.,-6.531868));
#3459 = ( GEOMETRIC_REPRESENTATION_CONTEXT(2) 
PARAMETRIC_REPRESENTATION_CONTEXT() REPRESENTATION_CONTEXT('2D SPACE',''
  ) );
#3460 = ORIENTED_EDGE('',*,*,#3461,.T.);
#3461 = EDGE_CURVE('',#3383,#3462,#3464,.T.);
#3462 = VERTEX_POINT('',#3463);
#3463 = CARTESIAN_POINT('',(68.5,0.,3.531868));
#3464 = SURFACE_CURVE('',#3465,(#3493,#3524),.PCURVE_S1.);
#3465 = B_SPLINE_CURVE_WITH_KNOTS('',6,(#3466,#3467,#3468,#3469,#3470,
    #3471,#3472,#3473,#3474,#3475,#3476,#3477,#3478,#3479,#3480,#3481,
    #3482,#3483,#3484,#3485,#3486,#3487,#3488,#3489,#3490,#3491,#3492),
  .UNSPECIFIED.,.F.,.F.,(7,5,5,5,5,7),(0.,0.267584919224,0.49840142048,
    0.729362618017,0.885422218856,1.),.UNSPECIFIED.);
#3466 = CARTESIAN_POINT('',(68.5,-6.217248937901E-15,6.531868));
#3467 = CARTESIAN_POINT('',(68.5,-0.248696181792,6.531868));
#3468 = CARTESIAN_POINT('',(68.498917392812,-0.489535992263,
    6.482388812373));
#3469 = CARTESIAN_POINT('',(68.496874354262,-0.710744598171,
    6.389285983926));
#3470 = CARTESIAN_POINT('',(68.494355920472,-0.903230139687,
    6.261520680878));
#3471 = CARTESIAN_POINT('',(68.491888013593,-1.061419176386,
    6.110847779406));
#3472 = CARTESIAN_POINT('',(68.487897184848,-1.292032866405,
    5.81354240169));
#3473 = CARTESIAN_POINT('',(68.486242399264,-1.376102480511,
    5.665528378233));
#3474 = CARTESIAN_POINT('',(68.484925660179,-1.43831531604,
    5.510978315624));
#3475 = CARTESIAN_POINT('',(68.484024537199,-1.479462313699,
    5.352463730511));
#3476 = CARTESIAN_POINT('',(68.483574673056,-1.5,5.192094700876));
#3477 = CARTESIAN_POINT('',(68.483574673056,-1.5,4.871540854798));
#3478 = CARTESIAN_POINT('',(68.484025130167,-1.479435645275,
    4.711216904589));
#3479 = CARTESIAN_POINT('',(68.48492570855,-1.438311410231,
    4.552792686829));
#3480 = CARTESIAN_POINT('',(68.486241777926,-1.376130208278,
    4.398268678576));
#3481 = CARTESIAN_POINT('',(68.487896558279,-1.292069073239,
    4.250240275878));
#3482 = CARTESIAN_POINT('',(68.490994642093,-1.11304346579,
    4.019441853465));
#3483 = CARTESIAN_POINT('',(68.492335818104,-1.030264905348,
    3.930831663195));
#3484 = CARTESIAN_POINT('',(68.493719758894,-0.936832813045,
    3.84830527413));
#3485 = CARTESIAN_POINT('',(68.495080601809,-0.832917002257,
    3.773595720065));
#3486 = CARTESIAN_POINT('',(68.496337812414,-0.718952949502,
    3.708562926234));
#3487 = CARTESIAN_POINT('',(68.498196417138,-0.505246482417,
    3.616083879828));
#3488 = CARTESIAN_POINT('',(68.498883528941,-0.409763674271,
    3.583236445959));
#3489 = CARTESIAN_POINT('',(68.499431998593,-0.31026209294,
    3.557795941554));
#3490 = CARTESIAN_POINT('',(68.49981039916,-0.207929641813,
    3.540531957279));
#3491 = CARTESIAN_POINT('',(68.5,-0.104066803988,3.531868));
#3492 = CARTESIAN_POINT('',(68.5,-3.774758283726E-15,3.531868));
#3493 = PCURVE('',#2592,#3494);
#3494 = DEFINITIONAL_REPRESENTATION('',(#3495),#3523);
#3495 = B_SPLINE_CURVE_WITH_KNOTS('',6,(#3496,#3497,#3498,#3499,#3500,
    #3501,#3502,#3503,#3504,#3505,#3506,#3507,#3508,#3509,#3510,#3511,
    #3512,#3513,#3514,#3515,#3516,#3517,#3518,#3519,#3520,#3521,#3522),
  .UNSPECIFIED.,.F.,.F.,(7,5,5,5,5,7),(0.,0.267584919224,0.49840142048,
    0.729362618017,0.885422218856,1.),.UNSPECIFIED.);
#3496 = CARTESIAN_POINT('',(1.570796326795,-31.5));
#3497 = CARTESIAN_POINT('',(1.736593781323,-31.5));
#3498 = CARTESIAN_POINT('',(1.897153746962,-31.50108260718));
#3499 = CARTESIAN_POINT('',(2.052828969841,-31.50312564573));
#3500 = CARTESIAN_POINT('',(2.203178029094,-31.50564407952));
#3501 = CARTESIAN_POINT('',(2.347184875762,-31.5081119864));
#3502 = CARTESIAN_POINT('',(2.598026270223,-31.51210281515));
#3503 = CARTESIAN_POINT('',(2.710348186498,-31.51375760073));
#3504 = CARTESIAN_POINT('',(2.819996027446,-31.51507433982));
#3505 = CARTESIAN_POINT('',(2.92786108822,-31.5159754628));
#3506 = CARTESIAN_POINT('',(3.034774853005,-31.51642532694));
#3507 = CARTESIAN_POINT('',(3.248477417058,-31.51642532694));
#3508 = CARTESIAN_POINT('',(3.355361352853,-31.51597486983));
#3509 = CARTESIAN_POINT('',(3.463169429173,-31.51507429145));
#3510 = CARTESIAN_POINT('',(3.572793715424,-31.51375822207));
#3511 = CARTESIAN_POINT('',(3.685119654331,-31.51210344172));
#3512 = CARTESIAN_POINT('',(3.87984804627,-31.5090053579));
#3513 = CARTESIAN_POINT('',(3.960349069432,-31.50766418189));
#3514 = CARTESIAN_POINT('',(4.042869158156,-31.5062802411));
#3515 = CARTESIAN_POINT('',(4.127519650978,-31.50491939819));
#3516 = CARTESIAN_POINT('',(4.21446555119,-31.50366218758));
#3517 = CARTESIAN_POINT('',(4.369704189132,-31.50180358286));
#3518 = CARTESIAN_POINT('',(4.436820846598,-31.50111647105));
#3519 = CARTESIAN_POINT('',(4.504946489705,-31.5005680014));
#3520 = CARTESIAN_POINT('',(4.573769198699,-31.50018960084));
#3521 = CARTESIAN_POINT('',(4.643011111059,-31.5));
#3522 = CARTESIAN_POINT('',(4.712388980385,-31.5));
#3523 = ( GEOMETRIC_REPRESENTATION_CONTEXT(2) 
PARAMETRIC_REPRESENTATION_CONTEXT() REPRESENTATION_CONTEXT('2D SPACE',''
  ) );
#3524 = PCURVE('',#3432,#3525);
#3525 = DEFINITIONAL_REPRESENTATION('',(#3526),#3554);
#3526 = B_SPLINE_CURVE_WITH_KNOTS('',6,(#3527,#3528,#3529,#3530,#3531,
    #3532,#3533,#3534,#3535,#3536,#3537,#3538,#3539,#3540,#3541,#3542,
    #3543,#3544,#3545,#3546,#3547,#3548,#3549,#3550,#3551,#3552,#3553),
  .UNSPECIFIED.,.F.,.F.,(7,5,5,5,5,7),(0.,0.267584919224,0.49840142048,
    0.729362618017,0.885422218856,1.),.UNSPECIFIED.);
#3527 = CARTESIAN_POINT('',(-6.28318530718,-6.531868));
#3528 = CARTESIAN_POINT('',(-6.279554705986,-6.531868));
#3529 = CARTESIAN_POINT('',(-6.276038796745,-6.482388812373));
#3530 = CARTESIAN_POINT('',(-6.272809386174,-6.389285983926));
#3531 = CARTESIAN_POINT('',(-6.269999150176,-6.261520680878));
#3532 = CARTESIAN_POINT('',(-6.26768954388,-6.110847779406));
#3533 = CARTESIAN_POINT('',(-6.264322416601,-5.81354240169));
#3534 = CARTESIAN_POINT('',(-6.263094888683,-5.665528378233));
#3535 = CARTESIAN_POINT('',(-6.262186468752,-5.510978315624));
#3536 = CARTESIAN_POINT('',(-6.261585638705,-5.352463730511));
#3537 = CARTESIAN_POINT('',(-6.261285746531,-5.192094700876));
#3538 = CARTESIAN_POINT('',(-6.261285746531,-4.871540854798));
#3539 = CARTESIAN_POINT('',(-6.261586028122,-4.711216904589));
#3540 = CARTESIAN_POINT('',(-6.26218652577,-4.552792686829));
#3541 = CARTESIAN_POINT('',(-6.263094483801,-4.398268678576));
#3542 = CARTESIAN_POINT('',(-6.264321887955,-4.250240275878));
#3543 = CARTESIAN_POINT('',(-6.26693579178,-4.019441853465));
#3544 = CARTESIAN_POINT('',(-6.268144395773,-3.930831663195));
#3545 = CARTESIAN_POINT('',(-6.269508515463,-3.84830527413));
#3546 = CARTESIAN_POINT('',(-6.271025660533,-3.773595720065));
#3547 = CARTESIAN_POINT('',(-6.27268946602,-3.708562926234));
#3548 = CARTESIAN_POINT('',(-6.275809386445,-3.616083879828));
#3549 = CARTESIAN_POINT('',(-6.277203330613,-3.583236445959));
#3550 = CARTESIAN_POINT('',(-6.278655927177,-3.557795941554));
#3551 = CARTESIAN_POINT('',(-6.280149838,-3.540531957279));
#3552 = CARTESIAN_POINT('',(-6.281666083764,-3.531868));
#3553 = CARTESIAN_POINT('',(-6.28318530718,-3.531868));
#3554 = ( GEOMETRIC_REPRESENTATION_CONTEXT(2) 
PARAMETRIC_REPRESENTATION_CONTEXT() REPRESENTATION_CONTEXT('2D SPACE',''
  ) );
#3555 = ORIENTED_EDGE('',*,*,#3556,.T.);
#3556 = EDGE_CURVE('',#3462,#3360,#3557,.T.);
#3557 = SURFACE_CURVE('',#3558,(#3573,#3591),.PCURVE_S1.);
#3558 = B_SPLINE_CURVE_WITH_KNOTS('',7,(#3559,#3560,#3561,#3562,#3563,
    #3564,#3565,#3566,#3567,#3568,#3569,#3570,#3571,#3572),
  .UNSPECIFIED.,.F.,.F.,(8,6,8),(0.,0.456066840589,1.),.UNSPECIFIED.);
#3559 = CARTESIAN_POINT('',(68.5,4.525163938522E-15,3.531868));
#3560 = CARTESIAN_POINT('',(68.5,0.180072300142,3.531868));
#3561 = CARTESIAN_POINT('',(68.499448038922,0.357107026367,
    3.557088616874));
#3562 = CARTESIAN_POINT('',(68.498375971003,0.526570193465,
    3.605996377405));
#3563 = CARTESIAN_POINT('',(68.496903790207,0.68440866436,3.675964101705
    ));
#3564 = CARTESIAN_POINT('',(68.495203693968,0.827313547912,
    3.763347895982));
#3565 = CARTESIAN_POINT('',(68.493454701822,0.953022391982,
    3.863570048422));
#3566 = CARTESIAN_POINT('',(68.489799814497,1.18903555983,4.099583216271
    ));
#3567 = CARTESIAN_POINT('',(68.487887470124,1.294392146384,4.24119370012
    ));
#3568 = CARTESIAN_POINT('',(68.486221707401,1.377401046738,
    4.391743081915));
#3569 = CARTESIAN_POINT('',(68.484912757941,1.438910469417,4.54819758192
    ));
#3570 = CARTESIAN_POINT('',(68.484020753888,1.479633455333,
    4.708254586638));
#3571 = CARTESIAN_POINT('',(68.483574673056,1.5,4.87004680693));
#3572 = CARTESIAN_POINT('',(68.483574673056,1.5,5.031868));
#3573 = PCURVE('',#2592,#3574);
#3574 = DEFINITIONAL_REPRESENTATION('',(#3575),#3590);
#3575 = B_SPLINE_CURVE_WITH_KNOTS('',7,(#3576,#3577,#3578,#3579,#3580,
    #3581,#3582,#3583,#3584,#3585,#3586,#3587,#3588,#3589),
  .UNSPECIFIED.,.F.,.F.,(8,6,8),(0.,0.456066840589,1.),.UNSPECIFIED.);
#3576 = CARTESIAN_POINT('',(4.712388980385,-31.5));
#3577 = CARTESIAN_POINT('',(4.832437180479,-31.5));
#3578 = CARTESIAN_POINT('',(4.950459920955,-31.50055196107));
#3579 = CARTESIAN_POINT('',(5.066262851556,-31.50162402899));
#3580 = CARTESIAN_POINT('',(5.179533675279,-31.50309620979));
#3581 = CARTESIAN_POINT('',(5.289800745048,-31.50479630603));
#3582 = CARTESIAN_POINT('',(5.396305271773,-31.50654529817));
#3583 = CARTESIAN_POINT('',(5.618820620353,-31.5102001855));
#3584 = CARTESIAN_POINT('',(5.735242230473,-31.51211252987));
#3585 = CARTESIAN_POINT('',(5.848237176384,-31.51377829259));
#3586 = CARTESIAN_POINT('',(5.958686696089,-31.51508724205));
#3587 = CARTESIAN_POINT('',(6.067443292688,-31.51597924611));
#3588 = CARTESIAN_POINT('',(6.175304511799,-31.51642532694));
#3589 = CARTESIAN_POINT('',(6.28318530718,-31.51642532694));
#3590 = ( GEOMETRIC_REPRESENTATION_CONTEXT(2) 
PARAMETRIC_REPRESENTATION_CONTEXT() REPRESENTATION_CONTEXT('2D SPACE',''
  ) );
#3591 = PCURVE('',#3432,#3592);
#3592 = DEFINITIONAL_REPRESENTATION('',(#3593),#3608);
#3593 = B_SPLINE_CURVE_WITH_KNOTS('',7,(#3594,#3595,#3596,#3597,#3598,
    #3599,#3600,#3601,#3602,#3603,#3604,#3605,#3606,#3607),
  .UNSPECIFIED.,.F.,.F.,(8,6,8),(0.,0.456066840589,1.),.UNSPECIFIED.);
#3594 = CARTESIAN_POINT('',(0.,-3.531868));
#3595 = CARTESIAN_POINT('',(-2.628792702797E-03,-3.531868));
#3596 = CARTESIAN_POINT('',(-5.21324122068E-03,-3.557088616874));
#3597 = CARTESIAN_POINT('',(-7.687185815761E-03,-3.605996377405));
#3598 = CARTESIAN_POINT('',(-9.991481748699E-03,-3.675964101705));
#3599 = CARTESIAN_POINT('',(-1.207782513313E-02,-3.763347895982));
#3600 = CARTESIAN_POINT('',(-1.391316604722E-02,-3.863570048422));
#3601 = CARTESIAN_POINT('',(-1.735902686251E-02,-4.099583216271));
#3602 = CARTESIAN_POINT('',(-1.889732710564E-02,-4.24119370012));
#3603 = CARTESIAN_POINT('',(-2.010937789155E-02,-4.391743081915));
#3604 = CARTESIAN_POINT('',(-2.100752877171E-02,-4.54819758192));
#3605 = CARTESIAN_POINT('',(-2.160216752066E-02,-4.708254586638));
#3606 = CARTESIAN_POINT('',(-2.189956064815E-02,-4.87004680693));
#3607 = CARTESIAN_POINT('',(-2.189956064815E-02,-5.031868));
#3608 = ( GEOMETRIC_REPRESENTATION_CONTEXT(2) 
PARAMETRIC_REPRESENTATION_CONTEXT() REPRESENTATION_CONTEXT('2D SPACE',''
  ) );
#3609 = ORIENTED_EDGE('',*,*,#3359,.F.);
#3610 = ORIENTED_EDGE('',*,*,#2554,.F.);
#3611 = ORIENTED_EDGE('',*,*,#2740,.F.);
#3612 = ADVANCED_FACE('',(#3613,#3616),#2727,.T.);
#3613 = FACE_BOUND('',#3614,.T.);
#3614 = EDGE_LOOP('',(#3615));
#3615 = ORIENTED_EDGE('',*,*,#2712,.T.);
#3616 = FACE_BOUND('',#3617,.F.);
#3617 = EDGE_LOOP('',(#3618));
#3618 = ORIENTED_EDGE('',*,*,#3619,.T.);
#3619 = EDGE_CURVE('',#3620,#3620,#3622,.T.);
#3620 = VERTEX_POINT('',#3621);
#3621 = CARTESIAN_POINT('',(68.5,0.,200.));
#3622 = SURFACE_CURVE('',#3623,(#3628,#3635),.PCURVE_S1.);
#3623 = CIRCLE('',#3624,68.5);
#3624 = AXIS2_PLACEMENT_3D('',#3625,#3626,#3627);
#3625 = CARTESIAN_POINT('',(0.,0.,200.));
#3626 = DIRECTION('',(0.,0.,1.));
#3627 = DIRECTION('',(1.,0.,0.));
#3628 = PCURVE('',#2727,#3629);
#3629 = DEFINITIONAL_REPRESENTATION('',(#3630),#3634);
#3630 = CIRCLE('',#3631,68.5);
#3631 = AXIS2_PLACEMENT_2D('',#3632,#3633);
#3632 = CARTESIAN_POINT('',(2.518450891583E-15,-3.577237333895E-15));
#3633 = DIRECTION('',(1.,0.));
#3634 = ( GEOMETRIC_REPRESENTATION_CONTEXT(2) 
PARAMETRIC_REPRESENTATION_CONTEXT() REPRESENTATION_CONTEXT('2D SPACE',''
  ) );
#3635 = PCURVE('',#3432,#3636);
#3636 = DEFINITIONAL_REPRESENTATION('',(#3637),#3641);
#3637 = LINE('',#3638,#3639);
#3638 = CARTESIAN_POINT('',(-0.,-200.));
#3639 = VECTOR('',#3640,1.);
#3640 = DIRECTION('',(-1.,0.));
#3641 = ( GEOMETRIC_REPRESENTATION_CONTEXT(2) 
PARAMETRIC_REPRESENTATION_CONTEXT() REPRESENTATION_CONTEXT('2D SPACE',''
  ) );
#3642 = ADVANCED_FACE('',(#3643,#3646),#2541,.F.);
#3643 = FACE_BOUND('',#3644,.F.);
#3644 = EDGE_LOOP('',(#3645));
#3645 = ORIENTED_EDGE('',*,*,#2526,.T.);
#3646 = FACE_BOUND('',#3647,.T.);
#3647 = EDGE_LOOP('',(#3648));
#3648 = ORIENTED_EDGE('',*,*,#3649,.T.);
#3649 = EDGE_CURVE('',#3650,#3650,#3652,.T.);
#3650 = VERTEX_POINT('',#3651);
#3651 = CARTESIAN_POINT('',(68.5,0.,0.));
#3652 = SURFACE_CURVE('',#3653,(#3658,#3665),.PCURVE_S1.);
#3653 = CIRCLE('',#3654,68.5);
#3654 = AXIS2_PLACEMENT_3D('',#3655,#3656,#3657);
#3655 = CARTESIAN_POINT('',(0.,0.,0.));
#3656 = DIRECTION('',(0.,0.,1.));
#3657 = DIRECTION('',(1.,0.,0.));
#3658 = PCURVE('',#2541,#3659);
#3659 = DEFINITIONAL_REPRESENTATION('',(#3660),#3664);
#3660 = CIRCLE('',#3661,68.5);
#3661 = AXIS2_PLACEMENT_2D('',#3662,#3663);
#3662 = CARTESIAN_POINT('',(2.518450891583E-15,-3.577237333895E-15));
#3663 = DIRECTION('',(1.,0.));
#3664 = ( GEOMETRIC_REPRESENTATION_CONTEXT(2) 
PARAMETRIC_REPRESENTATION_CONTEXT() REPRESENTATION_CONTEXT('2D SPACE',''
  ) );
#3665 = PCURVE('',#3432,#3666);
#3666 = DEFINITIONAL_REPRESENTATION('',(#3667),#3671);
#3667 = LINE('',#3668,#3669);
#3668 = CARTESIAN_POINT('',(-0.,0.));
#3669 = VECTOR('',#3670,1.);
#3670 = DIRECTION('',(-1.,0.));
#3671 = ( GEOMETRIC_REPRESENTATION_CONTEXT(2) 
PARAMETRIC_REPRESENTATION_CONTEXT() REPRESENTATION_CONTEXT('2D SPACE',''
  ) );
#3672 = ADVANCED_FACE('',(#3673),#2975,.F.);
#3673 = FACE_BOUND('',#3674,.F.);
#3674 = EDGE_LOOP('',(#3675,#3884,#3905,#3906));
#3675 = ORIENTED_EDGE('',*,*,#3676,.F.);
#3676 = EDGE_CURVE('',#3677,#3677,#3679,.T.);
#3677 = VERTEX_POINT('',#3678);
#3678 = CARTESIAN_POINT('',(-68.48357467305,1.5,5.031868));
#3679 = SURFACE_CURVE('',#3680,(#3746,#3815),.PCURVE_S1.);
#3680 = B_SPLINE_CURVE_WITH_KNOTS('',8,(#3681,#3682,#3683,#3684,#3685,
    #3686,#3687,#3688,#3689,#3690,#3691,#3692,#3693,#3694,#3695,#3696,
    #3697,#3698,#3699,#3700,#3701,#3702,#3703,#3704,#3705,#3706,#3707,
    #3708,#3709,#3710,#3711,#3712,#3713,#3714,#3715,#3716,#3717,#3718,
    #3719,#3720,#3721,#3722,#3723,#3724,#3725,#3726,#3727,#3728,#3729,
    #3730,#3731,#3732,#3733,#3734,#3735,#3736,#3737,#3738,#3739,#3740,
    #3741,#3742,#3743,#3744,#3745),.UNSPECIFIED.,.T.,.F.,(9,7,7,7,7,7,7,
    7,7,9),(0.,0.120470650673,0.224061475062,0.306793805225,
    0.416206970672,0.499548287396,0.614651823172,0.710226913371,
    0.806240249106,1.),.UNSPECIFIED.);
#3681 = CARTESIAN_POINT('',(-68.48357467305,1.5,5.031868));
#3682 = CARTESIAN_POINT('',(-68.48357467305,1.5,5.157516485054));
#3683 = CARTESIAN_POINT('',(-68.48383813172,1.487971521677,
    5.283152969642));
#3684 = CARTESIAN_POINT('',(-68.48436498852,1.463917832829,5.4080185982)
  );
#3685 = CARTESIAN_POINT('',(-68.48514616768,1.427711591667,
    5.531315004823));
#3686 = CARTESIAN_POINT('',(-68.48616312545,1.379120999052,5.6521463159)
  );
#3687 = CARTESIAN_POINT('',(-68.48738557918,1.317836012581,
    5.769456857041));
#3688 = CARTESIAN_POINT('',(-68.48876843262,1.243502206839,
    5.881953799913));
#3689 = CARTESIAN_POINT('',(-68.49152195292,1.080330197717,
    6.079194876341));
#3690 = CARTESIAN_POINT('',(-68.49287717276,0.994389647355,
    6.166336561335));
#3691 = CARTESIAN_POINT('',(-68.49426744252,0.898007318397,
    6.247589418518));
#3692 = CARTESIAN_POINT('',(-68.49563173074,0.791535280811,
    6.321168295809));
#3693 = CARTESIAN_POINT('',(-68.49689964103,0.675596307557,
    6.385350334061));
#3694 = CARTESIAN_POINT('',(-68.49799764206,0.551071377872,
    6.438479696576));
#3695 = CARTESIAN_POINT('',(-68.4988569902,0.419096945502,6.478969204213
    ));
#3696 = CARTESIAN_POINT('',(-68.49987566095,0.170838968561,
    6.526326946097));
#3697 = CARTESIAN_POINT('',(-68.50013705548,5.773084821017E-02,
    6.538135298938));
#3698 = CARTESIAN_POINT('',(-68.50018279948,-5.675494775086E-02,
    6.540104700332));
#3699 = CARTESIAN_POINT('',(-68.5000027544,-0.171037859864,
    6.532017933874));
#3700 = CARTESIAN_POINT('',(-68.49960453844,-0.283527858307,
    6.514053736298));
#3701 = CARTESIAN_POINT('',(-68.49901310946,-0.392698276887,
    6.486780878342));
#3702 = CARTESIAN_POINT('',(-68.4982667641,-0.497157833339,
    6.451152391191));
#3703 = CARTESIAN_POINT('',(-68.49627589523,-0.726072322925,
    6.352092245777));
#3704 = CARTESIAN_POINT('',(-68.49494694789,-0.846271777936,
    6.283330068363));
#3705 = CARTESIAN_POINT('',(-68.49350546743,-0.955718999218,
    6.204292411762));
#3706 = CARTESIAN_POINT('',(-68.49202994188,-1.054092051302,
    6.116811333733));
#3707 = CARTESIAN_POINT('',(-68.49058893936,-1.141272156582,
    6.022521844183));
#3708 = CARTESIAN_POINT('',(-68.48923792458,-1.21728878974,
    5.922897825203));
#3709 = CARTESIAN_POINT('',(-68.48801854353,-1.282285975006,
    5.81927397127));
#3710 = CARTESIAN_POINT('',(-68.48615435774,-1.377812711859,
    5.631792193964));
#3711 = CARTESIAN_POINT('',(-68.4854396456,-1.412978826259,
    5.548884270422));
#3712 = CARTESIAN_POINT('',(-68.48482882728,-1.442117806707,
    5.46452391874));
#3713 = CARTESIAN_POINT('',(-68.48433141228,-1.465324555282,
    5.379055491936));
#3714 = CARTESIAN_POINT('',(-68.48395412557,-1.482675446376,
    5.292784746324));
#3715 = CARTESIAN_POINT('',(-68.4837012007,-1.494224574151,5.20598983155
    ));
#3716 = CARTESIAN_POINT('',(-68.48357467305,-1.5,5.118932280634));
#3717 = CARTESIAN_POINT('',(-68.48357467305,-1.5,4.911622641099));
#3718 = CARTESIAN_POINT('',(-68.48381598936,-1.488983381397,4.7913789938
    ));
#3719 = CARTESIAN_POINT('',(-68.48429850204,-1.466951742194,
    4.671814392911));
#3720 = CARTESIAN_POINT('',(-68.48501474233,-1.433799203036,
    4.553628446009));
#3721 = CARTESIAN_POINT('',(-68.48594905104,-1.389331230221,
    4.437595638377));
#3722 = CARTESIAN_POINT('',(-68.48707609858,-1.333286232914,
    4.324622175311));
#3723 = CARTESIAN_POINT('',(-68.48835876673,-1.26535993457,
    4.215807061789));
#3724 = CARTESIAN_POINT('',(-68.49089676287,-1.118699505823,
    4.026733576339));
#3725 = CARTESIAN_POINT('',(-68.49212545025,-1.043429002977,
    3.94434417241));
#3726 = CARTESIAN_POINT('',(-68.49339782834,-0.959401939576,
    3.866579584897));
#3727 = CARTESIAN_POINT('',(-68.49467115685,-0.866758676331,
    3.794691670976));
#3728 = CARTESIAN_POINT('',(-68.49589507893,-0.765797191903,
    3.729944087235));
#3729 = CARTESIAN_POINT('',(-68.49701446239,-0.656977600722,
    3.673614890856));
#3730 = CARTESIAN_POINT('',(-68.49797358428,-0.540933001881,
    3.627001422583));
#3731 = CARTESIAN_POINT('',(-68.49947316388,-0.295478856519,
    3.555690401259));
#3732 = CARTESIAN_POINT('',(-68.50000744574,-0.166707623389,
    3.531297333228));
#3733 = CARTESIAN_POINT('',(-68.50026965515,-3.436369847404E-02,
    3.519727184003));
#3734 = CARTESIAN_POINT('',(-68.50022594664,9.911500470931E-02,
    3.521728470605));
#3735 = CARTESIAN_POINT('',(-68.49987442831,0.231200422538,
    3.537326243468));
#3736 = CARTESIAN_POINT('',(-68.49924704758,0.359429945999,
    3.565828786706));
#3737 = CARTESIAN_POINT('',(-68.49840241316,0.481560605525,
    3.605834085622));
#3738 = CARTESIAN_POINT('',(-68.49540591165,0.826104953046,
    3.754931738762));
#3739 = CARTESIAN_POINT('',(-68.49280415583,1.023423593335,
    3.892632536098));
#3740 = CARTESIAN_POINT('',(-68.49006712632,1.185642552653,
    4.056343630357));
#3741 = CARTESIAN_POINT('',(-68.48758855079,1.313225686045,
    4.237674767907));
#3742 = CARTESIAN_POINT('',(-68.48560491327,1.407297629472,
    4.430234055108));
#3743 = CARTESIAN_POINT('',(-68.48424946882,1.469193827485,
    4.629178976742));
#3744 = CARTESIAN_POINT('',(-68.48357467305,1.5,4.830788504273));
#3745 = CARTESIAN_POINT('',(-68.48357467305,1.5,5.031868));
#3746 = PCURVE('',#2975,#3747);
#3747 = DEFINITIONAL_REPRESENTATION('',(#3748),#3814);
#3748 = B_SPLINE_CURVE_WITH_KNOTS('',8,(#3749,#3750,#3751,#3752,#3753,
    #3754,#3755,#3756,#3757,#3758,#3759,#3760,#3761,#3762,#3763,#3764,
    #3765,#3766,#3767,#3768,#3769,#3770,#3771,#3772,#3773,#3774,#3775,
    #3776,#3777,#3778,#3779,#3780,#3781,#3782,#3783,#3784,#3785,#3786,
    #3787,#3788,#3789,#3790,#3791,#3792,#3793,#3794,#3795,#3796,#3797,
    #3798,#3799,#3800,#3801,#3802,#3803,#3804,#3805,#3806,#3807,#3808,
    #3809,#3810,#3811,#3812,#3813),.UNSPECIFIED.,.F.,.F.,(9,7,7,7,7,7,7,
    7,7,9),(0.,0.120470650673,0.224061475062,0.306793805225,
    0.416206970672,0.499548287396,0.614651823172,0.710226913371,
    0.806240249106,1.),.UNSPECIFIED.);
#3749 = CARTESIAN_POINT('',(0.,-168.483574673));
#3750 = CARTESIAN_POINT('',(8.376565670271E-02,-168.483574673));
#3751 = CARTESIAN_POINT('',(0.167523244956,-168.4838381317));
#3752 = CARTESIAN_POINT('',(0.251662868711,-168.4843649885));
#3753 = CARTESIAN_POINT('',(0.3365463816,-168.4851461676));
#3754 = CARTESIAN_POINT('',(0.422538641174,-168.4861631254));
#3755 = CARTESIAN_POINT('',(0.510018124085,-168.4873855791));
#3756 = CARTESIAN_POINT('',(0.599393202712,-168.4887684326));
#3757 = CARTESIAN_POINT('',(0.770050945697,-168.4915219529));
#3758 = CARTESIAN_POINT('',(0.851334128619,-168.4928771727));
#3759 = CARTESIAN_POINT('',(0.934777222988,-168.4942674425));
#3760 = CARTESIAN_POINT('',(1.020253482739,-168.4956317307));
#3761 = CARTESIAN_POINT('',(1.107707113421,-168.496899641));
#3762 = CARTESIAN_POINT('',(1.197142098044,-168.497997642));
#3763 = CARTESIAN_POINT('',(1.288624860645,-168.4988569902));
#3764 = CARTESIAN_POINT('',(1.457114595025,-168.4998756609));
#3765 = CARTESIAN_POINT('',(1.532659323438,-168.5001370554));
#3766 = CARTESIAN_POINT('',(1.608515861581,-168.5001827994));
#3767 = CARTESIAN_POINT('',(1.684310967752,-168.5000027544));
#3768 = CARTESIAN_POINT('',(1.759685223714,-168.4996045384));
#3769 = CARTESIAN_POINT('',(1.834260289322,-168.4990131094));
#3770 = CARTESIAN_POINT('',(1.907605437808,-168.4982667641));
#3771 = CARTESIAN_POINT('',(2.073891344142,-168.4962758952));
#3772 = CARTESIAN_POINT('',(2.165640403826,-168.4949469478));
#3773 = CARTESIAN_POINT('',(2.254821935073,-168.4935054674));
#3774 = CARTESIAN_POINT('',(2.341717855024,-168.4920299418));
#3775 = CARTESIAN_POINT('',(2.426550447629,-168.4905889393));
#3776 = CARTESIAN_POINT('',(2.509502577577,-168.4892379245));
#3777 = CARTESIAN_POINT('',(2.590728284229,-168.4880185435));
#3778 = CARTESIAN_POINT('',(2.731005429394,-168.4861543577));
#3779 = CARTESIAN_POINT('',(2.790896789264,-168.4854396456));
#3780 = CARTESIAN_POINT('',(2.850165942728,-168.4848288272));
#3781 = CARTESIAN_POINT('',(2.90894237483,-168.4843314122));
#3782 = CARTESIAN_POINT('',(2.967350231152,-168.4839541255));
#3783 = CARTESIAN_POINT('',(3.025511600873,-168.4837012007));
#3784 = CARTESIAN_POINT('',(3.083549799834,-168.483574673));
#3785 = CARTESIAN_POINT('',(3.221756226191,-168.483574673));
#3786 = CARTESIAN_POINT('',(3.301919355396,-168.4838159893));
#3787 = CARTESIAN_POINT('',(3.382412386989,-168.484298502));
#3788 = CARTESIAN_POINT('',(3.463558617015,-168.4850147423));
#3789 = CARTESIAN_POINT('',(3.545677106646,-168.485949051));
#3790 = CARTESIAN_POINT('',(3.629095310506,-168.4870760985));
#3791 = CARTESIAN_POINT('',(3.71417151846,-168.4883587667));
#3792 = CARTESIAN_POINT('',(3.873695900797,-168.4908967628));
#3793 = CARTESIAN_POINT('',(3.947852269695,-168.4921254502));
#3794 = CARTESIAN_POINT('',(4.023727220747,-168.4933978283));
#3795 = CARTESIAN_POINT('',(4.1013026476,-168.4946711568));
#3796 = CARTESIAN_POINT('',(4.180600050878,-168.4958950789));
#3797 = CARTESIAN_POINT('',(4.261678160585,-168.4970144623));
#3798 = CARTESIAN_POINT('',(4.344639464356,-168.4979735842));
#3799 = CARTESIAN_POINT('',(4.515041602106,-168.4994731638));
#3800 = CARTESIAN_POINT('',(4.602016831274,-168.5000074457));
#3801 = CARTESIAN_POINT('',(4.689845188211,-168.5002696551));
#3802 = CARTESIAN_POINT('',(4.77791889703,-168.5002259466));
#3803 = CARTESIAN_POINT('',(4.865680385413,-168.4998744283));
#3804 = CARTESIAN_POINT('',(4.952552643082,-168.4992470475));
#3805 = CARTESIAN_POINT('',(5.03786810015,-168.4984024131));
#3806 = CARTESIAN_POINT('',(5.28814875824,-168.4954059116));
#3807 = CARTESIAN_POINT('',(5.445335048892,-168.4928041558));
#3808 = CARTESIAN_POINT('',(5.595065826598,-168.4900671263));
#3809 = CARTESIAN_POINT('',(5.738947121553,-168.4875885507));
#3810 = CARTESIAN_POINT('',(5.878430109934,-168.4856049132));
#3811 = CARTESIAN_POINT('',(6.014724885172,-168.4842494688));
#3812 = CARTESIAN_POINT('',(6.149132310028,-168.483574673));
#3813 = CARTESIAN_POINT('',(6.28318530718,-168.483574673));
#3814 = ( GEOMETRIC_REPRESENTATION_CONTEXT(2) 
PARAMETRIC_REPRESENTATION_CONTEXT() REPRESENTATION_CONTEXT('2D SPACE',''
  ) );
#3815 = PCURVE('',#3432,#3816);
#3816 = DEFINITIONAL_REPRESENTATION('',(#3817),#3883);
#3817 = B_SPLINE_CURVE_WITH_KNOTS('',8,(#3818,#3819,#3820,#3821,#3822,
    #3823,#3824,#3825,#3826,#3827,#3828,#3829,#3830,#3831,#3832,#3833,
    #3834,#3835,#3836,#3837,#3838,#3839,#3840,#3841,#3842,#3843,#3844,
    #3845,#3846,#3847,#3848,#3849,#3850,#3851,#3852,#3853,#3854,#3855,
    #3856,#3857,#3858,#3859,#3860,#3861,#3862,#3863,#3864,#3865,#3866,
    #3867,#3868,#3869,#3870,#3871,#3872,#3873,#3874,#3875,#3876,#3877,
    #3878,#3879,#3880,#3881,#3882),.UNSPECIFIED.,.F.,.F.,(9,7,7,7,7,7,7,
    7,7,9),(0.,0.120470650673,0.224061475062,0.306793805225,
    0.416206970672,0.499548287396,0.614651823172,0.710226913371,
    0.806240249106,1.),.UNSPECIFIED.);
#3818 = CARTESIAN_POINT('',(-3.119693092942,-5.031868));
#3819 = CARTESIAN_POINT('',(-3.119693092942,-5.157516485054));
#3820 = CARTESIAN_POINT('',(-3.11986873328,-5.283152969642));
#3821 = CARTESIAN_POINT('',(-3.120219966249,-5.4080185982));
#3822 = CARTESIAN_POINT('',(-3.12074864749,-5.531315004823));
#3823 = CARTESIAN_POINT('',(-3.121458154223,-5.6521463159));
#3824 = CARTESIAN_POINT('',(-3.122353002509,-5.769456857041));
#3825 = CARTESIAN_POINT('',(-3.123438353699,-5.881953799913));
#3826 = CARTESIAN_POINT('',(-3.125820765965,-6.079194876341));
#3827 = CARTESIAN_POINT('',(-3.127075527708,-6.166336561335));
#3828 = CARTESIAN_POINT('',(-3.128482713315,-6.247589418518));
#3829 = CARTESIAN_POINT('',(-3.130037172826,-6.321168295809));
#3830 = CARTESIAN_POINT('',(-3.131729807026,-6.385350334061));
#3831 = CARTESIAN_POINT('',(-3.133547752272,-6.438479696576));
#3832 = CARTESIAN_POINT('',(-3.135474421529,-6.478969204213));
#3833 = CARTESIAN_POINT('',(-3.139098656082,-6.526326946097));
#3834 = CARTESIAN_POINT('',(-3.140749871316,-6.538135298938));
#3835 = CARTESIAN_POINT('',(-3.142421191706,-6.540104700332));
#3836 = CARTESIAN_POINT('',(-3.144089551089,-6.532017933874));
#3837 = CARTESIAN_POINT('',(-3.145731745251,-6.514053736298));
#3838 = CARTESIAN_POINT('',(-3.147325493226,-6.486780878342));
#3839 = CARTESIAN_POINT('',(-3.148850487391,-6.451152391191));
#3840 = CARTESIAN_POINT('',(-3.152192431138,-6.352092245777));
#3841 = CARTESIAN_POINT('',(-3.153947270034,-6.283330068363));
#3842 = CARTESIAN_POINT('',(-3.155545172881,-6.204292411762));
#3843 = CARTESIAN_POINT('',(-3.156981433394,-6.116811333733));
#3844 = CARTESIAN_POINT('',(-3.158254307336,-6.022521844183));
#3845 = CARTESIAN_POINT('',(-3.159364213617,-5.922897825203));
#3846 = CARTESIAN_POINT('',(-3.160313244294,-5.81927397127));
#3847 = CARTESIAN_POINT('',(-3.161708060714,-5.631792193964));
#3848 = CARTESIAN_POINT('',(-3.162221540517,-5.548884270422));
#3849 = CARTESIAN_POINT('',(-3.162647020404,-5.46452391874));
#3850 = CARTESIAN_POINT('',(-3.162985882812,-5.379055491936));
#3851 = CARTESIAN_POINT('',(-3.163239240386,-5.292784746324));
#3852 = CARTESIAN_POINT('',(-3.163407881242,-5.20598983155));
#3853 = CARTESIAN_POINT('',(-3.163492214238,-5.118932280634));
#3854 = CARTESIAN_POINT('',(-3.163492214238,-4.911622641099));
#3855 = CARTESIAN_POINT('',(-3.1633313491,-4.7913789938));
#3856 = CARTESIAN_POINT('',(-3.163009642229,-4.671814392911));
#3857 = CARTESIAN_POINT('',(-3.162525550631,-4.553628446009));
#3858 = CARTESIAN_POINT('',(-3.161876240105,-4.437595638377));
#3859 = CARTESIAN_POINT('',(-3.161057900352,-4.324622175311));
#3860 = CARTESIAN_POINT('',(-3.160066100001,-4.215807061789));
#3861 = CARTESIAN_POINT('',(-3.157924751279,-4.026733576339));
#3862 = CARTESIAN_POINT('',(-3.156825765988,-3.94434417241));
#3863 = CARTESIAN_POINT('',(-3.155598954308,-3.866579584897));
#3864 = CARTESIAN_POINT('',(-3.154246373045,-3.794691670976));
#3865 = CARTESIAN_POINT('',(-3.152772378866,-3.729944087235));
#3866 = CARTESIAN_POINT('',(-3.151183692731,-3.673614890856));
#3867 = CARTESIAN_POINT('',(-3.149489557098,-3.627001422583));
#3868 = CARTESIAN_POINT('',(-3.145906218031,-3.555690401259));
#3869 = CARTESIAN_POINT('',(-3.144026333303,-3.531297333228));
#3870 = CARTESIAN_POINT('',(-3.142094309412,-3.519727184003));
#3871 = CARTESIAN_POINT('',(-3.140145725296,-3.521728470605));
#3872 = CARTESIAN_POINT('',(-3.138217473853,-3.537326243468));
#3873 = CARTESIAN_POINT('',(-3.136345494445,-3.565828786706));
#3874 = CARTESIAN_POINT('',(-3.134562525156,-3.605834085622));
#3875 = CARTESIAN_POINT('',(-3.129532490447,-3.754931738762));
#3876 = CARTESIAN_POINT('',(-3.126651705021,-3.892632536098));
#3877 = CARTESIAN_POINT('',(-3.12428322882,-4.056343630357));
#3878 = CARTESIAN_POINT('',(-3.122420354047,-4.237674767907));
#3879 = CARTESIAN_POINT('',(-3.121046736953,-4.430234055108));
#3880 = CARTESIAN_POINT('',(-3.12014292592,-4.629178976742));
#3881 = CARTESIAN_POINT('',(-3.119693092942,-4.830788504273));
#3882 = CARTESIAN_POINT('',(-3.119693092942,-5.031868));
#3883 = ( GEOMETRIC_REPRESENTATION_CONTEXT(2) 
PARAMETRIC_REPRESENTATION_CONTEXT() REPRESENTATION_CONTEXT('2D SPACE',''
  ) );
#3884 = ORIENTED_EDGE('',*,*,#3885,.T.);
#3885 = EDGE_CURVE('',#3677,#2836,#3886,.T.);
#3886 = SEAM_CURVE('',#3887,(#3891,#3898),.PCURVE_S1.);
#3887 = LINE('',#3888,#3889);
#3888 = CARTESIAN_POINT('',(100.,1.5,5.031868));
#3889 = VECTOR('',#3890,1.);
#3890 = DIRECTION('',(-1.,-0.,-0.));
#3891 = PCURVE('',#2975,#3892);
#3892 = DEFINITIONAL_REPRESENTATION('',(#3893),#3897);
#3893 = LINE('',#3894,#3895);
#3894 = CARTESIAN_POINT('',(6.28318530718,0.));
#3895 = VECTOR('',#3896,1.);
#3896 = DIRECTION('',(0.,-1.));
#3897 = ( GEOMETRIC_REPRESENTATION_CONTEXT(2) 
PARAMETRIC_REPRESENTATION_CONTEXT() REPRESENTATION_CONTEXT('2D SPACE',''
  ) );
#3898 = PCURVE('',#2975,#3899);
#3899 = DEFINITIONAL_REPRESENTATION('',(#3900),#3904);
#3900 = LINE('',#3901,#3902);
#3901 = CARTESIAN_POINT('',(0.,0.));
#3902 = VECTOR('',#3903,1.);
#3903 = DIRECTION('',(0.,-1.));
#3904 = ( GEOMETRIC_REPRESENTATION_CONTEXT(2) 
PARAMETRIC_REPRESENTATION_CONTEXT() REPRESENTATION_CONTEXT('2D SPACE',''
  ) );
#3905 = ORIENTED_EDGE('',*,*,#2835,.T.);
#3906 = ORIENTED_EDGE('',*,*,#3885,.F.);
#3907 = ADVANCED_FACE('',(#3908),#3149,.F.);
#3908 = FACE_BOUND('',#3909,.F.);
#3909 = EDGE_LOOP('',(#3910,#4056,#4077,#4078));
#3910 = ORIENTED_EDGE('',*,*,#3911,.F.);
#3911 = EDGE_CURVE('',#3912,#3912,#3914,.T.);
#3912 = VERTEX_POINT('',#3913);
#3913 = CARTESIAN_POINT('',(1.5,68.483574673056,4.983929));
#3914 = SURFACE_CURVE('',#3915,(#3960,#4008),.PCURVE_S1.);
#3915 = B_SPLINE_CURVE_WITH_KNOTS('',7,(#3916,#3917,#3918,#3919,#3920,
    #3921,#3922,#3923,#3924,#3925,#3926,#3927,#3928,#3929,#3930,#3931,
    #3932,#3933,#3934,#3935,#3936,#3937,#3938,#3939,#3940,#3941,#3942,
    #3943,#3944,#3945,#3946,#3947,#3948,#3949,#3950,#3951,#3952,#3953,
    #3954,#3955,#3956,#3957,#3958,#3959),.UNSPECIFIED.,.T.,.F.,(8,6,6,6,
    6,6,6,8),(0.,0.152027715997,0.285911235342,0.42238929034,
    0.58769372346,0.713892159814,0.838332186317,1.),.UNSPECIFIED.);
#3916 = CARTESIAN_POINT('',(1.5,68.483574673056,4.983929));
#3917 = CARTESIAN_POINT('',(1.5,68.483574673056,5.163508961592));
#3918 = CARTESIAN_POINT('',(1.474918364873,68.484124010813,
    5.343073126519));
#3919 = CARTESIAN_POINT('',(1.424756685649,68.485222844402,
    5.520315190923));
#3920 = CARTESIAN_POINT('',(1.348835302291,68.486827496197,
    5.692635176941));
#3921 = CARTESIAN_POINT('',(1.246102670887,68.488846730911,
    5.856691313975));
#3922 = CARTESIAN_POINT('',(1.115401423654,68.491103437506,
    6.007943034491));
#3923 = CARTESIAN_POINT('',(0.815878549671,68.495284641892,
    6.255729905314));
#3924 = CARTESIAN_POINT('',(0.649080785794,68.497277724059,
    6.360270400628));
#3925 = CARTESIAN_POINT('',(0.459101131486,68.499032189254,
    6.441849046876));
#3926 = CARTESIAN_POINT('',(0.252753641248,68.500203321142,
    6.492557017191));
#3927 = CARTESIAN_POINT('',(3.904952703619E-02,68.500542654672,
    6.508158135396));
#3928 = CARTESIAN_POINT('',(-0.172414592247,68.500076809316,
    6.488314263946));
#3929 = CARTESIAN_POINT('',(-0.577542899236,68.49787054347,
    6.384294994362));
#3930 = CARTESIAN_POINT('',(-0.764172792607,68.49614181402,
    6.300578695138));
#3931 = CARTESIAN_POINT('',(-0.929471021567,68.494041144461,
    6.192368263482));
#3932 = CARTESIAN_POINT('',(-1.071713014715,68.491844405729,
    6.065456469842));
#3933 = CARTESIAN_POINT('',(-1.190188382033,68.489774413047,
    5.925082360067));
#3934 = CARTESIAN_POINT('',(-1.285044787986,68.487983429008,
    5.77602180226));
#3935 = CARTESIAN_POINT('',(-1.444685291021,68.484819733943,
    5.436768464493));
#3936 = CARTESIAN_POINT('',(-1.500488420717,68.483583540153,
    5.241134643063));
#3937 = CARTESIAN_POINT('',(-1.525494597913,68.482997078026,
    5.040090512807));
#3938 = CARTESIAN_POINT('',(-1.519701100268,68.483130573402,4.8372735212
    ));
#3939 = CARTESIAN_POINT('',(-1.482724857661,68.483987976058,
    4.636636283301));
#3940 = CARTESIAN_POINT('',(-1.414246932577,68.485471939014,
    4.442810208873));
#3941 = CARTESIAN_POINT('',(-1.238279653394,68.488849231725,
    4.122726916296));
#3942 = CARTESIAN_POINT('',(-1.142479044392,68.490589002223,
    3.988836694394));
#3943 = CARTESIAN_POINT('',(-1.026422200979,68.492527013938,
    3.863389677903));
#3944 = CARTESIAN_POINT('',(-0.890192735331,68.494529397877,
    3.750416801314));
#3945 = CARTESIAN_POINT('',(-0.7345978325,68.496411813665,3.654211982277
    ));
#3946 = CARTESIAN_POINT('',(-0.561258512127,68.497959225713,
    3.579381885673));
#3947 = CARTESIAN_POINT('',(-0.187433799736,68.499995017044,
    3.483400013104));
#3948 = CARTESIAN_POINT('',(8.116062693094E-03,68.500473083058,
    3.462676213741));
#3949 = CARTESIAN_POINT('',(0.206536589776,68.500267793085,
    3.472331027709));
#3950 = CARTESIAN_POINT('',(0.399841083735,68.499343567893,
    3.512488065135));
#3951 = CARTESIAN_POINT('',(0.580431713377,68.49787191886,3.580100803943
    ));
#3952 = CARTESIAN_POINT('',(0.74222100227,68.496120761884,3.669082157078
    ));
#3953 = CARTESIAN_POINT('',(1.062855019804,68.491993472248,
    3.902036406742));
#3954 = CARTESIAN_POINT('',(1.211698327243,68.489518237999,
    4.058392828147));
#3955 = CARTESIAN_POINT('',(1.328526112252,68.487255627712,
    4.230696708784));
#3956 = CARTESIAN_POINT('',(1.414729895683,68.485442597833,
    4.413191737787));
#3957 = CARTESIAN_POINT('',(1.471581226735,68.484197069991,
    4.601599485281));
#3958 = CARTESIAN_POINT('',(1.5,68.483574673056,4.792780091151));
#3959 = CARTESIAN_POINT('',(1.5,68.483574673056,4.983929));
#3960 = PCURVE('',#3149,#3961);
#3961 = DEFINITIONAL_REPRESENTATION('',(#3962),#4007);
#3962 = B_SPLINE_CURVE_WITH_KNOTS('',7,(#3963,#3964,#3965,#3966,#3967,
    #3968,#3969,#3970,#3971,#3972,#3973,#3974,#3975,#3976,#3977,#3978,
    #3979,#3980,#3981,#3982,#3983,#3984,#3985,#3986,#3987,#3988,#3989,
    #3990,#3991,#3992,#3993,#3994,#3995,#3996,#3997,#3998,#3999,#4000,
    #4001,#4002,#4003,#4004,#4005,#4006),.UNSPECIFIED.,.F.,.F.,(8,6,6,6,
    6,6,6,8),(0.,0.152027715997,0.285911235342,0.42238929034,
    0.58769372346,0.713892159814,0.838332186317,1.),.UNSPECIFIED.);
#3963 = CARTESIAN_POINT('',(0.,-168.483574673));
#3964 = CARTESIAN_POINT('',(0.119719974394,-168.483574673));
#3965 = CARTESIAN_POINT('',(0.239428762444,-168.4841240108));
#3966 = CARTESIAN_POINT('',(0.360395830388,-168.4852228444));
#3967 = CARTESIAN_POINT('',(0.483675847508,-168.4868274961));
#3968 = CARTESIAN_POINT('',(0.610432720173,-168.4888467309));
#3969 = CARTESIAN_POINT('',(0.741845638663,-168.4911034375));
#3970 = CARTESIAN_POINT('',(1.001000063147,-168.4952846418));
#3971 = CARTESIAN_POINT('',(1.131105560895,-168.497277724));
#3972 = CARTESIAN_POINT('',(1.266272435173,-168.4990321892));
#3973 = CARTESIAN_POINT('',(1.40449121924,-168.5002033211));
#3974 = CARTESIAN_POINT('',(1.544202453638,-168.5005426546));
#3975 = CARTESIAN_POINT('',(1.684038718575,-168.5000768093));
#3976 = CARTESIAN_POINT('',(1.96288471635,-168.4978705434));
#3977 = CARTESIAN_POINT('',(2.097276046775,-168.496141814));
#3978 = CARTESIAN_POINT('',(2.226504510443,-168.4940411444));
#3979 = CARTESIAN_POINT('',(2.351219750933,-168.4918444057));
#3980 = CARTESIAN_POINT('',(2.471888027005,-168.489774413));
#3981 = CARTESIAN_POINT('',(2.588728658027,-168.487983429));
#3982 = CARTESIAN_POINT('',(2.838686803319,-168.4848197339));
#3983 = CARTESIAN_POINT('',(2.972536978926,-168.4835835401));
#3984 = CARTESIAN_POINT('',(3.105097667001,-168.482997078));
#3985 = CARTESIAN_POINT('',(3.237540289018,-168.4831305734));
#3986 = CARTESIAN_POINT('',(3.370932606727,-168.483987976));
#3987 = CARTESIAN_POINT('',(3.506159048502,-168.485471939));
#3988 = CARTESIAN_POINT('',(3.749668388984,-168.4888492317));
#3989 = CARTESIAN_POINT('',(3.858655508961,-168.4905890022));
#3990 = CARTESIAN_POINT('',(3.971131402692,-168.4925270139));
#3991 = CARTESIAN_POINT('',(4.087202733631,-168.4945293978));
#3992 = CARTESIAN_POINT('',(4.207173267433,-168.4964118136));
#3993 = CARTESIAN_POINT('',(4.331508981093,-168.4979592257));
#3994 = CARTESIAN_POINT('',(4.588809009557,-168.499995017));
#3995 = CARTESIAN_POINT('',(4.718515186544,-168.500473083));
#3996 = CARTESIAN_POINT('',(4.848446772357,-168.500267793));
#3997 = CARTESIAN_POINT('',(4.977289617185,-168.4993435678));
#3998 = CARTESIAN_POINT('',(5.103660022307,-168.4978719188));
#3999 = CARTESIAN_POINT('',(5.225788725186,-168.4961207618));
#4000 = CARTESIAN_POINT('',(5.490005686234,-168.4919934722));
#4001 = CARTESIAN_POINT('',(5.631554204267,-168.4895182379));
#4002 = CARTESIAN_POINT('',(5.767510487439,-168.4872556277));
#4003 = CARTESIAN_POINT('',(5.899310958782,-168.4854425978));
#4004 = CARTESIAN_POINT('',(6.028299716354,-168.4841970699));
#4005 = CARTESIAN_POINT('',(6.15575270128,-168.483574673));
#4006 = CARTESIAN_POINT('',(6.28318530718,-168.483574673));
#4007 = ( GEOMETRIC_REPRESENTATION_CONTEXT(2) 
PARAMETRIC_REPRESENTATION_CONTEXT() REPRESENTATION_CONTEXT('2D SPACE',''
  ) );
#4008 = PCURVE('',#3432,#4009);
#4009 = DEFINITIONAL_REPRESENTATION('',(#4010),#4055);
#4010 = B_SPLINE_CURVE_WITH_KNOTS('',7,(#4011,#4012,#4013,#4014,#4015,
    #4016,#4017,#4018,#4019,#4020,#4021,#4022,#4023,#4024,#4025,#4026,
    #4027,#4028,#4029,#4030,#4031,#4032,#4033,#4034,#4035,#4036,#4037,
    #4038,#4039,#4040,#4041,#4042,#4043,#4044,#4045,#4046,#4047,#4048,
    #4049,#4050,#4051,#4052,#4053,#4054),.UNSPECIFIED.,.T.,.F.,(8,6,6,6,
    6,6,6,8),(0.,0.152027715997,0.285911235342,0.42238929034,
    0.58769372346,0.713892159814,0.838332186317,1.),.UNSPECIFIED.);
#4011 = CARTESIAN_POINT('',(-1.548896766147,-4.983929));
#4012 = CARTESIAN_POINT('',(-1.548896766147,-5.163508961592));
#4013 = CARTESIAN_POINT('',(-1.549263009221,-5.343073126519));
#4014 = CARTESIAN_POINT('',(-1.549995472163,-5.520315190924));
#4015 = CARTESIAN_POINT('',(-1.551104060765,-5.692635176941));
#4016 = CARTESIAN_POINT('',(-1.552604093156,-5.856691313975));
#4017 = CARTESIAN_POINT('',(-1.554512414517,-6.007943034491));
#4018 = CARTESIAN_POINT('',(-1.558885437238,-6.255729905314));
#4019 = CARTESIAN_POINT('',(-1.561320609808,-6.360270400627));
#4020 = CARTESIAN_POINT('',(-1.564094137834,-6.441849046876));
#4021 = CARTESIAN_POINT('',(-1.567106517895,-6.492557017191));
#4022 = CARTESIAN_POINT('',(-1.570226252732,-6.508158135396));
#4023 = CARTESIAN_POINT('',(-1.57331331163,-6.488314263946));
#4024 = CARTESIAN_POINT('',(-1.579227681183,-6.384294994362));
#4025 = CARTESIAN_POINT('',(-1.581952302173,-6.300578695138));
#4026 = CARTESIAN_POINT('',(-1.58436558989,-6.192368263482));
#4027 = CARTESIAN_POINT('',(-1.586442354815,-6.065456469842));
#4028 = CARTESIAN_POINT('',(-1.588172183144,-5.925082360067));
#4029 = CARTESIAN_POINT('',(-1.589557194433,-5.77602180226));
#4030 = CARTESIAN_POINT('',(-1.591888170322,-5.436768464493));
#4031 = CARTESIAN_POINT('',(-1.592703012208,-5.241134643063));
#4032 = CARTESIAN_POINT('',(-1.593068167198,-5.040090512807));
#4033 = CARTESIAN_POINT('',(-1.59298356794,-4.8372735212));
#4034 = CARTESIAN_POINT('',(-1.592443622927,-4.636636283301));
#4035 = CARTESIAN_POINT('',(-1.591443713549,-4.442810208873));
#4036 = CARTESIAN_POINT('',(-1.588874375068,-4.122726916296));
#4037 = CARTESIAN_POINT('',(-1.587475596157,-3.988836694394));
#4038 = CARTESIAN_POINT('',(-1.585781102583,-3.863389677903));
#4039 = CARTESIAN_POINT('',(-1.583792144273,-3.750416801314));
#4040 = CARTESIAN_POINT('',(-1.581520535886,-3.654211982277));
#4041 = CARTESIAN_POINT('',(-1.578989949379,-3.579381885673));
#4042 = CARTESIAN_POINT('',(-1.573532573384,-3.483400013104));
#4043 = CARTESIAN_POINT('',(-1.570677835079,-3.462676213741));
#4044 = CARTESIAN_POINT('',(-1.567781212406,-3.472331027709));
#4045 = CARTESIAN_POINT('',(-1.564959249744,-3.512488065135));
#4046 = CARTESIAN_POINT('',(-1.562322817649,-3.580100803943));
#4047 = CARTESIAN_POINT('',(-1.559960796938,-3.669082157078));
#4048 = CARTESIAN_POINT('',(-1.555279620584,-3.902036406742));
#4049 = CARTESIAN_POINT('',(-1.553106440508,-4.058392828147));
#4050 = CARTESIAN_POINT('',(-1.551400611148,-4.230696708784));
#4051 = CARTESIAN_POINT('',(-1.550141883762,-4.413191737787));
#4052 = CARTESIAN_POINT('',(-1.549311738253,-4.601599485281));
#4053 = CARTESIAN_POINT('',(-1.548896766147,-4.792780091151));
#4054 = CARTESIAN_POINT('',(-1.548896766147,-4.983929));
#4055 = ( GEOMETRIC_REPRESENTATION_CONTEXT(2) 
PARAMETRIC_REPRESENTATION_CONTEXT() REPRESENTATION_CONTEXT('2D SPACE',''
  ) );
#4056 = ORIENTED_EDGE('',*,*,#4057,.T.);
#4057 = EDGE_CURVE('',#3912,#3052,#4058,.T.);
#4058 = SEAM_CURVE('',#4059,(#4063,#4070),.PCURVE_S1.);
#4059 = LINE('',#4060,#4061);
#4060 = CARTESIAN_POINT('',(1.5,-100.,4.983929));
#4061 = VECTOR('',#4062,1.);
#4062 = DIRECTION('',(0.,1.,-2.22044604925E-16));
#4063 = PCURVE('',#3149,#4064);
#4064 = DEFINITIONAL_REPRESENTATION('',(#4065),#4069);
#4065 = LINE('',#4066,#4067);
#4066 = CARTESIAN_POINT('',(6.28318530718,0.));
#4067 = VECTOR('',#4068,1.);
#4068 = DIRECTION('',(0.,-1.));
#4069 = ( GEOMETRIC_REPRESENTATION_CONTEXT(2) 
PARAMETRIC_REPRESENTATION_CONTEXT() REPRESENTATION_CONTEXT('2D SPACE',''
  ) );
#4070 = PCURVE('',#3149,#4071);
#4071 = DEFINITIONAL_REPRESENTATION('',(#4072),#4076);
#4072 = LINE('',#4073,#4074);
#4073 = CARTESIAN_POINT('',(0.,0.));
#4074 = VECTOR('',#4075,1.);
#4075 = DIRECTION('',(0.,-1.));
#4076 = ( GEOMETRIC_REPRESENTATION_CONTEXT(2) 
PARAMETRIC_REPRESENTATION_CONTEXT() REPRESENTATION_CONTEXT('2D SPACE',''
  ) );
#4077 = ORIENTED_EDGE('',*,*,#3051,.T.);
#4078 = ORIENTED_EDGE('',*,*,#4057,.F.);
#4079 = ADVANCED_FACE('',(#4080),#3302,.F.);
#4080 = FACE_BOUND('',#4081,.F.);
#4081 = EDGE_LOOP('',(#4082,#4083,#4106,#4250));
#4082 = ORIENTED_EDGE('',*,*,#3204,.F.);
#4083 = ORIENTED_EDGE('',*,*,#4084,.T.);
#4084 = EDGE_CURVE('',#3205,#4085,#4087,.T.);
#4085 = VERTEX_POINT('',#4086);
#4086 = CARTESIAN_POINT('',(1.5,-68.48357467305,4.983929));
#4087 = SEAM_CURVE('',#4088,(#4092,#4099),.PCURVE_S1.);
#4088 = LINE('',#4089,#4090);
#4089 = CARTESIAN_POINT('',(1.5,-100.,4.983929));
#4090 = VECTOR('',#4091,1.);
#4091 = DIRECTION('',(0.,1.,-2.22044604925E-16));
#4092 = PCURVE('',#3302,#4093);
#4093 = DEFINITIONAL_REPRESENTATION('',(#4094),#4098);
#4094 = LINE('',#4095,#4096);
#4095 = CARTESIAN_POINT('',(6.28318530718,0.));
#4096 = VECTOR('',#4097,1.);
#4097 = DIRECTION('',(0.,-1.));
#4098 = ( GEOMETRIC_REPRESENTATION_CONTEXT(2) 
PARAMETRIC_REPRESENTATION_CONTEXT() REPRESENTATION_CONTEXT('2D SPACE',''
  ) );
#4099 = PCURVE('',#3302,#4100);
#4100 = DEFINITIONAL_REPRESENTATION('',(#4101),#4105);
#4101 = LINE('',#4102,#4103);
#4102 = CARTESIAN_POINT('',(0.,0.));
#4103 = VECTOR('',#4104,1.);
#4104 = DIRECTION('',(0.,-1.));
#4105 = ( GEOMETRIC_REPRESENTATION_CONTEXT(2) 
PARAMETRIC_REPRESENTATION_CONTEXT() REPRESENTATION_CONTEXT('2D SPACE',''
  ) );
#4106 = ORIENTED_EDGE('',*,*,#4107,.T.);
#4107 = EDGE_CURVE('',#4085,#4085,#4108,.T.);
#4108 = SURFACE_CURVE('',#4109,(#4154,#4202),.PCURVE_S1.);
#4109 = B_SPLINE_CURVE_WITH_KNOTS('',7,(#4110,#4111,#4112,#4113,#4114,
    #4115,#4116,#4117,#4118,#4119,#4120,#4121,#4122,#4123,#4124,#4125,
    #4126,#4127,#4128,#4129,#4130,#4131,#4132,#4133,#4134,#4135,#4136,
    #4137,#4138,#4139,#4140,#4141,#4142,#4143,#4144,#4145,#4146,#4147,
    #4148,#4149,#4150,#4151,#4152,#4153),.UNSPECIFIED.,.T.,.F.,(8,6,6,6,
    6,6,6,8),(0.,0.152027715918,0.285911235431,0.42238929039,
    0.587693723452,0.71389215977,0.838332186387,1.),.UNSPECIFIED.);
#4110 = CARTESIAN_POINT('',(1.5,-68.48357467305,4.983929));
#4111 = CARTESIAN_POINT('',(1.5,-68.48357467305,5.163508961592));
#4112 = CARTESIAN_POINT('',(1.474918364873,-68.48412401081,
    5.343073126519));
#4113 = CARTESIAN_POINT('',(1.424756685649,-68.4852228444,5.520315190924
    ));
#4114 = CARTESIAN_POINT('',(1.348835302291,-68.48682749619,
    5.692635176941));
#4115 = CARTESIAN_POINT('',(1.246102670887,-68.48884673091,
    5.856691313975));
#4116 = CARTESIAN_POINT('',(1.115401423654,-68.4911034375,6.007943034491
    ));
#4117 = CARTESIAN_POINT('',(0.815878549422,-68.49528464189,6.25572990552
    ));
#4118 = CARTESIAN_POINT('',(0.649080786022,-68.49727772405,
    6.360270400319));
#4119 = CARTESIAN_POINT('',(0.459101131791,-68.49903218925,
    6.441849046935));
#4120 = CARTESIAN_POINT('',(0.252753640959,-68.50020332114,
    6.492557017372));
#4121 = CARTESIAN_POINT('',(3.904952674362E-02,-68.50054265466,
    6.508158135215));
#4122 = CARTESIAN_POINT('',(-0.172414591937,-68.50007680931,
    6.488314264026));
#4123 = CARTESIAN_POINT('',(-0.577542899236,-68.49787054347,
    6.384294994362));
#4124 = CARTESIAN_POINT('',(-0.764172792607,-68.49614181402,
    6.300578695138));
#4125 = CARTESIAN_POINT('',(-0.929471021567,-68.49404114446,
    6.192368263482));
#4126 = CARTESIAN_POINT('',(-1.071713014716,-68.49184440572,
    6.065456469842));
#4127 = CARTESIAN_POINT('',(-1.190188382032,-68.48977441304,
    5.925082360067));
#4128 = CARTESIAN_POINT('',(-1.285044787986,-68.487983429,5.77602180226)
  );
#4129 = CARTESIAN_POINT('',(-1.444685291015,-68.48481973394,
    5.436768464506));
#4130 = CARTESIAN_POINT('',(-1.500488420715,-68.48358354015,
    5.241134643077));
#4131 = CARTESIAN_POINT('',(-1.525494597916,-68.48299707802,
    5.040090512812));
#4132 = CARTESIAN_POINT('',(-1.51970110027,-68.4831305734,4.837273521195
    ));
#4133 = CARTESIAN_POINT('',(-1.482724857658,-68.48398797605,
    4.636636283287));
#4134 = CARTESIAN_POINT('',(-1.41424693257,-68.48547193901,
    4.442810208861));
#4135 = CARTESIAN_POINT('',(-1.238279653394,-68.48884923172,
    4.122726916296));
#4136 = CARTESIAN_POINT('',(-1.142479044392,-68.49058900222,
    3.988836694394));
#4137 = CARTESIAN_POINT('',(-1.026422200979,-68.49252701393,
    3.863389677903));
#4138 = CARTESIAN_POINT('',(-0.890192735331,-68.49452939787,
    3.750416801315));
#4139 = CARTESIAN_POINT('',(-0.7345978325,-68.49641181366,3.654211982277
    ));
#4140 = CARTESIAN_POINT('',(-0.561258512127,-68.49795922571,
    3.579381885673));
#4141 = CARTESIAN_POINT('',(-0.187433799513,-68.49999501704,
    3.483400013047));
#4142 = CARTESIAN_POINT('',(8.11606247601E-03,-68.50047308305,
    3.462676213865));
#4143 = CARTESIAN_POINT('',(0.206536589585,-68.50026779308,
    3.472331027593));
#4144 = CARTESIAN_POINT('',(0.399841083935,-68.49934356789,3.51248806509
    ));
#4145 = CARTESIAN_POINT('',(0.580431713556,-68.49787191885,
    3.580100804149));
#4146 = CARTESIAN_POINT('',(0.742221002082,-68.49612076188,
    3.669082156942));
#4147 = CARTESIAN_POINT('',(1.062855019804,-68.49199347224,
    3.902036406742));
#4148 = CARTESIAN_POINT('',(1.211698327243,-68.48951823799,
    4.058392828147));
#4149 = CARTESIAN_POINT('',(1.328526112251,-68.48725562771,
    4.230696708783));
#4150 = CARTESIAN_POINT('',(1.414729895683,-68.48544259783,
    4.413191737787));
#4151 = CARTESIAN_POINT('',(1.471581226735,-68.48419706999,
    4.601599485282));
#4152 = CARTESIAN_POINT('',(1.5,-68.48357467305,4.792780091151));
#4153 = CARTESIAN_POINT('',(1.5,-68.48357467305,4.983929));
#4154 = PCURVE('',#3302,#4155);
#4155 = DEFINITIONAL_REPRESENTATION('',(#4156),#4201);
#4156 = B_SPLINE_CURVE_WITH_KNOTS('',7,(#4157,#4158,#4159,#4160,#4161,
    #4162,#4163,#4164,#4165,#4166,#4167,#4168,#4169,#4170,#4171,#4172,
    #4173,#4174,#4175,#4176,#4177,#4178,#4179,#4180,#4181,#4182,#4183,
    #4184,#4185,#4186,#4187,#4188,#4189,#4190,#4191,#4192,#4193,#4194,
    #4195,#4196,#4197,#4198,#4199,#4200),.UNSPECIFIED.,.F.,.F.,(8,6,6,6,
    6,6,6,8),(0.,0.152027715918,0.285911235431,0.42238929039,
    0.587693723452,0.71389215977,0.838332186387,1.),.UNSPECIFIED.);
#4157 = CARTESIAN_POINT('',(0.,-31.51642532694));
#4158 = CARTESIAN_POINT('',(0.119719974395,-31.51642532694));
#4159 = CARTESIAN_POINT('',(0.239428762444,-31.51587598918));
#4160 = CARTESIAN_POINT('',(0.360395830388,-31.51477715559));
#4161 = CARTESIAN_POINT('',(0.483675847508,-31.5131725038));
#4162 = CARTESIAN_POINT('',(0.610432720172,-31.51115326908));
#4163 = CARTESIAN_POINT('',(0.741845638664,-31.50889656249));
#4164 = CARTESIAN_POINT('',(1.001000063363,-31.5047153581));
#4165 = CARTESIAN_POINT('',(1.131105560647,-31.50272227594));
#4166 = CARTESIAN_POINT('',(1.266272435059,-31.50096781074));
#4167 = CARTESIAN_POINT('',(1.40449121938,-31.49979667885));
#4168 = CARTESIAN_POINT('',(1.544202453857,-31.49945734533));
#4169 = CARTESIAN_POINT('',(1.684038718362,-31.49992319068));
#4170 = CARTESIAN_POINT('',(1.96288471635,-31.50212945653));
#4171 = CARTESIAN_POINT('',(2.097276046775,-31.50385818598));
#4172 = CARTESIAN_POINT('',(2.226504510442,-31.50595885553));
#4173 = CARTESIAN_POINT('',(2.351219750933,-31.50815559427));
#4174 = CARTESIAN_POINT('',(2.471888027004,-31.51022558695));
#4175 = CARTESIAN_POINT('',(2.588728658027,-31.51201657099));
#4176 = CARTESIAN_POINT('',(2.83868680331,-31.51518026605));
#4177 = CARTESIAN_POINT('',(2.972536978917,-31.51641645984));
#4178 = CARTESIAN_POINT('',(3.105097666998,-31.51700292197));
#4179 = CARTESIAN_POINT('',(3.237540289021,-31.51686942659));
#4180 = CARTESIAN_POINT('',(3.370932606736,-31.51601202394));
#4181 = CARTESIAN_POINT('',(3.506159048511,-31.51452806098));
#4182 = CARTESIAN_POINT('',(3.749668388984,-31.51115076827));
#4183 = CARTESIAN_POINT('',(3.858655508961,-31.50941099777));
#4184 = CARTESIAN_POINT('',(3.971131402691,-31.50747298606));
#4185 = CARTESIAN_POINT('',(4.087202733631,-31.50547060212));
#4186 = CARTESIAN_POINT('',(4.207173267432,-31.50358818633));
#4187 = CARTESIAN_POINT('',(4.331508981093,-31.50204077428));
#4188 = CARTESIAN_POINT('',(4.58880900971,-31.50000498295));
#4189 = CARTESIAN_POINT('',(4.718515186383,-31.49952691694));
#4190 = CARTESIAN_POINT('',(4.848446772265,-31.49973220691));
#4191 = CARTESIAN_POINT('',(4.977289617262,-31.5006564321));
#4192 = CARTESIAN_POINT('',(5.103660022486,-31.50212808114));
#4193 = CARTESIAN_POINT('',(5.225788725032,-31.50387923811));
#4194 = CARTESIAN_POINT('',(5.490005686234,-31.50800652775));
#4195 = CARTESIAN_POINT('',(5.631554204267,-31.510481762));
#4196 = CARTESIAN_POINT('',(5.767510487439,-31.51274437228));
#4197 = CARTESIAN_POINT('',(5.899310958782,-31.51455740216));
#4198 = CARTESIAN_POINT('',(6.028299716354,-31.51580293));
#4199 = CARTESIAN_POINT('',(6.15575270128,-31.51642532694));
#4200 = CARTESIAN_POINT('',(6.28318530718,-31.51642532694));
#4201 = ( GEOMETRIC_REPRESENTATION_CONTEXT(2) 
PARAMETRIC_REPRESENTATION_CONTEXT() REPRESENTATION_CONTEXT('2D SPACE',''
  ) );
#4202 = PCURVE('',#3432,#4203);
#4203 = DEFINITIONAL_REPRESENTATION('',(#4204),#4249);
#4204 = B_SPLINE_CURVE_WITH_KNOTS('',7,(#4205,#4206,#4207,#4208,#4209,
    #4210,#4211,#4212,#4213,#4214,#4215,#4216,#4217,#4218,#4219,#4220,
    #4221,#4222,#4223,#4224,#4225,#4226,#4227,#4228,#4229,#4230,#4231,
    #4232,#4233,#4234,#4235,#4236,#4237,#4238,#4239,#4240,#4241,#4242,
    #4243,#4244,#4245,#4246,#4247,#4248),.UNSPECIFIED.,.T.,.F.,(8,6,6,6,
    6,6,6,8),(0.,0.152027715918,0.285911235431,0.42238929039,
    0.587693723452,0.71389215977,0.838332186387,1.),.UNSPECIFIED.);
#4205 = CARTESIAN_POINT('',(-4.734288541033,-4.983929));
#4206 = CARTESIAN_POINT('',(-4.734288541033,-5.163508961592));
#4207 = CARTESIAN_POINT('',(-4.733922297958,-5.343073126519));
#4208 = CARTESIAN_POINT('',(-4.733189835016,-5.520315190924));
#4209 = CARTESIAN_POINT('',(-4.732081246415,-5.692635176941));
#4210 = CARTESIAN_POINT('',(-4.730581214023,-5.856691313975));
#4211 = CARTESIAN_POINT('',(-4.728672892663,-6.007943034491));
#4212 = CARTESIAN_POINT('',(-4.724299869938,-6.25572990552));
#4213 = CARTESIAN_POINT('',(-4.721864697375,-6.360270400319));
#4214 = CARTESIAN_POINT('',(-4.71909116935,-6.441849046935));
#4215 = CARTESIAN_POINT('',(-4.716078789281,-6.492557017372));
#4216 = CARTESIAN_POINT('',(-4.712959054443,-6.508158135215));
#4217 = CARTESIAN_POINT('',(-4.709871995554,-6.488314264026));
#4218 = CARTESIAN_POINT('',(-4.703957625996,-6.384294994362));
#4219 = CARTESIAN_POINT('',(-4.701233005007,-6.300578695138));
#4220 = CARTESIAN_POINT('',(-4.69881971729,-6.192368263482));
#4221 = CARTESIAN_POINT('',(-4.696742952364,-6.065456469842));
#4222 = CARTESIAN_POINT('',(-4.695013124036,-5.925082360067));
#4223 = CARTESIAN_POINT('',(-4.693628112747,-5.77602180226));
#4224 = CARTESIAN_POINT('',(-4.691297136858,-5.436768464506));
#4225 = CARTESIAN_POINT('',(-4.690482294972,-5.241134643077));
#4226 = CARTESIAN_POINT('',(-4.690117139981,-5.040090512812));
#4227 = CARTESIAN_POINT('',(-4.690201739239,-4.837273521195));
#4228 = CARTESIAN_POINT('',(-4.690741684253,-4.636636283287));
#4229 = CARTESIAN_POINT('',(-4.691741593631,-4.442810208861));
#4230 = CARTESIAN_POINT('',(-4.694310932112,-4.122726916296));
#4231 = CARTESIAN_POINT('',(-4.695709711022,-3.988836694394));
#4232 = CARTESIAN_POINT('',(-4.697404204597,-3.863389677903));
#4233 = CARTESIAN_POINT('',(-4.699393162907,-3.750416801314));
#4234 = CARTESIAN_POINT('',(-4.701664771293,-3.654211982277));
#4235 = CARTESIAN_POINT('',(-4.7041953578,-3.579381885673));
#4236 = CARTESIAN_POINT('',(-4.709652733798,-3.483400013047));
#4237 = CARTESIAN_POINT('',(-4.712507472097,-3.462676213865));
#4238 = CARTESIAN_POINT('',(-4.715404094771,-3.472331027593));
#4239 = CARTESIAN_POINT('',(-4.718226057439,-3.51248806509));
#4240 = CARTESIAN_POINT('',(-4.720862489533,-3.580100804149));
#4241 = CARTESIAN_POINT('',(-4.723224510239,-3.669082156942));
#4242 = CARTESIAN_POINT('',(-4.727905686595,-3.902036406742));
#4243 = CARTESIAN_POINT('',(-4.730078866671,-4.058392828147));
#4244 = CARTESIAN_POINT('',(-4.731784696032,-4.230696708784));
#4245 = CARTESIAN_POINT('',(-4.733043423418,-4.413191737787));
#4246 = CARTESIAN_POINT('',(-4.733873568927,-4.601599485282));
#4247 = CARTESIAN_POINT('',(-4.734288541033,-4.792780091151));
#4248 = CARTESIAN_POINT('',(-4.734288541033,-4.983929));
#4249 = ( GEOMETRIC_REPRESENTATION_CONTEXT(2) 
PARAMETRIC_REPRESENTATION_CONTEXT() REPRESENTATION_CONTEXT('2D SPACE',''
  ) );
#4250 = ORIENTED_EDGE('',*,*,#4084,.F.);
#4251 = ADVANCED_FACE('',(#4252,#4303,#4306,#4309),#3432,.F.);
#4252 = FACE_BOUND('',#4253,.T.);
#4253 = EDGE_LOOP('',(#4254,#4275,#4276,#4277,#4278,#4279,#4300,#4301,
    #4302));
#4254 = ORIENTED_EDGE('',*,*,#4255,.F.);
#4255 = EDGE_CURVE('',#3650,#3462,#4256,.T.);
#4256 = SEAM_CURVE('',#4257,(#4261,#4268),.PCURVE_S1.);
#4257 = LINE('',#4258,#4259);
#4258 = CARTESIAN_POINT('',(68.5,0.,0.));
#4259 = VECTOR('',#4260,1.);
#4260 = DIRECTION('',(0.,0.,1.));
#4261 = PCURVE('',#3432,#4262);
#4262 = DEFINITIONAL_REPRESENTATION('',(#4263),#4267);
#4263 = LINE('',#4264,#4265);
#4264 = CARTESIAN_POINT('',(-6.28318530718,0.));
#4265 = VECTOR('',#4266,1.);
#4266 = DIRECTION('',(-0.,-1.));
#4267 = ( GEOMETRIC_REPRESENTATION_CONTEXT(2) 
PARAMETRIC_REPRESENTATION_CONTEXT() REPRESENTATION_CONTEXT('2D SPACE',''
  ) );
#4268 = PCURVE('',#3432,#4269);
#4269 = DEFINITIONAL_REPRESENTATION('',(#4270),#4274);
#4270 = LINE('',#4271,#4272);
#4271 = CARTESIAN_POINT('',(-0.,0.));
#4272 = VECTOR('',#4273,1.);
#4273 = DIRECTION('',(-0.,-1.));
#4274 = ( GEOMETRIC_REPRESENTATION_CONTEXT(2) 
PARAMETRIC_REPRESENTATION_CONTEXT() REPRESENTATION_CONTEXT('2D SPACE',''
  ) );
#4275 = ORIENTED_EDGE('',*,*,#3649,.F.);
#4276 = ORIENTED_EDGE('',*,*,#4255,.T.);
#4277 = ORIENTED_EDGE('',*,*,#3556,.T.);
#4278 = ORIENTED_EDGE('',*,*,#3382,.T.);
#4279 = ORIENTED_EDGE('',*,*,#4280,.T.);
#4280 = EDGE_CURVE('',#3383,#3620,#4281,.T.);
#4281 = SEAM_CURVE('',#4282,(#4286,#4293),.PCURVE_S1.);
#4282 = LINE('',#4283,#4284);
#4283 = CARTESIAN_POINT('',(68.5,0.,0.));
#4284 = VECTOR('',#4285,1.);
#4285 = DIRECTION('',(0.,0.,1.));
#4286 = PCURVE('',#3432,#4287);
#4287 = DEFINITIONAL_REPRESENTATION('',(#4288),#4292);
#4288 = LINE('',#4289,#4290);
#4289 = CARTESIAN_POINT('',(-6.28318530718,0.));
#4290 = VECTOR('',#4291,1.);
#4291 = DIRECTION('',(-0.,-1.));
#4292 = ( GEOMETRIC_REPRESENTATION_CONTEXT(2) 
PARAMETRIC_REPRESENTATION_CONTEXT() REPRESENTATION_CONTEXT('2D SPACE',''
  ) );
#4293 = PCURVE('',#3432,#4294);
#4294 = DEFINITIONAL_REPRESENTATION('',(#4295),#4299);
#4295 = LINE('',#4296,#4297);
#4296 = CARTESIAN_POINT('',(-0.,0.));
#4297 = VECTOR('',#4298,1.);
#4298 = DIRECTION('',(-0.,-1.));
#4299 = ( GEOMETRIC_REPRESENTATION_CONTEXT(2) 
PARAMETRIC_REPRESENTATION_CONTEXT() REPRESENTATION_CONTEXT('2D SPACE',''
  ) );
#4300 = ORIENTED_EDGE('',*,*,#3619,.T.);
#4301 = ORIENTED_EDGE('',*,*,#4280,.F.);
#4302 = ORIENTED_EDGE('',*,*,#3461,.T.);
#4303 = FACE_BOUND('',#4304,.T.);
#4304 = EDGE_LOOP('',(#4305));
#4305 = ORIENTED_EDGE('',*,*,#3676,.F.);
#4306 = FACE_BOUND('',#4307,.T.);
#4307 = EDGE_LOOP('',(#4308));
#4308 = ORIENTED_EDGE('',*,*,#3911,.F.);
#4309 = FACE_BOUND('',#4310,.T.);
#4310 = EDGE_LOOP('',(#4311));
#4311 = ORIENTED_EDGE('',*,*,#4107,.T.);
#4312 = ( GEOMETRIC_REPRESENTATION_CONTEXT(3) 
GLOBAL_UNCERTAINTY_ASSIGNED_CONTEXT((#4316)) 
GLOBAL_UNIT_ASSIGNED_CONTEXT((#4313,#4314,#4315)) REPRESENTATION_CONTEXT
('Context #1','3D Context with UNIT and UNCERTAINTY') );
#4313 = ( LENGTH_UNIT() NAMED_UNIT(*) SI_UNIT(.MILLI.,.METRE.) );
#4314 = ( NAMED_UNIT(*) PLANE_ANGLE_UNIT() SI_UNIT($,.RADIAN.) );
#4315 = ( NAMED_UNIT(*) SI_UNIT($,.STERADIAN.) SOLID_ANGLE_UNIT() );
#4316 = UNCERTAINTY_MEASURE_WITH_UNIT(LENGTH_MEASURE(1.E-07),#4313,
  'distance_accuracy_value','confusion accuracy');
#4317 = CONTEXT_DEPENDENT_SHAPE_REPRESENTATION(#4318,#4320);
#4318 = ( REPRESENTATION_RELATIONSHIP('','',#2489,#10) 
REPRESENTATION_RELATIONSHIP_WITH_TRANSFORMATION(#4319) 
SHAPE_REPRESENTATION_RELATIONSHIP() );
#4319 = ITEM_DEFINED_TRANSFORMATION('','',#11,#19);
#4320 = PRODUCT_DEFINITION_SHAPE('Placement','Placement of an item',
  #4321);
#4321 = NEXT_ASSEMBLY_USAGE_OCCURRENCE('2','container','',#5,#2484,$);
#4322 = PRODUCT_RELATED_PRODUCT_CATEGORY('part',$,(#2486));
#4323 = SHAPE_DEFINITION_REPRESENTATION(#4324,#4330);
#4324 = PRODUCT_DEFINITION_SHAPE('','',#4325);
#4325 = PRODUCT_DEFINITION('design','',#4326,#4329);
#4326 = PRODUCT_DEFINITION_FORMATION('','',#4327);
#4327 = PRODUCT('bulkplate','bulkplate','',(#4328));
#4328 = PRODUCT_CONTEXT('',#2,'mechanical');
#4329 = PRODUCT_DEFINITION_CONTEXT('part definition',#2,'design');
#4330 = ADVANCED_BREP_SHAPE_REPRESENTATION('',(#11,#4331),#4849);
#4331 = MANIFOLD_SOLID_BREP('',#4332);
#4332 = CLOSED_SHELL('',(#4333,#4421,#4499,#4577,#4655,#4733,#4811,#4830
    ));
#4333 = ADVANCED_FACE('',(#4334),#4348,.T.);
#4334 = FACE_BOUND('',#4335,.F.);
#4335 = EDGE_LOOP('',(#4336,#4366,#4393,#4394));
#4336 = ORIENTED_EDGE('',*,*,#4337,.T.);
#4337 = EDGE_CURVE('',#4338,#4340,#4342,.T.);
#4338 = VERTEX_POINT('',#4339);
#4339 = CARTESIAN_POINT('',(65.,0.,0.));
#4340 = VERTEX_POINT('',#4341);
#4341 = CARTESIAN_POINT('',(65.,0.,6.));
#4342 = SEAM_CURVE('',#4343,(#4347,#4359),.PCURVE_S1.);
#4343 = LINE('',#4344,#4345);
#4344 = CARTESIAN_POINT('',(65.,0.,0.));
#4345 = VECTOR('',#4346,1.);
#4346 = DIRECTION('',(0.,0.,1.));
#4347 = PCURVE('',#4348,#4353);
#4348 = CYLINDRICAL_SURFACE('',#4349,65.);
#4349 = AXIS2_PLACEMENT_3D('',#4350,#4351,#4352);
#4350 = CARTESIAN_POINT('',(0.,0.,0.));
#4351 = DIRECTION('',(-0.,-0.,-1.));
#4352 = DIRECTION('',(1.,0.,0.));
#4353 = DEFINITIONAL_REPRESENTATION('',(#4354),#4358);
#4354 = LINE('',#4355,#4356);
#4355 = CARTESIAN_POINT('',(-0.,0.));
#4356 = VECTOR('',#4357,1.);
#4357 = DIRECTION('',(-0.,-1.));
#4358 = ( GEOMETRIC_REPRESENTATION_CONTEXT(2) 
PARAMETRIC_REPRESENTATION_CONTEXT() REPRESENTATION_CONTEXT('2D SPACE',''
  ) );
#4359 = PCURVE('',#4348,#4360);
#4360 = DEFINITIONAL_REPRESENTATION('',(#4361),#4365);
#4361 = LINE('',#4362,#4363);
#4362 = CARTESIAN_POINT('',(-6.28318530718,0.));
#4363 = VECTOR('',#4364,1.);
#4364 = DIRECTION('',(-0.,-1.));
#4365 = ( GEOMETRIC_REPRESENTATION_CONTEXT(2) 
PARAMETRIC_REPRESENTATION_CONTEXT() REPRESENTATION_CONTEXT('2D SPACE',''
  ) );
#4366 = ORIENTED_EDGE('',*,*,#4367,.T.);
#4367 = EDGE_CURVE('',#4340,#4340,#4368,.T.);
#4368 = SURFACE_CURVE('',#4369,(#4374,#4381),.PCURVE_S1.);
#4369 = CIRCLE('',#4370,65.);
#4370 = AXIS2_PLACEMENT_3D('',#4371,#4372,#4373);
#4371 = CARTESIAN_POINT('',(0.,0.,6.));
#4372 = DIRECTION('',(0.,0.,1.));
#4373 = DIRECTION('',(1.,0.,0.));
#4374 = PCURVE('',#4348,#4375);
#4375 = DEFINITIONAL_REPRESENTATION('',(#4376),#4380);
#4376 = LINE('',#4377,#4378);
#4377 = CARTESIAN_POINT('',(-0.,-6.));
#4378 = VECTOR('',#4379,1.);
#4379 = DIRECTION('',(-1.,0.));
#4380 = ( GEOMETRIC_REPRESENTATION_CONTEXT(2) 
PARAMETRIC_REPRESENTATION_CONTEXT() REPRESENTATION_CONTEXT('2D SPACE',''
  ) );
#4381 = PCURVE('',#4382,#4387);
#4382 = PLANE('',#4383);
#4383 = AXIS2_PLACEMENT_3D('',#4384,#4385,#4386);
#4384 = CARTESIAN_POINT('',(-1.469251517231E-04,-2.30795684421E-04,6.));
#4385 = DIRECTION('',(0.,0.,1.));
#4386 = DIRECTION('',(1.,0.,0.));
#4387 = DEFINITIONAL_REPRESENTATION('',(#4388),#4392);
#4388 = CIRCLE('',#4389,65.);
#4389 = AXIS2_PLACEMENT_2D('',#4390,#4391);
#4390 = CARTESIAN_POINT('',(1.469251517231E-04,2.30795684421E-04));
#4391 = DIRECTION('',(1.,0.));
#4392 = ( GEOMETRIC_REPRESENTATION_CONTEXT(2) 
PARAMETRIC_REPRESENTATION_CONTEXT() REPRESENTATION_CONTEXT('2D SPACE',''
  ) );
#4393 = ORIENTED_EDGE('',*,*,#4337,.F.);
#4394 = ORIENTED_EDGE('',*,*,#4395,.F.);
#4395 = EDGE_CURVE('',#4338,#4338,#4396,.T.);
#4396 = SURFACE_CURVE('',#4397,(#4402,#4409),.PCURVE_S1.);
#4397 = CIRCLE('',#4398,65.);
#4398 = AXIS2_PLACEMENT_3D('',#4399,#4400,#4401);
#4399 = CARTESIAN_POINT('',(0.,0.,0.));
#4400 = DIRECTION('',(0.,0.,1.));
#4401 = DIRECTION('',(1.,0.,0.));
#4402 = PCURVE('',#4348,#4403);
#4403 = DEFINITIONAL_REPRESENTATION('',(#4404),#4408);
#4404 = LINE('',#4405,#4406);
#4405 = CARTESIAN_POINT('',(-0.,0.));
#4406 = VECTOR('',#4407,1.);
#4407 = DIRECTION('',(-1.,0.));
#4408 = ( GEOMETRIC_REPRESENTATION_CONTEXT(2) 
PARAMETRIC_REPRESENTATION_CONTEXT() REPRESENTATION_CONTEXT('2D SPACE',''
  ) );
#4409 = PCURVE('',#4410,#4415);
#4410 = PLANE('',#4411);
#4411 = AXIS2_PLACEMENT_3D('',#4412,#4413,#4414);
#4412 = CARTESIAN_POINT('',(-1.469251517231E-04,-2.30795684421E-04,0.));
#4413 = DIRECTION('',(0.,0.,1.));
#4414 = DIRECTION('',(1.,0.,0.));
#4415 = DEFINITIONAL_REPRESENTATION('',(#4416),#4420);
#4416 = CIRCLE('',#4417,65.);
#4417 = AXIS2_PLACEMENT_2D('',#4418,#4419);
#4418 = CARTESIAN_POINT('',(1.469251517231E-04,2.30795684421E-04));
#4419 = DIRECTION('',(1.,0.));
#4420 = ( GEOMETRIC_REPRESENTATION_CONTEXT(2) 
PARAMETRIC_REPRESENTATION_CONTEXT() REPRESENTATION_CONTEXT('2D SPACE',''
  ) );
#4421 = ADVANCED_FACE('',(#4422),#4436,.F.);
#4422 = FACE_BOUND('',#4423,.T.);
#4423 = EDGE_LOOP('',(#4424,#4454,#4476,#4477));
#4424 = ORIENTED_EDGE('',*,*,#4425,.T.);
#4425 = EDGE_CURVE('',#4426,#4428,#4430,.T.);
#4426 = VERTEX_POINT('',#4427);
#4427 = CARTESIAN_POINT('',(3.15,0.,0.));
#4428 = VERTEX_POINT('',#4429);
#4429 = CARTESIAN_POINT('',(3.15,0.,6.));
#4430 = SEAM_CURVE('',#4431,(#4435,#4447),.PCURVE_S1.);
#4431 = LINE('',#4432,#4433);
#4432 = CARTESIAN_POINT('',(3.15,0.,0.));
#4433 = VECTOR('',#4434,1.);
#4434 = DIRECTION('',(0.,0.,1.));
#4435 = PCURVE('',#4436,#4441);
#4436 = CYLINDRICAL_SURFACE('',#4437,3.15);
#4437 = AXIS2_PLACEMENT_3D('',#4438,#4439,#4440);
#4438 = CARTESIAN_POINT('',(0.,0.,0.));
#4439 = DIRECTION('',(-0.,-0.,-1.));
#4440 = DIRECTION('',(1.,0.,0.));
#4441 = DEFINITIONAL_REPRESENTATION('',(#4442),#4446);
#4442 = LINE('',#4443,#4444);
#4443 = CARTESIAN_POINT('',(-0.,0.));
#4444 = VECTOR('',#4445,1.);
#4445 = DIRECTION('',(-0.,-1.));
#4446 = ( GEOMETRIC_REPRESENTATION_CONTEXT(2) 
PARAMETRIC_REPRESENTATION_CONTEXT() REPRESENTATION_CONTEXT('2D SPACE',''
  ) );
#4447 = PCURVE('',#4436,#4448);
#4448 = DEFINITIONAL_REPRESENTATION('',(#4449),#4453);
#4449 = LINE('',#4450,#4451);
#4450 = CARTESIAN_POINT('',(-6.28318530718,0.));
#4451 = VECTOR('',#4452,1.);
#4452 = DIRECTION('',(-0.,-1.));
#4453 = ( GEOMETRIC_REPRESENTATION_CONTEXT(2) 
PARAMETRIC_REPRESENTATION_CONTEXT() REPRESENTATION_CONTEXT('2D SPACE',''
  ) );
#4454 = ORIENTED_EDGE('',*,*,#4455,.T.);
#4455 = EDGE_CURVE('',#4428,#4428,#4456,.T.);
#4456 = SURFACE_CURVE('',#4457,(#4462,#4469),.PCURVE_S1.);
#4457 = CIRCLE('',#4458,3.15);
#4458 = AXIS2_PLACEMENT_3D('',#4459,#4460,#4461);
#4459 = CARTESIAN_POINT('',(0.,0.,6.));
#4460 = DIRECTION('',(0.,0.,1.));
#4461 = DIRECTION('',(1.,0.,0.));
#4462 = PCURVE('',#4436,#4463);
#4463 = DEFINITIONAL_REPRESENTATION('',(#4464),#4468);
#4464 = LINE('',#4465,#4466);
#4465 = CARTESIAN_POINT('',(-0.,-6.));
#4466 = VECTOR('',#4467,1.);
#4467 = DIRECTION('',(-1.,0.));
#4468 = ( GEOMETRIC_REPRESENTATION_CONTEXT(2) 
PARAMETRIC_REPRESENTATION_CONTEXT() REPRESENTATION_CONTEXT('2D SPACE',''
  ) );
#4469 = PCURVE('',#4382,#4470);
#4470 = DEFINITIONAL_REPRESENTATION('',(#4471),#4475);
#4471 = CIRCLE('',#4472,3.15);
#4472 = AXIS2_PLACEMENT_2D('',#4473,#4474);
#4473 = CARTESIAN_POINT('',(1.469251517231E-04,2.30795684421E-04));
#4474 = DIRECTION('',(1.,0.));
#4475 = ( GEOMETRIC_REPRESENTATION_CONTEXT(2) 
PARAMETRIC_REPRESENTATION_CONTEXT() REPRESENTATION_CONTEXT('2D SPACE',''
  ) );
#4476 = ORIENTED_EDGE('',*,*,#4425,.F.);
#4477 = ORIENTED_EDGE('',*,*,#4478,.F.);
#4478 = EDGE_CURVE('',#4426,#4426,#4479,.T.);
#4479 = SURFACE_CURVE('',#4480,(#4485,#4492),.PCURVE_S1.);
#4480 = CIRCLE('',#4481,3.15);
#4481 = AXIS2_PLACEMENT_3D('',#4482,#4483,#4484);
#4482 = CARTESIAN_POINT('',(0.,0.,0.));
#4483 = DIRECTION('',(0.,0.,1.));
#4484 = DIRECTION('',(1.,0.,0.));
#4485 = PCURVE('',#4436,#4486);
#4486 = DEFINITIONAL_REPRESENTATION('',(#4487),#4491);
#4487 = LINE('',#4488,#4489);
#4488 = CARTESIAN_POINT('',(-0.,0.));
#4489 = VECTOR('',#4490,1.);
#4490 = DIRECTION('',(-1.,0.));
#4491 = ( GEOMETRIC_REPRESENTATION_CONTEXT(2) 
PARAMETRIC_REPRESENTATION_CONTEXT() REPRESENTATION_CONTEXT('2D SPACE',''
  ) );
#4492 = PCURVE('',#4410,#4493);
#4493 = DEFINITIONAL_REPRESENTATION('',(#4494),#4498);
#4494 = CIRCLE('',#4495,3.15);
#4495 = AXIS2_PLACEMENT_2D('',#4496,#4497);
#4496 = CARTESIAN_POINT('',(1.469251517231E-04,2.30795684421E-04));
#4497 = DIRECTION('',(1.,0.));
#4498 = ( GEOMETRIC_REPRESENTATION_CONTEXT(2) 
PARAMETRIC_REPRESENTATION_CONTEXT() REPRESENTATION_CONTEXT('2D SPACE',''
  ) );
#4499 = ADVANCED_FACE('',(#4500),#4514,.F.);
#4500 = FACE_BOUND('',#4501,.T.);
#4501 = EDGE_LOOP('',(#4502,#4532,#4554,#4555));
#4502 = ORIENTED_EDGE('',*,*,#4503,.T.);
#4503 = EDGE_CURVE('',#4504,#4506,#4508,.T.);
#4504 = VERTEX_POINT('',#4505);
#4505 = CARTESIAN_POINT('',(1.5,-60.007751,0.));
#4506 = VERTEX_POINT('',#4507);
#4507 = CARTESIAN_POINT('',(1.5,-60.007751,6.));
#4508 = SEAM_CURVE('',#4509,(#4513,#4525),.PCURVE_S1.);
#4509 = LINE('',#4510,#4511);
#4510 = CARTESIAN_POINT('',(1.5,-60.007751,0.));
#4511 = VECTOR('',#4512,1.);
#4512 = DIRECTION('',(0.,0.,1.));
#4513 = PCURVE('',#4514,#4519);
#4514 = CYLINDRICAL_SURFACE('',#4515,1.5);
#4515 = AXIS2_PLACEMENT_3D('',#4516,#4517,#4518);
#4516 = CARTESIAN_POINT('',(0.,-60.007751,0.));
#4517 = DIRECTION('',(-0.,-0.,-1.));
#4518 = DIRECTION('',(1.,0.,0.));
#4519 = DEFINITIONAL_REPRESENTATION('',(#4520),#4524);
#4520 = LINE('',#4521,#4522);
#4521 = CARTESIAN_POINT('',(-0.,0.));
#4522 = VECTOR('',#4523,1.);
#4523 = DIRECTION('',(-0.,-1.));
#4524 = ( GEOMETRIC_REPRESENTATION_CONTEXT(2) 
PARAMETRIC_REPRESENTATION_CONTEXT() REPRESENTATION_CONTEXT('2D SPACE',''
  ) );
#4525 = PCURVE('',#4514,#4526);
#4526 = DEFINITIONAL_REPRESENTATION('',(#4527),#4531);
#4527 = LINE('',#4528,#4529);
#4528 = CARTESIAN_POINT('',(-6.28318530718,0.));
#4529 = VECTOR('',#4530,1.);
#4530 = DIRECTION('',(-0.,-1.));
#4531 = ( GEOMETRIC_REPRESENTATION_CONTEXT(2) 
PARAMETRIC_REPRESENTATION_CONTEXT() REPRESENTATION_CONTEXT('2D SPACE',''
  ) );
#4532 = ORIENTED_EDGE('',*,*,#4533,.T.);
#4533 = EDGE_CURVE('',#4506,#4506,#4534,.T.);
#4534 = SURFACE_CURVE('',#4535,(#4540,#4547),.PCURVE_S1.);
#4535 = CIRCLE('',#4536,1.5);
#4536 = AXIS2_PLACEMENT_3D('',#4537,#4538,#4539);
#4537 = CARTESIAN_POINT('',(0.,-60.007751,6.));
#4538 = DIRECTION('',(0.,0.,1.));
#4539 = DIRECTION('',(1.,0.,0.));
#4540 = PCURVE('',#4514,#4541);
#4541 = DEFINITIONAL_REPRESENTATION('',(#4542),#4546);
#4542 = LINE('',#4543,#4544);
#4543 = CARTESIAN_POINT('',(-0.,-6.));
#4544 = VECTOR('',#4545,1.);
#4545 = DIRECTION('',(-1.,0.));
#4546 = ( GEOMETRIC_REPRESENTATION_CONTEXT(2) 
PARAMETRIC_REPRESENTATION_CONTEXT() REPRESENTATION_CONTEXT('2D SPACE',''
  ) );
#4547 = PCURVE('',#4382,#4548);
#4548 = DEFINITIONAL_REPRESENTATION('',(#4549),#4553);
#4549 = CIRCLE('',#4550,1.5);
#4550 = AXIS2_PLACEMENT_2D('',#4551,#4552);
#4551 = CARTESIAN_POINT('',(1.469251517231E-04,-60.00752020431));
#4552 = DIRECTION('',(1.,0.));
#4553 = ( GEOMETRIC_REPRESENTATION_CONTEXT(2) 
PARAMETRIC_REPRESENTATION_CONTEXT() REPRESENTATION_CONTEXT('2D SPACE',''
  ) );
#4554 = ORIENTED_EDGE('',*,*,#4503,.F.);
#4555 = ORIENTED_EDGE('',*,*,#4556,.F.);
#4556 = EDGE_CURVE('',#4504,#4504,#4557,.T.);
#4557 = SURFACE_CURVE('',#4558,(#4563,#4570),.PCURVE_S1.);
#4558 = CIRCLE('',#4559,1.5);
#4559 = AXIS2_PLACEMENT_3D('',#4560,#4561,#4562);
#4560 = CARTESIAN_POINT('',(0.,-60.007751,0.));
#4561 = DIRECTION('',(0.,0.,1.));
#4562 = DIRECTION('',(1.,0.,0.));
#4563 = PCURVE('',#4514,#4564);
#4564 = DEFINITIONAL_REPRESENTATION('',(#4565),#4569);
#4565 = LINE('',#4566,#4567);
#4566 = CARTESIAN_POINT('',(-0.,0.));
#4567 = VECTOR('',#4568,1.);
#4568 = DIRECTION('',(-1.,0.));
#4569 = ( GEOMETRIC_REPRESENTATION_CONTEXT(2) 
PARAMETRIC_REPRESENTATION_CONTEXT() REPRESENTATION_CONTEXT('2D SPACE',''
  ) );
#4570 = PCURVE('',#4410,#4571);
#4571 = DEFINITIONAL_REPRESENTATION('',(#4572),#4576);
#4572 = CIRCLE('',#4573,1.5);
#4573 = AXIS2_PLACEMENT_2D('',#4574,#4575);
#4574 = CARTESIAN_POINT('',(1.469251517231E-04,-60.00752020431));
#4575 = DIRECTION('',(1.,0.));
#4576 = ( GEOMETRIC_REPRESENTATION_CONTEXT(2) 
PARAMETRIC_REPRESENTATION_CONTEXT() REPRESENTATION_CONTEXT('2D SPACE',''
  ) );
#4577 = ADVANCED_FACE('',(#4578),#4592,.F.);
#4578 = FACE_BOUND('',#4579,.T.);
#4579 = EDGE_LOOP('',(#4580,#4610,#4632,#4633));
#4580 = ORIENTED_EDGE('',*,*,#4581,.T.);
#4581 = EDGE_CURVE('',#4582,#4584,#4586,.T.);
#4582 = VERTEX_POINT('',#4583);
#4583 = CARTESIAN_POINT('',(61.481735,0.,0.));
#4584 = VERTEX_POINT('',#4585);
#4585 = CARTESIAN_POINT('',(61.481735,0.,6.));
#4586 = SEAM_CURVE('',#4587,(#4591,#4603),.PCURVE_S1.);
#4587 = LINE('',#4588,#4589);
#4588 = CARTESIAN_POINT('',(61.481735,0.,0.));
#4589 = VECTOR('',#4590,1.);
#4590 = DIRECTION('',(0.,0.,1.));
#4591 = PCURVE('',#4592,#4597);
#4592 = CYLINDRICAL_SURFACE('',#4593,1.5);
#4593 = AXIS2_PLACEMENT_3D('',#4594,#4595,#4596);
#4594 = CARTESIAN_POINT('',(59.981735,0.,0.));
#4595 = DIRECTION('',(-0.,-0.,-1.));
#4596 = DIRECTION('',(1.,0.,0.));
#4597 = DEFINITIONAL_REPRESENTATION('',(#4598),#4602);
#4598 = LINE('',#4599,#4600);
#4599 = CARTESIAN_POINT('',(-0.,0.));
#4600 = VECTOR('',#4601,1.);
#4601 = DIRECTION('',(-0.,-1.));
#4602 = ( GEOMETRIC_REPRESENTATION_CONTEXT(2) 
PARAMETRIC_REPRESENTATION_CONTEXT() REPRESENTATION_CONTEXT('2D SPACE',''
  ) );
#4603 = PCURVE('',#4592,#4604);
#4604 = DEFINITIONAL_REPRESENTATION('',(#4605),#4609);
#4605 = LINE('',#4606,#4607);
#4606 = CARTESIAN_POINT('',(-6.28318530718,0.));
#4607 = VECTOR('',#4608,1.);
#4608 = DIRECTION('',(-0.,-1.));
#4609 = ( GEOMETRIC_REPRESENTATION_CONTEXT(2) 
PARAMETRIC_REPRESENTATION_CONTEXT() REPRESENTATION_CONTEXT('2D SPACE',''
  ) );
#4610 = ORIENTED_EDGE('',*,*,#4611,.T.);
#4611 = EDGE_CURVE('',#4584,#4584,#4612,.T.);
#4612 = SURFACE_CURVE('',#4613,(#4618,#4625),.PCURVE_S1.);
#4613 = CIRCLE('',#4614,1.5);
#4614 = AXIS2_PLACEMENT_3D('',#4615,#4616,#4617);
#4615 = CARTESIAN_POINT('',(59.981735,0.,6.));
#4616 = DIRECTION('',(0.,0.,1.));
#4617 = DIRECTION('',(1.,0.,0.));
#4618 = PCURVE('',#4592,#4619);
#4619 = DEFINITIONAL_REPRESENTATION('',(#4620),#4624);
#4620 = LINE('',#4621,#4622);
#4621 = CARTESIAN_POINT('',(-0.,-6.));
#4622 = VECTOR('',#4623,1.);
#4623 = DIRECTION('',(-1.,0.));
#4624 = ( GEOMETRIC_REPRESENTATION_CONTEXT(2) 
PARAMETRIC_REPRESENTATION_CONTEXT() REPRESENTATION_CONTEXT('2D SPACE',''
  ) );
#4625 = PCURVE('',#4382,#4626);
#4626 = DEFINITIONAL_REPRESENTATION('',(#4627),#4631);
#4627 = CIRCLE('',#4628,1.5);
#4628 = AXIS2_PLACEMENT_2D('',#4629,#4630);
#4629 = CARTESIAN_POINT('',(59.981881925152,2.30795684421E-04));
#4630 = DIRECTION('',(1.,0.));
#4631 = ( GEOMETRIC_REPRESENTATION_CONTEXT(2) 
PARAMETRIC_REPRESENTATION_CONTEXT() REPRESENTATION_CONTEXT('2D SPACE',''
  ) );
#4632 = ORIENTED_EDGE('',*,*,#4581,.F.);
#4633 = ORIENTED_EDGE('',*,*,#4634,.F.);
#4634 = EDGE_CURVE('',#4582,#4582,#4635,.T.);
#4635 = SURFACE_CURVE('',#4636,(#4641,#4648),.PCURVE_S1.);
#4636 = CIRCLE('',#4637,1.5);
#4637 = AXIS2_PLACEMENT_3D('',#4638,#4639,#4640);
#4638 = CARTESIAN_POINT('',(59.981735,0.,0.));
#4639 = DIRECTION('',(0.,0.,1.));
#4640 = DIRECTION('',(1.,0.,0.));
#4641 = PCURVE('',#4592,#4642);
#4642 = DEFINITIONAL_REPRESENTATION('',(#4643),#4647);
#4643 = LINE('',#4644,#4645);
#4644 = CARTESIAN_POINT('',(-0.,0.));
#4645 = VECTOR('',#4646,1.);
#4646 = DIRECTION('',(-1.,0.));
#4647 = ( GEOMETRIC_REPRESENTATION_CONTEXT(2) 
PARAMETRIC_REPRESENTATION_CONTEXT() REPRESENTATION_CONTEXT('2D SPACE',''
  ) );
#4648 = PCURVE('',#4410,#4649);
#4649 = DEFINITIONAL_REPRESENTATION('',(#4650),#4654);
#4650 = CIRCLE('',#4651,1.5);
#4651 = AXIS2_PLACEMENT_2D('',#4652,#4653);
#4652 = CARTESIAN_POINT('',(59.981881925152,2.30795684421E-04));
#4653 = DIRECTION('',(1.,0.));
#4654 = ( GEOMETRIC_REPRESENTATION_CONTEXT(2) 
PARAMETRIC_REPRESENTATION_CONTEXT() REPRESENTATION_CONTEXT('2D SPACE',''
  ) );
#4655 = ADVANCED_FACE('',(#4656),#4670,.F.);
#4656 = FACE_BOUND('',#4657,.T.);
#4657 = EDGE_LOOP('',(#4658,#4688,#4710,#4711));
#4658 = ORIENTED_EDGE('',*,*,#4659,.T.);
#4659 = EDGE_CURVE('',#4660,#4662,#4664,.T.);
#4660 = VERTEX_POINT('',#4661);
#4661 = CARTESIAN_POINT('',(1.5,59.996342,0.));
#4662 = VERTEX_POINT('',#4663);
#4663 = CARTESIAN_POINT('',(1.5,59.996342,6.));
#4664 = SEAM_CURVE('',#4665,(#4669,#4681),.PCURVE_S1.);
#4665 = LINE('',#4666,#4667);
#4666 = CARTESIAN_POINT('',(1.5,59.996342,0.));
#4667 = VECTOR('',#4668,1.);
#4668 = DIRECTION('',(0.,0.,1.));
#4669 = PCURVE('',#4670,#4675);
#4670 = CYLINDRICAL_SURFACE('',#4671,1.5);
#4671 = AXIS2_PLACEMENT_3D('',#4672,#4673,#4674);
#4672 = CARTESIAN_POINT('',(0.,59.996342,0.));
#4673 = DIRECTION('',(-0.,-0.,-1.));
#4674 = DIRECTION('',(1.,0.,0.));
#4675 = DEFINITIONAL_REPRESENTATION('',(#4676),#4680);
#4676 = LINE('',#4677,#4678);
#4677 = CARTESIAN_POINT('',(-0.,0.));
#4678 = VECTOR('',#4679,1.);
#4679 = DIRECTION('',(-0.,-1.));
#4680 = ( GEOMETRIC_REPRESENTATION_CONTEXT(2) 
PARAMETRIC_REPRESENTATION_CONTEXT() REPRESENTATION_CONTEXT('2D SPACE',''
  ) );
#4681 = PCURVE('',#4670,#4682);
#4682 = DEFINITIONAL_REPRESENTATION('',(#4683),#4687);
#4683 = LINE('',#4684,#4685);
#4684 = CARTESIAN_POINT('',(-6.28318530718,0.));
#4685 = VECTOR('',#4686,1.);
#4686 = DIRECTION('',(-0.,-1.));
#4687 = ( GEOMETRIC_REPRESENTATION_CONTEXT(2) 
PARAMETRIC_REPRESENTATION_CONTEXT() REPRESENTATION_CONTEXT('2D SPACE',''
  ) );
#4688 = ORIENTED_EDGE('',*,*,#4689,.T.);
#4689 = EDGE_CURVE('',#4662,#4662,#4690,.T.);
#4690 = SURFACE_CURVE('',#4691,(#4696,#4703),.PCURVE_S1.);
#4691 = CIRCLE('',#4692,1.5);
#4692 = AXIS2_PLACEMENT_3D('',#4693,#4694,#4695);
#4693 = CARTESIAN_POINT('',(0.,59.996342,6.));
#4694 = DIRECTION('',(0.,0.,1.));
#4695 = DIRECTION('',(1.,0.,0.));
#4696 = PCURVE('',#4670,#4697);
#4697 = DEFINITIONAL_REPRESENTATION('',(#4698),#4702);
#4698 = LINE('',#4699,#4700);
#4699 = CARTESIAN_POINT('',(-0.,-6.));
#4700 = VECTOR('',#4701,1.);
#4701 = DIRECTION('',(-1.,0.));
#4702 = ( GEOMETRIC_REPRESENTATION_CONTEXT(2) 
PARAMETRIC_REPRESENTATION_CONTEXT() REPRESENTATION_CONTEXT('2D SPACE',''
  ) );
#4703 = PCURVE('',#4382,#4704);
#4704 = DEFINITIONAL_REPRESENTATION('',(#4705),#4709);
#4705 = CIRCLE('',#4706,1.5);
#4706 = AXIS2_PLACEMENT_2D('',#4707,#4708);
#4707 = CARTESIAN_POINT('',(1.469251517231E-04,59.996572795684));
#4708 = DIRECTION('',(1.,0.));
#4709 = ( GEOMETRIC_REPRESENTATION_CONTEXT(2) 
PARAMETRIC_REPRESENTATION_CONTEXT() REPRESENTATION_CONTEXT('2D SPACE',''
  ) );
#4710 = ORIENTED_EDGE('',*,*,#4659,.F.);
#4711 = ORIENTED_EDGE('',*,*,#4712,.F.);
#4712 = EDGE_CURVE('',#4660,#4660,#4713,.T.);
#4713 = SURFACE_CURVE('',#4714,(#4719,#4726),.PCURVE_S1.);
#4714 = CIRCLE('',#4715,1.5);
#4715 = AXIS2_PLACEMENT_3D('',#4716,#4717,#4718);
#4716 = CARTESIAN_POINT('',(0.,59.996342,0.));
#4717 = DIRECTION('',(0.,0.,1.));
#4718 = DIRECTION('',(1.,0.,0.));
#4719 = PCURVE('',#4670,#4720);
#4720 = DEFINITIONAL_REPRESENTATION('',(#4721),#4725);
#4721 = LINE('',#4722,#4723);
#4722 = CARTESIAN_POINT('',(-0.,0.));
#4723 = VECTOR('',#4724,1.);
#4724 = DIRECTION('',(-1.,0.));
#4725 = ( GEOMETRIC_REPRESENTATION_CONTEXT(2) 
PARAMETRIC_REPRESENTATION_CONTEXT() REPRESENTATION_CONTEXT('2D SPACE',''
  ) );
#4726 = PCURVE('',#4410,#4727);
#4727 = DEFINITIONAL_REPRESENTATION('',(#4728),#4732);
#4728 = CIRCLE('',#4729,1.5);
#4729 = AXIS2_PLACEMENT_2D('',#4730,#4731);
#4730 = CARTESIAN_POINT('',(1.469251517231E-04,59.996572795684));
#4731 = DIRECTION('',(1.,0.));
#4732 = ( GEOMETRIC_REPRESENTATION_CONTEXT(2) 
PARAMETRIC_REPRESENTATION_CONTEXT() REPRESENTATION_CONTEXT('2D SPACE',''
  ) );
#4733 = ADVANCED_FACE('',(#4734),#4748,.F.);
#4734 = FACE_BOUND('',#4735,.T.);
#4735 = EDGE_LOOP('',(#4736,#4766,#4788,#4789));
#4736 = ORIENTED_EDGE('',*,*,#4737,.T.);
#4737 = EDGE_CURVE('',#4738,#4740,#4742,.T.);
#4738 = VERTEX_POINT('',#4739);
#4739 = CARTESIAN_POINT('',(-58.488998,0.,0.));
#4740 = VERTEX_POINT('',#4741);
#4741 = CARTESIAN_POINT('',(-58.488998,0.,6.));
#4742 = SEAM_CURVE('',#4743,(#4747,#4759),.PCURVE_S1.);
#4743 = LINE('',#4744,#4745);
#4744 = CARTESIAN_POINT('',(-58.488998,0.,0.));
#4745 = VECTOR('',#4746,1.);
#4746 = DIRECTION('',(0.,0.,1.));
#4747 = PCURVE('',#4748,#4753);
#4748 = CYLINDRICAL_SURFACE('',#4749,1.5);
#4749 = AXIS2_PLACEMENT_3D('',#4750,#4751,#4752);
#4750 = CARTESIAN_POINT('',(-59.988998,0.,0.));
#4751 = DIRECTION('',(-0.,-0.,-1.));
#4752 = DIRECTION('',(1.,0.,0.));
#4753 = DEFINITIONAL_REPRESENTATION('',(#4754),#4758);
#4754 = LINE('',#4755,#4756);
#4755 = CARTESIAN_POINT('',(-0.,0.));
#4756 = VECTOR('',#4757,1.);
#4757 = DIRECTION('',(-0.,-1.));
#4758 = ( GEOMETRIC_REPRESENTATION_CONTEXT(2) 
PARAMETRIC_REPRESENTATION_CONTEXT() REPRESENTATION_CONTEXT('2D SPACE',''
  ) );
#4759 = PCURVE('',#4748,#4760);
#4760 = DEFINITIONAL_REPRESENTATION('',(#4761),#4765);
#4761 = LINE('',#4762,#4763);
#4762 = CARTESIAN_POINT('',(-6.28318530718,0.));
#4763 = VECTOR('',#4764,1.);
#4764 = DIRECTION('',(-0.,-1.));
#4765 = ( GEOMETRIC_REPRESENTATION_CONTEXT(2) 
PARAMETRIC_REPRESENTATION_CONTEXT() REPRESENTATION_CONTEXT('2D SPACE',''
  ) );
#4766 = ORIENTED_EDGE('',*,*,#4767,.T.);
#4767 = EDGE_CURVE('',#4740,#4740,#4768,.T.);
#4768 = SURFACE_CURVE('',#4769,(#4774,#4781),.PCURVE_S1.);
#4769 = CIRCLE('',#4770,1.5);
#4770 = AXIS2_PLACEMENT_3D('',#4771,#4772,#4773);
#4771 = CARTESIAN_POINT('',(-59.988998,0.,6.));
#4772 = DIRECTION('',(0.,0.,1.));
#4773 = DIRECTION('',(1.,0.,0.));
#4774 = PCURVE('',#4748,#4775);
#4775 = DEFINITIONAL_REPRESENTATION('',(#4776),#4780);
#4776 = LINE('',#4777,#4778);
#4777 = CARTESIAN_POINT('',(-0.,-6.));
#4778 = VECTOR('',#4779,1.);
#4779 = DIRECTION('',(-1.,0.));
#4780 = ( GEOMETRIC_REPRESENTATION_CONTEXT(2) 
PARAMETRIC_REPRESENTATION_CONTEXT() REPRESENTATION_CONTEXT('2D SPACE',''
  ) );
#4781 = PCURVE('',#4382,#4782);
#4782 = DEFINITIONAL_REPRESENTATION('',(#4783),#4787);
#4783 = CIRCLE('',#4784,1.5);
#4784 = AXIS2_PLACEMENT_2D('',#4785,#4786);
#4785 = CARTESIAN_POINT('',(-59.98885107484,2.30795684421E-04));
#4786 = DIRECTION('',(1.,0.));
#4787 = ( GEOMETRIC_REPRESENTATION_CONTEXT(2) 
PARAMETRIC_REPRESENTATION_CONTEXT() REPRESENTATION_CONTEXT('2D SPACE',''
  ) );
#4788 = ORIENTED_EDGE('',*,*,#4737,.F.);
#4789 = ORIENTED_EDGE('',*,*,#4790,.F.);
#4790 = EDGE_CURVE('',#4738,#4738,#4791,.T.);
#4791 = SURFACE_CURVE('',#4792,(#4797,#4804),.PCURVE_S1.);
#4792 = CIRCLE('',#4793,1.5);
#4793 = AXIS2_PLACEMENT_3D('',#4794,#4795,#4796);
#4794 = CARTESIAN_POINT('',(-59.988998,0.,0.));
#4795 = DIRECTION('',(0.,0.,1.));
#4796 = DIRECTION('',(1.,0.,0.));
#4797 = PCURVE('',#4748,#4798);
#4798 = DEFINITIONAL_REPRESENTATION('',(#4799),#4803);
#4799 = LINE('',#4800,#4801);
#4800 = CARTESIAN_POINT('',(-0.,0.));
#4801 = VECTOR('',#4802,1.);
#4802 = DIRECTION('',(-1.,0.));
#4803 = ( GEOMETRIC_REPRESENTATION_CONTEXT(2) 
PARAMETRIC_REPRESENTATION_CONTEXT() REPRESENTATION_CONTEXT('2D SPACE',''
  ) );
#4804 = PCURVE('',#4410,#4805);
#4805 = DEFINITIONAL_REPRESENTATION('',(#4806),#4810);
#4806 = CIRCLE('',#4807,1.5);
#4807 = AXIS2_PLACEMENT_2D('',#4808,#4809);
#4808 = CARTESIAN_POINT('',(-59.98885107484,2.30795684421E-04));
#4809 = DIRECTION('',(1.,0.));
#4810 = ( GEOMETRIC_REPRESENTATION_CONTEXT(2) 
PARAMETRIC_REPRESENTATION_CONTEXT() REPRESENTATION_CONTEXT('2D SPACE',''
  ) );
#4811 = ADVANCED_FACE('',(#4812,#4815,#4818,#4821,#4824,#4827),#4410,.F.
  );
#4812 = FACE_BOUND('',#4813,.F.);
#4813 = EDGE_LOOP('',(#4814));
#4814 = ORIENTED_EDGE('',*,*,#4395,.T.);
#4815 = FACE_BOUND('',#4816,.T.);
#4816 = EDGE_LOOP('',(#4817));
#4817 = ORIENTED_EDGE('',*,*,#4478,.T.);
#4818 = FACE_BOUND('',#4819,.T.);
#4819 = EDGE_LOOP('',(#4820));
#4820 = ORIENTED_EDGE('',*,*,#4556,.T.);
#4821 = FACE_BOUND('',#4822,.T.);
#4822 = EDGE_LOOP('',(#4823));
#4823 = ORIENTED_EDGE('',*,*,#4634,.T.);
#4824 = FACE_BOUND('',#4825,.T.);
#4825 = EDGE_LOOP('',(#4826));
#4826 = ORIENTED_EDGE('',*,*,#4712,.T.);
#4827 = FACE_BOUND('',#4828,.T.);
#4828 = EDGE_LOOP('',(#4829));
#4829 = ORIENTED_EDGE('',*,*,#4790,.T.);
#4830 = ADVANCED_FACE('',(#4831,#4834,#4837,#4840,#4843,#4846),#4382,.T.
  );
#4831 = FACE_BOUND('',#4832,.T.);
#4832 = EDGE_LOOP('',(#4833));
#4833 = ORIENTED_EDGE('',*,*,#4367,.T.);
#4834 = FACE_BOUND('',#4835,.F.);
#4835 = EDGE_LOOP('',(#4836));
#4836 = ORIENTED_EDGE('',*,*,#4455,.T.);
#4837 = FACE_BOUND('',#4838,.F.);
#4838 = EDGE_LOOP('',(#4839));
#4839 = ORIENTED_EDGE('',*,*,#4533,.T.);
#4840 = FACE_BOUND('',#4841,.F.);
#4841 = EDGE_LOOP('',(#4842));
#4842 = ORIENTED_EDGE('',*,*,#4611,.T.);
#4843 = FACE_BOUND('',#4844,.F.);
#4844 = EDGE_LOOP('',(#4845));
#4845 = ORIENTED_EDGE('',*,*,#4689,.T.);
#4846 = FACE_BOUND('',#4847,.F.);
#4847 = EDGE_LOOP('',(#4848));
#4848 = ORIENTED_EDGE('',*,*,#4767,.T.);
#4849 = ( GEOMETRIC_REPRESENTATION_CONTEXT(3) 
GLOBAL_UNCERTAINTY_ASSIGNED_CONTEXT((#4853)) 
GLOBAL_UNIT_ASSIGNED_CONTEXT((#4850,#4851,#4852)) REPRESENTATION_CONTEXT
('Context #1','3D Context with UNIT and UNCERTAINTY') );
#4850 = ( LENGTH_UNIT() NAMED_UNIT(*) SI_UNIT(.MILLI.,.METRE.) );
#4851 = ( NAMED_UNIT(*) PLANE_ANGLE_UNIT() SI_UNIT($,.RADIAN.) );
#4852 = ( NAMED_UNIT(*) SI_UNIT($,.STERADIAN.) SOLID_ANGLE_UNIT() );
#4853 = UNCERTAINTY_MEASURE_WITH_UNIT(LENGTH_MEASURE(1.E-07),#4850,
  'distance_accuracy_value','confusion accuracy');
#4854 = CONTEXT_DEPENDENT_SHAPE_REPRESENTATION(#4855,#4857);
#4855 = ( REPRESENTATION_RELATIONSHIP('','',#4330,#10) 
REPRESENTATION_RELATIONSHIP_WITH_TRANSFORMATION(#4856) 
SHAPE_REPRESENTATION_RELATIONSHIP() );
#4856 = ITEM_DEFINED_TRANSFORMATION('','',#11,#23);
#4857 = PRODUCT_DEFINITION_SHAPE('Placement','Placement of an item',
  #4858);
#4858 = NEXT_ASSEMBLY_USAGE_OCCURRENCE('3','bulkplate','',#5,#4325,$);
#4859 = PRODUCT_RELATED_PRODUCT_CATEGORY('part',$,(#4327));
#4860 = MECHANICAL_DESIGN_GEOMETRIC_PRESENTATION_REPRESENTATION('',(
    #4861),#4849);
#4861 = STYLED_ITEM('color',(#4862),#4331);
#4862 = PRESENTATION_STYLE_ASSIGNMENT((#4863,#4869));
#4863 = SURFACE_STYLE_USAGE(.BOTH.,#4864);
#4864 = SURFACE_SIDE_STYLE('',(#4865));
#4865 = SURFACE_STYLE_FILL_AREA(#4866);
#4866 = FILL_AREA_STYLE('',(#4867));
#4867 = FILL_AREA_STYLE_COLOUR('',#4868);
#4868 = COLOUR_RGB('',0.447059003357,0.474510015008,0.501960993452);
#4869 = CURVE_STYLE('',#4870,POSITIVE_LENGTH_MEASURE(0.1),#4871);
#4870 = DRAUGHTING_PRE_DEFINED_CURVE_FONT('continuous');
#4871 = COLOUR_RGB('',9.803921802644E-02,9.803921802644E-02,
  9.803921802644E-02);
#4872 = MECHANICAL_DESIGN_GEOMETRIC_PRESENTATION_REPRESENTATION('',(
    #4873),#2471);
#4873 = STYLED_ITEM('color',(#4874),#41);
#4874 = PRESENTATION_STYLE_ASSIGNMENT((#4875,#4880));
#4875 = SURFACE_STYLE_USAGE(.BOTH.,#4876);
#4876 = SURFACE_SIDE_STYLE('',(#4877));
#4877 = SURFACE_STYLE_FILL_AREA(#4878);
#4878 = FILL_AREA_STYLE('',(#4879));
#4879 = FILL_AREA_STYLE_COLOUR('',#4868);
#4880 = CURVE_STYLE('',#4881,POSITIVE_LENGTH_MEASURE(0.1),#4871);
#4881 = DRAUGHTING_PRE_DEFINED_CURVE_FONT('continuous');
#4882 = MECHANICAL_DESIGN_GEOMETRIC_PRESENTATION_REPRESENTATION('',(
    #4883),#4312);
#4883 = STYLED_ITEM('color',(#4884),#2490);
#4884 = PRESENTATION_STYLE_ASSIGNMENT((#4885,#4892));
#4885 = SURFACE_STYLE_USAGE(.BOTH.,#4886);
#4886 = SURFACE_SIDE_STYLE('',(#4887,#4890));
#4887 = SURFACE_STYLE_FILL_AREA(#4888);
#4888 = FILL_AREA_STYLE('',(#4889));
#4889 = FILL_AREA_STYLE_COLOUR('',#4868);
#4890 = SURFACE_STYLE_RENDERING_WITH_PROPERTIES(.NORMAL_SHADING.,#4868,(
    #4891));
#4891 = SURFACE_STYLE_TRANSPARENT(0.699999988079);
#4892 = CURVE_STYLE('',#4893,POSITIVE_LENGTH_MEASURE(0.1),#4871);
#4893 = DRAUGHTING_PRE_DEFINED_CURVE_FONT('continuous');
ENDSEC;
END-ISO-10303-21;
